pre,post,type,n_synapses,stage
ADAL,AIAL,chemical,1,6
ADAL,AIAL,chemical,2,7
ADAL,AIBL,chemical,1,6
ADAL,AIBL,chemical,2,7
ADAL,AIBR,chemical,1,1
ADAL,AIBR,chemical,1,2
ADAL,AIBR,chemical,1,4
ADAL,AIBR,chemical,1,7
ADAL,AIZL,chemical,1,4
ADAL,ASHL,chemical,1,5
ADAL,AVAL,chemical,1,1
ADAL,AVAL,chemical,1,3
ADAL,AVAL,chemical,1,4
ADAL,AVAL,chemical,1,5
ADAL,AVAL,chemical,1,7
ADAL,AVAL,chemical,2,8
ADAL,AVAL,chemical,3,6
ADAL,AVAR,chemical,1,1
ADAL,AVAR,chemical,1,6
ADAL,AVAR,chemical,1,8
ADAL,AVAR,chemical,2,2
ADAL,AVAR,chemical,2,3
ADAL,AVBL,chemical,1,2
ADAL,AVBL,chemical,3,1
ADAL,AVBL,chemical,3,3
ADAL,AVBL,chemical,3,4
ADAL,AVBL,chemical,7,7
ADAL,AVBL,chemical,8,5
ADAL,AVBL,chemical,9,6
ADAL,AVBL,chemical,16,8
ADAL,AVBR,chemical,1,3
ADAL,AVBR,chemical,2,2
ADAL,AVBR,chemical,2,4
ADAL,AVBR,chemical,2,6
ADAL,AVBR,chemical,3,5
ADAL,AVBR,chemical,6,8
ADAL,AVBR,chemical,7,7
ADAL,AVDR,chemical,1,1
ADAL,AVDR,chemical,1,2
ADAL,AVDR,chemical,1,8
ADAL,AVDR,chemical,2,4
ADAL,AVEL,chemical,1,5
ADAL,AVER,chemical,3,7
ADAL,AVHR,chemical,1,3
ADAL,AVHR,chemical,1,6
ADAL,AVJL,chemical,1,8
ADAL,AVJR,chemical,1,2
ADAL,AVJR,chemical,2,3
ADAL,AVJR,chemical,2,4
ADAL,AVJR,chemical,2,7
ADAL,AVJR,chemical,3,1
ADAL,AVJR,chemical,3,6
ADAL,AVJR,chemical,4,5
ADAL,AVJR,chemical,7,8
ADAL,DVA,chemical,2,7
ADAL,IL2DL,chemical,1,5
ADAL,OLQVL,chemical,1,5
ADAL,OLQVL,chemical,1,8
ADAL,PVPL,chemical,1,2
ADAL,PVPL,chemical,1,6
ADAL,RIAL,chemical,1,5
ADAL,RICL,chemical,1,6
ADAL,RICR,chemical,1,1
ADAL,RICR,chemical,1,2
ADAL,RICR,chemical,1,3
ADAL,RICR,chemical,2,7
ADAL,RID,chemical,1,2
ADAL,RIML,chemical,1,1
ADAL,RIML,chemical,2,2
ADAL,RIML,chemical,2,3
ADAL,RIML,chemical,3,4
ADAL,RIML,chemical,4,6
ADAL,RIML,chemical,5,5
ADAL,RIML,chemical,6,8
ADAL,RIML,chemical,7,7
ADAL,RIPL,chemical,1,4
ADAL,RIPL,chemical,1,6
ADAL,RIPL,chemical,4,5
ADAL,RIPL,chemical,5,7
ADAL,RIPL,chemical,7,8
ADAL,RIPR,chemical,2,8
ADAL,RMFL,chemical,2,8
ADAL,SAADL,chemical,1,8
ADAL,SAAVL,chemical,1,4
ADAL,SDQR,chemical,1,6
ADAL,SIBVL,chemical,1,5
ADAL,SMDDL,chemical,1,2
ADAL,SMDVR,chemical,1,8
ADAL,URXL,chemical,1,7
ADAR,ADER,chemical,1,7
ADAR,AIAR,chemical,1,5
ADAR,AIBL,chemical,1,1
ADAR,AIBL,chemical,1,5
ADAR,AIBL,chemical,2,7
ADAR,AIBR,chemical,1,5
ADAR,AIBR,chemical,1,7
ADAR,ASHR,chemical,1,5
ADAR,ASHR,chemical,1,6
ADAR,ASHR,chemical,2,2
ADAR,AVAL,chemical,1,1
ADAR,AVAL,chemical,1,2
ADAR,AVAL,chemical,1,3
ADAR,AVAL,chemical,1,5
ADAR,AVAL,chemical,1,7
ADAR,AVAL,chemical,1,8
ADAR,AVAL,chemical,3,6
ADAR,AVAR,chemical,1,2
ADAR,AVAR,chemical,1,3
ADAR,AVAR,chemical,1,7
ADAR,AVAR,chemical,2,6
ADAR,AVAR,chemical,2,8
ADAR,AVBL,chemical,1,1
ADAR,AVBL,chemical,1,4
ADAR,AVBL,chemical,2,2
ADAR,AVBL,chemical,2,3
ADAR,AVBL,chemical,2,5
ADAR,AVBL,chemical,2,7
ADAR,AVBL,chemical,4,6
ADAR,AVBL,chemical,5,8
ADAR,AVBR,chemical,1,1
ADAR,AVBR,chemical,3,2
ADAR,AVBR,chemical,3,3
ADAR,AVBR,chemical,4,4
ADAR,AVBR,chemical,8,5
ADAR,AVBR,chemical,10,6
ADAR,AVBR,chemical,12,7
ADAR,AVBR,chemical,19,8
ADAR,AVDL,chemical,1,1
ADAR,AVDL,chemical,1,2
ADAR,AVDL,chemical,1,7
ADAR,AVDL,chemical,2,6
ADAR,AVEL,chemical,1,4
ADAR,AVER,chemical,1,5
ADAR,AVER,chemical,1,7
ADAR,AVER,chemical,1,8
ADAR,AVJL,chemical,1,2
ADAR,AVJL,chemical,2,3
ADAR,AVJL,chemical,3,4
ADAR,AVJL,chemical,3,5
ADAR,AVJL,chemical,5,6
ADAR,AVJL,chemical,8,7
ADAR,AVJL,chemical,10,8
ADAR,DVA,chemical,1,4
ADAR,DVA,chemical,1,7
ADAR,OLQVR,chemical,1,4
ADAR,OLQVR,chemical,1,5
ADAR,OLQVR,chemical,1,6
ADAR,RICL,chemical,1,1
ADAR,RICL,chemical,1,2
ADAR,RICL,chemical,1,3
ADAR,RICL,chemical,1,4
ADAR,RICL,chemical,1,5
ADAR,RICL,chemical,1,7
ADAR,RICR,chemical,1,4
ADAR,RICR,chemical,1,8
ADAR,RICR,chemical,3,5
ADAR,RIFR,chemical,1,7
ADAR,RIMR,chemical,1,1
ADAR,RIMR,chemical,2,2
ADAR,RIMR,chemical,2,4
ADAR,RIMR,chemical,3,3
ADAR,RIMR,chemical,4,6
ADAR,RIMR,chemical,5,5
ADAR,RIMR,chemical,5,8
ADAR,RIMR,chemical,6,7
ADAR,RIPR,chemical,1,3
ADAR,RIPR,chemical,3,4
ADAR,RIPR,chemical,3,7
ADAR,RIPR,chemical,4,6
ADAR,RIPR,chemical,4,8
ADAR,RMFR,chemical,1,7
ADAR,RMFR,chemical,2,8
ADAR,SAADR,chemical,1,7
ADAR,SMDVL,chemical,1,7
ADAR,SMDVL,chemical,1,8
ADAR,URADR,chemical,1,4
ADAR,URAVR,chemical,1,5
ADAR,URXR,chemical,1,7
ADEL,ADAL,chemical,1,1
ADEL,ADAL,chemical,1,7
ADEL,ADAL,chemical,1,8
ADEL,ADAL,chemical,2,2
ADEL,ADAL,chemical,2,6
ADEL,ADEL,chemical,1,7
ADEL,ADER,chemical,1,2
ADEL,ADER,chemical,1,3
ADEL,ADER,chemical,1,5
ADEL,ADER,chemical,1,6
ADEL,ADER,chemical,4,8
ADEL,ADER,chemical,6,7
ADEL,AINL,chemical,1,6
ADEL,ALML,chemical,1,7
ADEL,ALNL,chemical,1,8
ADEL,ALNL,chemical,2,7
ADEL,AQR,chemical,2,7
ADEL,ASJL,chemical,1,7
ADEL,AVAL,chemical,1,2
ADEL,AVAL,chemical,1,8
ADEL,AVAR,chemical,1,3
ADEL,AVAR,chemical,2,1
ADEL,AVAR,chemical,2,2
ADEL,AVAR,chemical,2,4
ADEL,AVAR,chemical,2,5
ADEL,AVAR,chemical,2,6
ADEL,AVAR,chemical,2,7
ADEL,AVAR,chemical,3,8
ADEL,AVDL,chemical,2,6
ADEL,AVDR,chemical,1,1
ADEL,AVDR,chemical,1,4
ADEL,AVDR,chemical,1,6
ADEL,AVKL,chemical,1,4
ADEL,AVKL,chemical,2,7
ADEL,AVKR,chemical,1,7
ADEL,AVKR,chemical,1,8
ADEL,BDUL,chemical,1,7
ADEL,CEPDL,chemical,2,7
ADEL,CEPDL,chemical,2,8
ADEL,CEPVL,chemical,1,5
ADEL,CEPVL,chemical,1,6
ADEL,CEPVL,chemical,1,8
ADEL,CEPshDL,chemical,2,6
ADEL,CEPshDL,chemical,2,7
ADEL,CEPshDR,chemical,1,8
ADEL,CEPshVL,chemical,2,5
ADEL,FLPL,chemical,1,3
ADEL,FLPR,chemical,1,1
ADEL,IL1L,chemical,1,6
ADEL,IL1L,chemical,1,8
ADEL,IL1L,chemical,5,7
ADEL,IL2L,chemical,1,7
ADEL,IL2L,chemical,1,8
ADEL,IL2L,chemical,2,6
ADEL,OLLL,chemical,3,6
ADEL,OLLL,chemical,4,7
ADEL,PVCL,chemical,1,5
ADEL,PVT,chemical,1,8
ADEL,RIFL,chemical,1,4
ADEL,RIFL,chemical,1,8
ADEL,RIGL,chemical,1,6
ADEL,RIGL,chemical,2,4
ADEL,RIGL,chemical,3,5
ADEL,RIGL,chemical,6,7
ADEL,RIGL,chemical,6,8
ADEL,RIGR,chemical,1,3
ADEL,RIGR,chemical,2,5
ADEL,RIGR,chemical,4,6
ADEL,RIGR,chemical,9,7
ADEL,RIGR,chemical,12,8
ADEL,RIH,chemical,1,7
ADEL,RIS,chemical,1,4
ADEL,RIVL,chemical,1,6
ADEL,RIVL,chemical,1,8
ADEL,RIVR,chemical,1,7
ADEL,RIVR,chemical,2,8
ADEL,RMDDR,chemical,2,8
ADEL,RMDL,chemical,3,8
ADEL,RMDL,chemical,4,7
ADEL,RMDR,chemical,1,6
ADEL,RMDR,chemical,1,7
ADEL,RMER,chemical,1,7
ADEL,RMFR,chemical,1,7
ADEL,RMFR,chemical,4,8
ADEL,RMHR,chemical,1,6
ADEL,RMHR,chemical,2,8
ADEL,SAADL,chemical,1,4
ADEL,SAADR,chemical,1,3
ADEL,SAADR,chemical,1,6
ADEL,SAADR,chemical,1,7
ADEL,SAADR,chemical,2,8
ADEL,SAAVL,chemical,1,7
ADEL,SDQL,chemical,1,6
ADEL,SDQL,chemical,1,8
ADEL,SDQL,chemical,2,5
ADEL,SIBVR,chemical,2,7
ADEL,SMBDR,chemical,1,5
ADEL,SMBDR,chemical,2,7
ADEL,SMBDR,chemical,2,8
ADEL,SMDDR,chemical,1,8
ADEL,SMDVL,chemical,1,8
ADEL,SMDVR,chemical,1,4
ADEL,URBL,chemical,1,5
ADER,ADAR,chemical,1,2
ADER,ADAR,chemical,1,3
ADER,ADAR,chemical,1,5
ADER,ADAR,chemical,1,6
ADER,ADAR,chemical,1,7
ADER,ADAR,chemical,1,8
ADER,ADEL,chemical,1,3
ADER,ADEL,chemical,1,5
ADER,ADEL,chemical,2,7
ADER,ADEL,chemical,3,6
ADER,ADEL,chemical,3,8
ADER,AINR,chemical,2,8
ADER,ALMR,chemical,1,6
ADER,ALMR,chemical,1,8
ADER,ALNR,chemical,1,8
ADER,AQR,chemical,1,7
ADER,AQR,chemical,2,4
ADER,AVAL,chemical,1,2
ADER,AVAL,chemical,1,3
ADER,AVAL,chemical,1,5
ADER,AVAL,chemical,1,6
ADER,AVAL,chemical,2,4
ADER,AVAL,chemical,4,8
ADER,AVAL,chemical,7,7
ADER,AVAR,chemical,1,3
ADER,AVAR,chemical,1,5
ADER,AVAR,chemical,1,8
ADER,AVAR,chemical,2,6
ADER,AVAR,chemical,3,7
ADER,AVBR,chemical,1,7
ADER,AVDR,chemical,1,5
ADER,AVDR,chemical,1,6
ADER,AVDR,chemical,2,8
ADER,AVER,chemical,1,5
ADER,AVER,chemical,1,7
ADER,AVER,chemical,1,8
ADER,AVKL,chemical,1,5
ADER,AVKL,chemical,2,7
ADER,AVKR,chemical,3,8
ADER,BWM-DR04,chemical,1,6
ADER,BWM-DR04,chemical,2,7
ADER,BWM-VR04,chemical,1,6
ADER,CEPDR,chemical,1,6
ADER,CEPDR,chemical,1,7
ADER,CEPDR,chemical,1,8
ADER,CEPVR,chemical,1,5
ADER,CEPVR,chemical,1,8
ADER,CEPVR,chemical,2,7
ADER,CEPshDR,chemical,1,5
ADER,CEPshDR,chemical,2,7
ADER,CEPshVL,chemical,1,5
ADER,CEPshVR,chemical,1,5
ADER,CEPshVR,chemical,5,8
ADER,DVA,chemical,1,7
ADER,DVC,chemical,2,7
ADER,FLPL,chemical,1,2
ADER,FLPL,chemical,1,7
ADER,FLPL,chemical,1,8
ADER,FLPR,chemical,2,5
ADER,GLRR,chemical,2,6
ADER,IL1R,chemical,1,5
ADER,IL1R,chemical,1,6
ADER,IL1R,chemical,3,7
ADER,IL1R,chemical,4,8
ADER,IL2R,chemical,1,6
ADER,IL2R,chemical,2,7
ADER,IL2R,chemical,3,8
ADER,OLLR,chemical,2,7
ADER,OLLR,chemical,2,8
ADER,PVCR,chemical,1,1
ADER,PVNR,chemical,1,7
ADER,PVPL,chemical,1,7
ADER,PVR,chemical,1,5
ADER,PVR,chemical,1,6
ADER,PVR,chemical,2,8
ADER,PVT,chemical,1,8
ADER,RIGL,chemical,1,1
ADER,RIGL,chemical,2,5
ADER,RIGL,chemical,3,6
ADER,RIGL,chemical,10,7
ADER,RIGL,chemical,10,8
ADER,RIGR,chemical,1,1
ADER,RIGR,chemical,1,5
ADER,RIGR,chemical,2,4
ADER,RIGR,chemical,2,6
ADER,RIGR,chemical,6,8
ADER,RIGR,chemical,9,7
ADER,RIH,chemical,2,7
ADER,RIVL,chemical,3,7
ADER,RIVR,chemical,2,7
ADER,RIVR,chemical,3,8
ADER,RMDL,chemical,1,7
ADER,RMDL,chemical,1,8
ADER,RMDR,chemical,2,7
ADER,RMDR,chemical,2,8
ADER,RMFL,chemical,1,8
ADER,RMFL,chemical,4,7
ADER,RMFR,chemical,2,7
ADER,RMGR,chemical,1,7
ADER,RMHL,chemical,2,7
ADER,SAADL,chemical,1,7
ADER,SAADL,chemical,1,8
ADER,SAAVL,chemical,1,8
ADER,SDQR,chemical,1,5
ADER,SDQR,chemical,1,6
ADER,SIADL,chemical,1,8
ADER,SIBDL,chemical,1,6
ADER,SMBVR,chemical,1,7
ADER,SMBVR,chemical,1,8
ADER,URBR,chemical,1,7
ADER,URBR,chemical,1,8
ADFL,ADAL,chemical,1,7
ADFL,ADAL,chemical,2,4
ADFL,ADFR,chemical,1,4
ADFL,AFDL,chemical,1,4
ADFL,AIAL,chemical,2,8
ADFL,AIBL,chemical,1,5
ADFL,AIBL,chemical,1,7
ADFL,AIBL,chemical,1,8
ADFL,AIBR,chemical,1,8
ADFL,AIYL,chemical,1,1
ADFL,AIYL,chemical,1,2
ADFL,AIYL,chemical,1,3
ADFL,AIYL,chemical,1,6
ADFL,AIYL,chemical,1,8
ADFL,AIZL,chemical,3,1
ADFL,AIZL,chemical,4,3
ADFL,AIZL,chemical,5,2
ADFL,AIZL,chemical,6,4
ADFL,AIZL,chemical,6,5
ADFL,AIZL,chemical,6,6
ADFL,AIZL,chemical,6,7
ADFL,AIZL,chemical,18,8
ADFL,AIZR,chemical,1,3
ADFL,AIZR,chemical,1,4
ADFL,AIZR,chemical,1,5
ADFL,AIZR,chemical,2,7
ADFL,ASER,chemical,1,1
ADFL,ASER,chemical,1,5
ADFL,ASER,chemical,2,7
ADFL,ASHL,chemical,1,3
ADFL,ASHL,chemical,1,4
ADFL,ASHL,chemical,1,5
ADFL,ASHL,chemical,1,8
ADFL,AUAL,chemical,1,2
ADFL,AUAL,chemical,2,1
ADFL,AUAL,chemical,3,3
ADFL,AUAL,chemical,3,4
ADFL,AUAL,chemical,3,5
ADFL,AUAL,chemical,3,6
ADFL,AUAL,chemical,4,7
ADFL,AUAR,chemical,1,5
ADFL,AVHR,chemical,1,1
ADFL,AVHR,chemical,1,7
ADFL,AVHR,chemical,1,8
ADFL,AVHR,chemical,2,2
ADFL,AWBL,chemical,1,3
ADFL,AWBL,chemical,1,8
ADFL,AWBL,chemical,2,7
ADFL,BAGR,chemical,1,8
ADFL,OLQVL,chemical,1,6
ADFL,OLQVL,chemical,1,7
ADFL,OLQVL,chemical,1,8
ADFL,PVQL,chemical,1,7
ADFL,RIAL,chemical,2,1
ADFL,RIAL,chemical,4,2
ADFL,RIAL,chemical,6,3
ADFL,RIAL,chemical,8,4
ADFL,RIAL,chemical,8,5
ADFL,RIAL,chemical,11,6
ADFL,RIAL,chemical,15,7
ADFL,RIAL,chemical,17,8
ADFL,RICR,chemical,1,7
ADFL,RIGL,chemical,1,5
ADFL,RIGL,chemical,2,6
ADFL,RIGL,chemical,3,8
ADFL,RIGL,chemical,4,7
ADFL,RIGR,chemical,1,7
ADFL,RIMR,chemical,1,4
ADFL,RIR,chemical,2,2
ADFL,RIR,chemical,2,8
ADFL,RIR,chemical,3,5
ADFL,RIR,chemical,3,7
ADFL,SIBDL,chemical,1,2
ADFL,SIBVL,chemical,1,2
ADFL,SIBVL,chemical,1,5
ADFL,SIBVL,chemical,1,6
ADFL,SIBVL,chemical,1,7
ADFL,SMBDL,chemical,1,2
ADFL,SMBDL,chemical,1,3
ADFL,SMBDL,chemical,1,5
ADFL,SMBDL,chemical,1,7
ADFL,SMBDL,chemical,4,6
ADFL,SMBVL,chemical,1,2
ADFL,SMBVL,chemical,2,3
ADFL,SMBVL,chemical,4,4
ADFL,SMBVL,chemical,5,6
ADFL,SMBVL,chemical,5,7
ADFL,SMBVL,chemical,5,8
ADFL,URXL,chemical,1,3
ADFL,URXL,chemical,1,6
ADFL,URXL,chemical,1,7
ADFL,URXL,chemical,2,8
ADFL,URYVL,chemical,1,7
ADFR,ADFL,chemical,1,4
ADFR,AFDR,chemical,1,4
ADFR,AFDR,chemical,1,5
ADFR,AIAR,chemical,1,1
ADFR,AIAR,chemical,1,3
ADFR,AIAR,chemical,1,4
ADFR,AIYR,chemical,1,5
ADFR,AIZL,chemical,2,7
ADFR,AIZR,chemical,4,2
ADFR,AIZR,chemical,5,3
ADFR,AIZR,chemical,5,4
ADFR,AIZR,chemical,5,6
ADFR,AIZR,chemical,7,1
ADFR,AIZR,chemical,9,7
ADFR,AIZR,chemical,10,5
ADFR,AIZR,chemical,13,8
ADFR,ASEL,chemical,1,3
ADFR,ASER,chemical,1,1
ADFR,ASGR,chemical,1,7
ADFR,AUAR,chemical,1,4
ADFR,AUAR,chemical,2,1
ADFR,AUAR,chemical,2,2
ADFR,AUAR,chemical,3,8
ADFR,AUAR,chemical,4,5
ADFR,AUAR,chemical,4,6
ADFR,AUAR,chemical,9,7
ADFR,AVHL,chemical,1,2
ADFR,AVHL,chemical,1,5
ADFR,AVHL,chemical,1,7
ADFR,AWAR,chemical,1,3
ADFR,AWBR,chemical,1,8
ADFR,DVA,chemical,1,2
ADFR,DVA,chemical,1,5
ADFR,OLQVR,chemical,1,5
ADFR,OLQVR,chemical,1,8
ADFR,RIAR,chemical,2,1
ADFR,RIAR,chemical,2,3
ADFR,RIAR,chemical,3,2
ADFR,RIAR,chemical,7,4
ADFR,RIAR,chemical,8,6
ADFR,RIAR,chemical,12,5
ADFR,RIAR,chemical,12,8
ADFR,RIAR,chemical,20,7
ADFR,RIGR,chemical,1,4
ADFR,RIGR,chemical,3,5
ADFR,RIGR,chemical,3,6
ADFR,RIGR,chemical,4,7
ADFR,RIGR,chemical,4,8
ADFR,RIH,chemical,1,8
ADFR,RIR,chemical,1,2
ADFR,RIR,chemical,1,5
ADFR,RIR,chemical,2,4
ADFR,RIR,chemical,3,7
ADFR,RIR,chemical,5,8
ADFR,SIBVR,chemical,1,8
ADFR,SMBDR,chemical,1,8
ADFR,SMBDR,chemical,3,5
ADFR,SMBVR,chemical,1,3
ADFR,SMBVR,chemical,1,4
ADFR,SMBVR,chemical,1,6
ADFR,SMBVR,chemical,3,8
ADFR,SMBVR,chemical,7,5
ADFR,SMBVR,chemical,7,7
ADFR,URXL,chemical,1,7
ADFR,URXR,chemical,1,1
ADFR,URXR,chemical,1,4
ADFR,URXR,chemical,2,7
ADLL,ADAL,chemical,2,3
ADLL,ADAL,chemical,2,5
ADLL,ADAL,chemical,2,8
ADLL,ADAL,chemical,3,4
ADLL,AIAL,chemical,1,1
ADLL,AIAL,chemical,1,2
ADLL,AIAL,chemical,3,5
ADLL,AIAL,chemical,4,3
ADLL,AIAL,chemical,5,7
ADLL,AIAL,chemical,6,4
ADLL,AIAL,chemical,6,6
ADLL,AIAL,chemical,8,8
ADLL,AIAR,chemical,1,6
ADLL,AIBL,chemical,1,2
ADLL,AIBL,chemical,2,1
ADLL,AIBL,chemical,4,3
ADLL,AIBL,chemical,4,4
ADLL,AIBL,chemical,5,5
ADLL,AIBL,chemical,5,6
ADLL,AIBL,chemical,13,7
ADLL,AIBL,chemical,18,8
ADLL,ASEL,chemical,1,5
ADLL,ASEL,chemical,1,8
ADLL,ASEL,chemical,2,6
ADLL,ASEL,chemical,3,3
ADLL,ASEL,chemical,5,7
ADLL,ASGL,chemical,1,8
ADLL,ASHL,chemical,1,4
ADLL,ASHL,chemical,2,6
ADLL,ASHL,chemical,3,5
ADLL,ASHL,chemical,6,7
ADLL,ASHL,chemical,9,8
ADLL,ASJL,chemical,1,4
ADLL,ASKL,chemical,1,2
ADLL,ASKL,chemical,2,3
ADLL,ASKL,chemical,2,6
ADLL,ASKL,chemical,2,7
ADLL,ASKL,chemical,4,5
ADLL,ASKL,chemical,5,1
ADLL,ASKL,chemical,5,8
ADLL,ASKL,chemical,6,4
ADLL,AVAL,chemical,2,5
ADLL,AVAL,chemical,2,6
ADLL,AVAL,chemical,2,7
ADLL,AVAL,chemical,3,4
ADLL,AVAL,chemical,16,8
ADLL,AVAR,chemical,1,6
ADLL,AVBL,chemical,1,6
ADLL,AVBL,chemical,1,8
ADLL,AVDL,chemical,1,2
ADLL,AVDL,chemical,1,3
ADLL,AVDL,chemical,1,5
ADLL,AVDL,chemical,1,6
ADLL,AVDL,chemical,1,8
ADLL,AVDL,chemical,2,4
ADLL,AVDL,chemical,2,7
ADLL,AVDR,chemical,2,3
ADLL,AVDR,chemical,2,4
ADLL,AVDR,chemical,5,6
ADLL,AVDR,chemical,8,5
ADLL,AVDR,chemical,10,7
ADLL,AVDR,chemical,15,8
ADLL,AVEL,chemical,1,6
ADLL,AVEL,chemical,1,7
ADLL,AVEL,chemical,1,8
ADLL,AVHR,chemical,1,8
ADLL,AVJL,chemical,1,2
ADLL,AVJL,chemical,1,4
ADLL,AVJL,chemical,1,6
ADLL,AVJL,chemical,1,7
ADLL,AVJL,chemical,1,8
ADLL,AVJL,chemical,2,5
ADLL,AVJR,chemical,1,3
ADLL,AVJR,chemical,2,6
ADLL,AVJR,chemical,3,5
ADLL,AVJR,chemical,3,8
ADLL,AVJR,chemical,5,7
ADLL,AWAL,chemical,1,8
ADLL,AWBL,chemical,1,7
ADLL,AWBL,chemical,1,8
ADLL,AWCL,chemical,2,1
ADLL,AWCL,chemical,2,4
ADLL,AWCL,chemical,2,8
ADLL,AWCL,chemical,3,5
ADLL,AWCL,chemical,3,6
ADLL,AWCL,chemical,4,3
ADLL,AWCL,chemical,4,7
ADLL,AWCR,chemical,1,3
ADLL,AWCR,chemical,1,8
ADLL,AWCR,chemical,3,6
ADLL,CEPshVL,chemical,1,6
ADLL,HSNL,chemical,1,7
ADLL,HSNR,chemical,1,7
ADLL,OLLL,chemical,1,2
ADLL,OLLL,chemical,1,4
ADLL,OLQVL,chemical,1,5
ADLL,PVCL,chemical,1,8
ADLL,PVCL,chemical,2,6
ADLL,PVNL,chemical,1,7
ADLL,PVPL,chemical,1,6
ADLL,PVQL,chemical,1,1
ADLL,PVQL,chemical,1,5
ADLL,PVQL,chemical,2,7
ADLL,SIADR,chemical,1,3
ADLL,SIBDR,chemical,1,3
ADLL,SIBDR,chemical,1,7
ADLL,SMBVL,chemical,1,5
ADLL,SMBVL,chemical,1,6
ADLL,SMBVL,chemical,1,7
ADLL,SMBVL,chemical,9,8
ADLR,ADAR,chemical,1,1
ADLR,ADAR,chemical,1,3
ADLR,ADAR,chemical,1,4
ADLR,ADAR,chemical,1,5
ADLR,ADAR,chemical,1,6
ADLR,AIAR,chemical,3,1
ADLR,AIAR,chemical,3,2
ADLR,AIAR,chemical,3,3
ADLR,AIAR,chemical,4,4
ADLR,AIAR,chemical,4,6
ADLR,AIAR,chemical,5,5
ADLR,AIAR,chemical,9,7
ADLR,AIAR,chemical,13,8
ADLR,AIBR,chemical,1,2
ADLR,AIBR,chemical,3,1
ADLR,AIBR,chemical,4,3
ADLR,AIBR,chemical,5,4
ADLR,AIBR,chemical,6,6
ADLR,AIBR,chemical,8,5
ADLR,AIBR,chemical,11,7
ADLR,AIBR,chemical,12,8
ADLR,ASER,chemical,1,1
ADLR,ASER,chemical,1,3
ADLR,ASER,chemical,1,6
ADLR,ASER,chemical,2,8
ADLR,ASER,chemical,4,5
ADLR,ASER,chemical,5,7
ADLR,ASHR,chemical,1,3
ADLR,ASHR,chemical,1,6
ADLR,ASHR,chemical,3,4
ADLR,ASHR,chemical,3,5
ADLR,ASHR,chemical,3,8
ADLR,ASHR,chemical,5,7
ADLR,ASKR,chemical,2,5
ADLR,ASKR,chemical,3,1
ADLR,ASKR,chemical,3,4
ADLR,ASKR,chemical,3,6
ADLR,ASKR,chemical,4,2
ADLR,ASKR,chemical,4,3
ADLR,AVAL,chemical,3,8
ADLR,AVAR,chemical,1,6
ADLR,AVAR,chemical,4,4
ADLR,AVAR,chemical,8,7
ADLR,AVAR,chemical,11,8
ADLR,AVBR,chemical,2,7
ADLR,AVDL,chemical,1,2
ADLR,AVDL,chemical,1,6
ADLR,AVDL,chemical,4,5
ADLR,AVDL,chemical,9,8
ADLR,AVDR,chemical,1,3
ADLR,AVDR,chemical,1,4
ADLR,AVDR,chemical,1,5
ADLR,AVDR,chemical,1,8
ADLR,AVDR,chemical,2,6
ADLR,AVDR,chemical,2,7
ADLR,AVER,chemical,1,7
ADLR,AVJL,chemical,1,7
ADLR,AVJL,chemical,2,5
ADLR,AVJR,chemical,1,2
ADLR,AVJR,chemical,1,3
ADLR,AVJR,chemical,1,4
ADLR,AVJR,chemical,1,5
ADLR,AVJR,chemical,1,7
ADLR,AVJR,chemical,1,8
ADLR,AVJR,chemical,2,6
ADLR,AWAR,chemical,1,8
ADLR,AWBR,chemical,1,8
ADLR,AWCR,chemical,1,1
ADLR,AWCR,chemical,1,2
ADLR,AWCR,chemical,2,4
ADLR,AWCR,chemical,2,6
ADLR,AWCR,chemical,4,5
ADLR,AWCR,chemical,4,7
ADLR,AWCR,chemical,10,8
ADLR,CEPshVR,chemical,1,1
ADLR,CEPshVR,chemical,1,7
ADLR,OLLR,chemical,1,2
ADLR,OLQVR,chemical,1,5
ADLR,OLQVR,chemical,2,8
ADLR,PVCR,chemical,1,8
ADLR,PVPR,chemical,1,7
ADLR,SIBDL,chemical,1,4
ADLR,SIBDL,chemical,1,7
ADLR,SMBVR,chemical,1,2
ADLR,SMBVR,chemical,1,8
ADLR,SMBVR,chemical,5,7
ADLR,URBR,chemical,1,5
ADLR,URYVR,chemical,1,8
AFDL,ADFL,chemical,1,1
AFDL,AINR,chemical,1,8
AFDL,AIYL,chemical,2,3
AFDL,AIYL,chemical,3,1
AFDL,AIYL,chemical,3,2
AFDL,AIYL,chemical,6,4
AFDL,AIYL,chemical,6,6
AFDL,AIYL,chemical,8,5
AFDL,AIYL,chemical,10,8
AFDL,AIYL,chemical,12,7
AFDL,AIYR,chemical,1,3
AFDL,AIYR,chemical,1,7
AFDL,AIZL,chemical,1,4
AFDL,AIZL,chemical,1,5
AFDL,AIZL,chemical,1,8
AFDL,ASER,chemical,1,5
AFDL,ASER,chemical,1,7
AFDL,ASER,chemical,1,8
AFDL,AWBL,chemical,1,8
AFDL,BAGR,chemical,1,5
AFDL,BAGR,chemical,1,8
AFDL,BAGR,chemical,2,4
AFDR,ADFR,chemical,1,5
AFDR,AIBR,chemical,1,3
AFDR,AIYL,chemical,1,3
AFDR,AIYR,chemical,2,2
AFDR,AIYR,chemical,3,1
AFDR,AIYR,chemical,4,3
AFDR,AIYR,chemical,5,4
AFDR,AIYR,chemical,8,5
AFDR,AIYR,chemical,9,6
AFDR,AIYR,chemical,10,8
AFDR,AIYR,chemical,14,7
AFDR,ASEL,chemical,1,6
AFDR,ASEL,chemical,1,7
AFDR,ASER,chemical,1,3
AFDR,AUAR,chemical,1,5
AFDR,AWAR,chemical,1,4
AFDR,AWAR,chemical,1,6
AFDR,AWCL,chemical,1,3
AFDR,BAGL,chemical,1,4
AFDR,BAGL,chemical,2,8
AIAL,ADAL,chemical,1,2
AIAL,ADAL,chemical,2,6
AIAL,ADAL,chemical,2,7
AIAL,ADAL,chemical,3,3
AIAL,ADAL,chemical,3,8
AIAL,ADFL,chemical,1,5
AIAL,ADLL,chemical,1,6
AIAL,ADLL,chemical,1,7
AIAL,ADLL,chemical,4,8
AIAL,AIBL,chemical,3,1
AIAL,AIBL,chemical,6,2
AIAL,AIBL,chemical,8,3
AIAL,AIBL,chemical,9,4
AIAL,AIBL,chemical,9,6
AIAL,AIBL,chemical,11,5
AIAL,AIBL,chemical,14,7
AIAL,AIBL,chemical,17,8
AIAL,AINR,chemical,1,6
AIAL,AIYL,chemical,1,5
AIAL,AIZL,chemical,1,6
AIAL,AIZL,chemical,3,5
AIAL,ASEL,chemical,1,7
AIAL,ASER,chemical,1,1
AIAL,ASER,chemical,1,7
AIAL,ASER,chemical,1,8
AIAL,ASGL,chemical,1,3
AIAL,ASGL,chemical,1,5
AIAL,ASGL,chemical,1,6
AIAL,ASGL,chemical,1,7
AIAL,ASGL,chemical,1,8
AIAL,ASHL,chemical,1,3
AIAL,ASHL,chemical,2,4
AIAL,ASHL,chemical,2,5
AIAL,ASIL,chemical,2,7
AIAL,ASKL,chemical,1,5
AIAL,ASKL,chemical,2,1
AIAL,ASKL,chemical,2,6
AIAL,ASKL,chemical,2,7
AIAL,ASKL,chemical,2,8
AIAL,ASKL,chemical,3,3
AIAL,ASKL,chemical,3,4
AIAL,ASKL,chemical,4,2
AIAL,AWAL,chemical,1,4
AIAL,AWAL,chemical,1,7
AIAL,AWBL,chemical,1,1
AIAL,AWCL,chemical,1,2
AIAL,AWCL,chemical,1,6
AIAL,AWCL,chemical,1,8
AIAL,AWCL,chemical,2,4
AIAL,AWCL,chemical,3,3
AIAL,AWCL,chemical,3,5
AIAL,AWCL,chemical,7,7
AIAL,AWCR,chemical,1,1
AIAL,AWCR,chemical,2,3
AIAL,AWCR,chemical,2,6
AIAL,AWCR,chemical,3,4
AIAL,AWCR,chemical,3,5
AIAL,AWCR,chemical,7,8
AIAL,PVQL,chemical,1,2
AIAL,PVQL,chemical,1,3
AIAL,RIFL,chemical,1,1
AIAL,RIFL,chemical,1,4
AIAL,RIFL,chemical,1,6
AIAL,RIFL,chemical,1,8
AIAL,RIFL,chemical,2,2
AIAL,RIFL,chemical,2,3
AIAL,RIFL,chemical,2,5
AIAR,ADAR,chemical,1,3
AIAR,ADAR,chemical,1,5
AIAR,ADAR,chemical,2,7
AIAR,ADAR,chemical,2,8
AIAR,ADAR,chemical,3,6
AIAR,ADFR,chemical,1,2
AIAR,ADLR,chemical,1,4
AIAR,ADLR,chemical,1,7
AIAR,ADLR,chemical,3,8
AIAR,AIBR,chemical,2,1
AIAR,AIBR,chemical,4,2
AIAR,AIBR,chemical,6,3
AIAR,AIBR,chemical,8,4
AIAR,AIBR,chemical,10,5
AIAR,AIBR,chemical,11,7
AIAR,AIBR,chemical,12,6
AIAR,AIBR,chemical,18,8
AIAR,AIZR,chemical,2,4
AIAR,AIZR,chemical,2,6
AIAR,ASER,chemical,1,4
AIAR,ASER,chemical,1,5
AIAR,ASGR,chemical,1,6
AIAR,ASGR,chemical,1,7
AIAR,ASGR,chemical,2,8
AIAR,ASHR,chemical,1,1
AIAR,ASHR,chemical,1,2
AIAR,ASHR,chemical,1,3
AIAR,ASHR,chemical,1,4
AIAR,ASHR,chemical,1,7
AIAR,ASIL,chemical,1,8
AIAR,ASIR,chemical,1,5
AIAR,ASKR,chemical,1,2
AIAR,ASKR,chemical,1,5
AIAR,ASKR,chemical,1,8
AIAR,ASKR,chemical,2,1
AIAR,ASKR,chemical,2,4
AIAR,ASKR,chemical,2,6
AIAR,ASKR,chemical,3,3
AIAR,ASKR,chemical,3,7
AIAR,AWCL,chemical,1,5
AIAR,AWCL,chemical,1,8
AIAR,AWCL,chemical,2,3
AIAR,AWCL,chemical,6,7
AIAR,AWCR,chemical,1,4
AIAR,AWCR,chemical,5,6
AIAR,AWCR,chemical,6,5
AIAR,AWCR,chemical,12,8
AIAR,HSNL,chemical,2,7
AIAR,PVQR,chemical,1,8
AIAR,RIFL,chemical,2,7
AIAR,RIFR,chemical,1,1
AIAR,RIFR,chemical,1,4
AIAR,RIFR,chemical,1,5
AIAR,RIFR,chemical,1,6
AIAR,RIFR,chemical,1,7
AIAR,RIFR,chemical,2,2
AIAR,RIFR,chemical,2,3
AIAR,RIFR,chemical,2,8
AIBL,ADAR,chemical,1,7
AIBL,ADLL,chemical,1,8
AIBL,AIAL,chemical,1,8
AIBL,AIBR,chemical,2,8
AIBL,AIYL,chemical,1,8
AIBL,AUAL,chemical,1,8
AIBL,AUAR,chemical,1,7
AIBL,AUAR,chemical,1,8
AIBL,AVAL,chemical,1,4
AIBL,AVAL,chemical,1,8
AIBL,AVAL,chemical,6,7
AIBL,AVAR,chemical,1,7
AIBL,AVAR,chemical,1,8
AIBL,AVBL,chemical,2,2
AIBL,AVBL,chemical,3,3
AIBL,AVBL,chemical,3,4
AIBL,AVBL,chemical,4,1
AIBL,AVBL,chemical,6,5
AIBL,AVBL,chemical,7,8
AIBL,AVBL,chemical,8,6
AIBL,AVBL,chemical,9,7
AIBL,AVEL,chemical,1,1
AIBL,AVEL,chemical,1,7
AIBL,AVER,chemical,1,1
AIBL,AVER,chemical,1,2
AIBL,AVER,chemical,1,5
AIBL,BAGL,chemical,1,2
AIBL,BAGL,chemical,1,8
AIBL,RIBL,chemical,1,3
AIBL,RIBL,chemical,1,7
AIBL,RIBL,chemical,1,8
AIBL,RIBR,chemical,2,4
AIBL,RIBR,chemical,3,1
AIBL,RIBR,chemical,3,2
AIBL,RIBR,chemical,3,6
AIBL,RIBR,chemical,4,3
AIBL,RIBR,chemical,6,5
AIBL,RIBR,chemical,6,7
AIBL,RIBR,chemical,10,8
AIBL,RIGR,chemical,1,7
AIBL,RIGR,chemical,2,8
AIBL,RIML,chemical,1,3
AIBL,RIML,chemical,1,4
AIBL,RIML,chemical,1,5
AIBL,RIML,chemical,1,6
AIBL,RIML,chemical,1,7
AIBL,RIMR,chemical,7,1
AIBL,RIMR,chemical,7,2
AIBL,RIMR,chemical,8,3
AIBL,RIMR,chemical,9,4
AIBL,RIMR,chemical,13,5
AIBL,RIMR,chemical,17,6
AIBL,RIMR,chemical,23,8
AIBL,RIMR,chemical,26,7
AIBL,RIVL,chemical,1,4
AIBL,RMFR,chemical,3,8
AIBL,SAADL,chemical,1,4
AIBL,SAADL,chemical,2,8
AIBL,SAADL,chemical,3,7
AIBL,SAADR,chemical,1,7
AIBL,SAAVL,chemical,1,6
AIBL,SAAVL,chemical,2,8
AIBL,SIADR,chemical,1,6
AIBL,SIBVL,chemical,1,8
AIBL,SMDDR,chemical,2,1
AIBL,SMDDR,chemical,2,2
AIBL,SMDDR,chemical,3,3
AIBL,SMDDR,chemical,3,4
AIBL,SMDDR,chemical,3,5
AIBL,SMDDR,chemical,4,7
AIBL,SMDDR,chemical,5,6
AIBL,SMDDR,chemical,5,8
AIBL,SMDVR,chemical,1,1
AIBL,SMDVR,chemical,2,2
AIBL,SMDVR,chemical,2,5
AIBL,SMDVR,chemical,3,3
AIBL,SMDVR,chemical,3,4
AIBL,SMDVR,chemical,4,6
AIBL,SMDVR,chemical,7,8
AIBL,SMDVR,chemical,9,7
AIBR,ADAL,chemical,1,7
AIBR,AIZL,chemical,1,5
AIBR,AIZL,chemical,2,8
AIBR,AQR,chemical,1,7
AIBR,AUAL,chemical,2,8
AIBR,AVAL,chemical,1,8
AIBR,AVAR,chemical,1,5
AIBR,AVAR,chemical,2,7
AIBR,AVAR,chemical,4,8
AIBR,AVBR,chemical,1,1
AIBR,AVBR,chemical,4,2
AIBR,AVBR,chemical,4,5
AIBR,AVBR,chemical,5,3
AIBR,AVBR,chemical,5,6
AIBR,AVBR,chemical,6,4
AIBR,AVBR,chemical,7,8
AIBR,AVBR,chemical,8,7
AIBR,AVEL,chemical,1,1
AIBR,AVEL,chemical,1,2
AIBR,AVEL,chemical,1,5
AIBR,AVEL,chemical,2,8
AIBR,AVER,chemical,1,1
AIBR,AVER,chemical,1,3
AIBR,AVER,chemical,1,7
AIBR,AVER,chemical,1,8
AIBR,AVKL,chemical,1,8
AIBR,BAGR,chemical,1,6
AIBR,BAGR,chemical,1,7
AIBR,BAGR,chemical,1,8
AIBR,DVA,chemical,1,6
AIBR,DVA,chemical,1,8
AIBR,DVA,chemical,2,7
AIBR,DVC,chemical,1,7
AIBR,PVPL,chemical,1,2
AIBR,RIAL,chemical,1,7
AIBR,RIAL,chemical,1,8
AIBR,RIBL,chemical,1,3
AIBR,RIBL,chemical,2,1
AIBR,RIBL,chemical,3,2
AIBR,RIBL,chemical,4,5
AIBR,RIBL,chemical,5,6
AIBR,RIBL,chemical,7,4
AIBR,RIBL,chemical,8,7
AIBR,RIBL,chemical,10,8
AIBR,RIBR,chemical,1,2
AIBR,RIBR,chemical,1,4
AIBR,RIBR,chemical,1,5
AIBR,RIBR,chemical,1,6
AIBR,RIBR,chemical,1,8
AIBR,RIGL,chemical,1,3
AIBR,RIGL,chemical,2,8
AIBR,RIML,chemical,5,1
AIBR,RIML,chemical,7,4
AIBR,RIML,chemical,10,2
AIBR,RIML,chemical,10,3
AIBR,RIML,chemical,12,5
AIBR,RIML,chemical,13,6
AIBR,RIML,chemical,19,8
AIBR,RIML,chemical,24,7
AIBR,RIMR,chemical,1,5
AIBR,RIMR,chemical,1,8
AIBR,RIMR,chemical,2,4
AIBR,RIMR,chemical,2,7
AIBR,RIVR,chemical,1,7
AIBR,RIVR,chemical,1,8
AIBR,RMEV,chemical,1,4
AIBR,RMFL,chemical,1,8
AIBR,RMFL,chemical,2,7
AIBR,RMFR,chemical,1,6
AIBR,SAADL,chemical,1,5
AIBR,SAADL,chemical,2,8
AIBR,SAADL,chemical,3,7
AIBR,SAADR,chemical,1,1
AIBR,SAADR,chemical,1,4
AIBR,SAADR,chemical,1,5
AIBR,SAADR,chemical,1,6
AIBR,SAADR,chemical,1,7
AIBR,SAADR,chemical,1,8
AIBR,SAADR,chemical,2,3
AIBR,SAAVR,chemical,2,7
AIBR,SAAVR,chemical,2,8
AIBR,SIADL,chemical,1,1
AIBR,SIADL,chemical,1,6
AIBR,SIADL,chemical,1,7
AIBR,SIBVR,chemical,1,7
AIBR,SMBDL,chemical,1,5
AIBR,SMDDL,chemical,2,1
AIBR,SMDDL,chemical,2,4
AIBR,SMDDL,chemical,2,7
AIBR,SMDDL,chemical,3,3
AIBR,SMDDL,chemical,4,2
AIBR,SMDDL,chemical,4,6
AIBR,SMDDL,chemical,5,5
AIBR,SMDDL,chemical,6,8
AIBR,SMDVL,chemical,1,1
AIBR,SMDVL,chemical,1,3
AIBR,SMDVL,chemical,2,2
AIBR,SMDVL,chemical,3,4
AIBR,SMDVL,chemical,3,5
AIBR,SMDVL,chemical,4,6
AIBR,SMDVL,chemical,6,8
AIBR,SMDVL,chemical,9,7
AIML,ADAL,chemical,1,7
AIML,AIAL,chemical,2,1
AIML,AIAL,chemical,3,4
AIML,AIAL,chemical,4,2
AIML,AIAL,chemical,4,5
AIML,AIAL,chemical,4,6
AIML,AIAL,chemical,5,3
AIML,AIAL,chemical,8,7
AIML,AIAL,chemical,9,8
AIML,AIMR,chemical,1,4
AIML,AIMR,chemical,1,7
AIML,AIZL,chemical,2,8
AIML,ALML,chemical,1,4
AIML,ALML,chemical,1,5
AIML,ALML,chemical,1,7
AIML,ALML,chemical,1,8
AIML,ASGL,chemical,2,1
AIML,ASGL,chemical,2,4
AIML,ASGL,chemical,3,3
AIML,ASGL,chemical,3,6
AIML,ASGL,chemical,4,2
AIML,ASGL,chemical,4,5
AIML,ASGL,chemical,6,8
AIML,ASGL,chemical,7,7
AIML,ASHL,chemical,1,3
AIML,ASHL,chemical,3,7
AIML,ASIL,chemical,1,5
AIML,ASJL,chemical,1,4
AIML,ASJL,chemical,1,7
AIML,ASJL,chemical,2,1
AIML,ASJL,chemical,2,2
AIML,ASJL,chemical,2,6
AIML,ASJL,chemical,4,8
AIML,ASKL,chemical,2,4
AIML,ASKL,chemical,2,5
AIML,ASKL,chemical,2,6
AIML,ASKL,chemical,4,7
AIML,ASKL,chemical,5,8
AIML,AVAL,chemical,1,7
AIML,AVBL,chemical,3,7
AIML,AVBL,chemical,3,8
AIML,AVDL,chemical,1,4
AIML,AVDL,chemical,1,5
AIML,AVEL,chemical,1,5
AIML,AVFL,chemical,1,5
AIML,AVFL,chemical,2,6
AIML,AVFL,chemical,3,8
AIML,AVFL,chemical,4,7
AIML,AVFR,chemical,2,6
AIML,AVFR,chemical,2,8
AIML,AVFR,chemical,3,5
AIML,AVFR,chemical,3,7
AIML,AVJL,chemical,1,8
AIML,AWBL,chemical,1,8
AIML,AWBL,chemical,2,7
AIML,CEPVL,chemical,1,7
AIML,CEPVL,chemical,1,8
AIML,CEPshDL,chemical,1,5
AIML,CEPshDL,chemical,3,8
AIML,CEPshDR,chemical,1,5
AIML,CEPshDR,chemical,1,7
AIML,CEPshVL,chemical,1,1
AIML,CEPshVL,chemical,1,6
AIML,CEPshVL,chemical,2,5
AIML,CEPshVL,chemical,3,7
AIML,HSNL,chemical,2,7
AIML,PVNL,chemical,1,7
AIML,PVQL,chemical,1,3
AIML,RID,chemical,2,7
AIML,RIFL,chemical,1,8
AIML,RMGL,chemical,1,8
AIML,SDQL,chemical,1,7
AIML,SIADR,chemical,1,7
AIML,SMBDR,chemical,1,7
AIML,SMBVL,chemical,1,7
AIML,SMBVL,chemical,1,8
AIMR,ADAR,chemical,2,8
AIMR,AIAL,chemical,1,4
AIMR,AIAR,chemical,2,4
AIMR,AIAR,chemical,4,1
AIMR,AIAR,chemical,4,3
AIMR,AIAR,chemical,5,2
AIMR,AIAR,chemical,6,5
AIMR,AIAR,chemical,7,7
AIMR,AIAR,chemical,8,6
AIMR,AIAR,chemical,10,8
AIMR,AIBR,chemical,1,5
AIMR,AIML,chemical,1,8
AIMR,AIMR,chemical,1,7
AIMR,AIYR,chemical,1,7
AIMR,AIZR,chemical,1,7
AIMR,AIZR,chemical,1,8
AIMR,ALMR,chemical,1,4
AIMR,ALMR,chemical,1,8
AIMR,ALMR,chemical,2,5
AIMR,ASGR,chemical,2,1
AIMR,ASGR,chemical,2,3
AIMR,ASGR,chemical,3,4
AIMR,ASGR,chemical,3,5
AIMR,ASGR,chemical,5,2
AIMR,ASGR,chemical,5,6
AIMR,ASGR,chemical,6,7
AIMR,ASGR,chemical,8,8
AIMR,ASHL,chemical,1,4
AIMR,ASHR,chemical,1,4
AIMR,ASHR,chemical,1,7
AIMR,ASHR,chemical,2,8
AIMR,ASJL,chemical,1,2
AIMR,ASJR,chemical,1,1
AIMR,ASJR,chemical,2,2
AIMR,ASJR,chemical,2,6
AIMR,ASKR,chemical,1,1
AIMR,ASKR,chemical,1,2
AIMR,ASKR,chemical,1,3
AIMR,ASKR,chemical,2,6
AIMR,ASKR,chemical,2,7
AIMR,ASKR,chemical,3,5
AIMR,ASKR,chemical,3,8
AIMR,AVAR,chemical,1,8
AIMR,AVBR,chemical,1,4
AIMR,AVBR,chemical,1,6
AIMR,AVDR,chemical,1,5
AIMR,AVDR,chemical,2,7
AIMR,AVDR,chemical,3,8
AIMR,AVFL,chemical,1,5
AIMR,AVFL,chemical,1,7
AIMR,AVFL,chemical,1,8
AIMR,AVFR,chemical,1,5
AIMR,AVFR,chemical,1,8
AIMR,AVFR,chemical,2,6
AIMR,AVFR,chemical,2,7
AIMR,AVHR,chemical,1,6
AIMR,AVJR,chemical,1,7
AIMR,AVJR,chemical,1,8
AIMR,AWBR,chemical,1,6
AIMR,AWBR,chemical,1,8
AIMR,AWCR,chemical,1,1
AIMR,CEPshDL,chemical,2,6
AIMR,CEPshDL,chemical,3,8
AIMR,CEPshDR,chemical,1,7
AIMR,CEPshDR,chemical,4,5
AIMR,CEPshDR,chemical,4,8
AIMR,CEPshVR,chemical,1,6
AIMR,CEPshVR,chemical,1,7
AIMR,CEPshVR,chemical,2,8
AIMR,HSNL,chemical,1,7
AIMR,PVNL,chemical,1,7
AIMR,RICR,chemical,1,7
AIMR,RIFL,chemical,2,7
AIMR,RIFR,chemical,3,8
AIMR,RMGR,chemical,1,6
AIMR,RMGR,chemical,1,7
AIMR,SIADL,chemical,1,8
AIMR,SIBDL,chemical,1,4
AIMR,SIBDL,chemical,1,6
AIMR,SIBDL,chemical,1,8
AIMR,SIBDL,chemical,2,5
AIMR,SMBDL,chemical,1,6
AIMR,SMBDL,chemical,1,8
AIMR,SMDDL,chemical,1,5
AIMR,URXR,chemical,1,5
AIMR,URXR,chemical,1,6
AIMR,URXR,chemical,1,7
AINL,ADFR,chemical,1,2
AINL,AFDL,chemical,1,4
AINL,AFDL,chemical,2,7
AINL,AFDL,chemical,2,8
AINL,AFDR,chemical,1,1
AINL,AFDR,chemical,1,2
AINL,AFDR,chemical,3,5
AINL,AFDR,chemical,4,3
AINL,AFDR,chemical,4,4
AINL,AFDR,chemical,4,6
AINL,AFDR,chemical,7,7
AINL,AFDR,chemical,7,8
AINL,AIAR,chemical,1,2
AINL,AIBL,chemical,1,7
AINL,AIBL,chemical,1,8
AINL,AIBR,chemical,1,2
AINL,AIBR,chemical,1,7
AINL,AINR,chemical,1,2
AINL,AINR,chemical,1,8
AINL,AINR,chemical,2,6
AINL,AIYR,chemical,1,8
AINL,ASEL,chemical,1,3
AINL,ASEL,chemical,1,4
AINL,ASEL,chemical,1,7
AINL,ASEL,chemical,2,8
AINL,ASGR,chemical,1,2
AINL,AUAL,chemical,1,5
AINL,AUAR,chemical,1,1
AINL,AUAR,chemical,1,7
AINL,AUAR,chemical,3,2
AINL,AUAR,chemical,3,3
AINL,AUAR,chemical,3,4
AINL,AUAR,chemical,3,6
AINL,AUAR,chemical,3,8
AINL,AUAR,chemical,4,5
AINL,AVAR,chemical,1,8
AINL,BAGL,chemical,1,2
AINL,BAGL,chemical,1,4
AINL,BAGL,chemical,2,1
AINL,BAGL,chemical,2,5
AINL,BAGL,chemical,4,6
AINL,BAGL,chemical,8,8
AINL,BAGL,chemical,9,7
AINL,BAGR,chemical,1,5
AINL,CEPVR,chemical,1,5
AINL,CEPVR,chemical,1,7
AINL,CEPVR,chemical,2,8
AINL,CEPshDL,chemical,1,4
AINL,CEPshDR,chemical,1,1
AINL,CEPshDR,chemical,2,5
AINL,CEPshVL,chemical,1,1
AINL,CEPshVL,chemical,1,7
AINL,CEPshVR,chemical,1,1
AINL,CEPshVR,chemical,1,2
AINL,CEPshVR,chemical,1,5
AINL,CEPshVR,chemical,3,8
AINL,CEPshVR,chemical,4,6
AINL,CEPshVR,chemical,6,7
AINL,IL2R,chemical,1,5
AINL,RIAR,chemical,1,7
AINL,RIBL,chemical,1,7
AINL,RIBL,chemical,2,6
AINL,RIBR,chemical,1,1
AINL,RIBR,chemical,1,3
AINL,RIBR,chemical,1,6
AINL,RIBR,chemical,2,4
AINL,RIBR,chemical,3,5
AINL,RIBR,chemical,4,7
AINL,RIBR,chemical,7,8
AINL,RID,chemical,1,4
AINL,RID,chemical,1,5
AINL,RID,chemical,2,8
AINL,RIMR,chemical,1,5
AINL,RIMR,chemical,2,8
AINL,RIMR,chemical,3,7
AINL,RMFL,chemical,2,8
AINL,URXR,chemical,1,7
AINR,AFDL,chemical,3,2
AINR,AFDL,chemical,3,6
AINR,AFDL,chemical,4,1
AINR,AFDL,chemical,4,3
AINR,AFDL,chemical,4,4
AINR,AFDL,chemical,6,5
AINR,AFDL,chemical,7,7
AINR,AFDL,chemical,7,8
AINR,AFDR,chemical,1,2
AINR,AFDR,chemical,1,5
AINR,AFDR,chemical,1,8
AINR,AFDR,chemical,2,6
AINR,AIAR,chemical,1,1
AINR,AIAR,chemical,1,8
AINR,AIBL,chemical,1,1
AINR,AIBL,chemical,1,2
AINR,AIBR,chemical,1,8
AINR,AIBR,chemical,2,7
AINR,ASER,chemical,1,1
AINR,ASER,chemical,1,2
AINR,ASER,chemical,1,6
AINR,ASER,chemical,1,8
AINR,ASER,chemical,2,7
AINR,ASER,chemical,3,3
AINR,ASGR,chemical,1,1
AINR,AUAL,chemical,1,2
AINR,AUAL,chemical,1,3
AINR,AUAL,chemical,1,4
AINR,AUAL,chemical,2,1
AINR,AUAL,chemical,2,8
AINR,AUAL,chemical,3,5
AINR,AUAL,chemical,3,6
AINR,AUAL,chemical,5,7
AINR,AUAR,chemical,1,7
AINR,AWCL,chemical,1,2
AINR,AWCR,chemical,1,2
AINR,AWCR,chemical,1,7
AINR,AWCR,chemical,2,4
AINR,BAGL,chemical,1,4
AINR,BAGL,chemical,1,8
AINR,BAGL,chemical,2,6
AINR,BAGR,chemical,1,1
AINR,BAGR,chemical,2,5
AINR,BAGR,chemical,4,3
AINR,BAGR,chemical,5,4
AINR,BAGR,chemical,6,6
AINR,BAGR,chemical,7,8
AINR,BAGR,chemical,10,7
AINR,CEPVL,chemical,1,1
AINR,CEPVL,chemical,1,4
AINR,CEPVL,chemical,1,6
AINR,CEPVL,chemical,2,7
AINR,CEPVL,chemical,3,8
AINR,CEPshDL,chemical,1,2
AINR,CEPshDL,chemical,1,4
AINR,CEPshDR,chemical,1,5
AINR,CEPshVL,chemical,1,1
AINR,CEPshVL,chemical,2,3
AINR,CEPshVL,chemical,2,5
AINR,CEPshVL,chemical,3,4
AINR,CEPshVL,chemical,3,7
AINR,CEPshVL,chemical,5,6
AINR,CEPshVL,chemical,5,8
AINR,CEPshVR,chemical,1,5
AINR,CEPshVR,chemical,1,7
AINR,RIBL,chemical,1,1
AINR,RIBL,chemical,1,4
AINR,RIBL,chemical,2,5
AINR,RIBL,chemical,2,6
AINR,RIBL,chemical,5,8
AINR,RIBL,chemical,8,7
AINR,RIBR,chemical,1,8
AINR,RIBR,chemical,2,6
AINR,RIBR,chemical,2,7
AINR,RID,chemical,1,2
AINR,RID,chemical,1,3
AINR,RID,chemical,1,4
AINR,RID,chemical,1,7
AINR,RID,chemical,3,8
AINR,RIML,chemical,1,7
AIYL,ADFL,chemical,1,4
AIYL,ADFL,chemical,1,8
AIYL,ADFL,chemical,2,1
AIYL,ADFL,chemical,2,3
AIYL,ADFL,chemical,5,2
AIYL,AFDL,chemical,1,4
AIYL,AFDL,chemical,1,7
AIYL,AIAL,chemical,1,2
AIYL,AIBL,chemical,2,8
AIYL,AIZL,chemical,5,1
AIYL,AIZL,chemical,6,3
AIYL,AIZL,chemical,7,2
AIYL,AIZL,chemical,9,4
AIYL,AIZL,chemical,10,7
AIYL,AIZL,chemical,10,8
AIYL,AIZL,chemical,11,6
AIYL,AIZL,chemical,12,5
AIYL,AIZR,chemical,1,3
AIYL,AIZR,chemical,1,7
AIYL,AIZR,chemical,1,8
AIYL,ASEL,chemical,1,3
AIYL,ASEL,chemical,1,8
AIYL,AUAL,chemical,1,8
AIYL,AVBL,chemical,1,8
AIYL,AWAL,chemical,1,2
AIYL,AWAL,chemical,1,8
AIYL,AWAL,chemical,2,5
AIYL,AWAL,chemical,2,6
AIYL,AWBL,chemical,1,2
AIYL,AWBL,chemical,1,3
AIYL,AWBL,chemical,1,6
AIYL,AWBL,chemical,1,8
AIYL,BAGL,chemical,2,4
AIYL,BAGR,chemical,1,1
AIYL,BAGR,chemical,1,5
AIYL,BAGR,chemical,2,8
AIYL,BAGR,chemical,3,4
AIYL,RIAL,chemical,1,8
AIYL,RIAL,chemical,2,1
AIYL,RIAL,chemical,2,3
AIYL,RIAL,chemical,3,2
AIYL,RIAL,chemical,4,4
AIYL,RIAL,chemical,4,6
AIYL,RIAL,chemical,5,5
AIYL,RIAL,chemical,6,7
AIYL,RIAR,chemical,2,8
AIYL,RIBL,chemical,2,1
AIYL,RIBL,chemical,2,3
AIYL,RIBL,chemical,3,5
AIYL,RIBL,chemical,4,6
AIYL,RIBL,chemical,4,7
AIYL,RIBL,chemical,5,2
AIYL,RIBL,chemical,6,4
AIYL,RIBL,chemical,7,8
AIYL,RIBR,chemical,1,8
AIYL,RIML,chemical,1,8
AIYL,RIR,chemical,1,2
AIYL,RIR,chemical,1,6
AIYL,SIBDL,chemical,1,1
AIYR,ADFR,chemical,1,1
AIYR,ADFR,chemical,1,2
AIYR,ADFR,chemical,1,4
AIYR,ADFR,chemical,2,7
AIYR,AFDR,chemical,1,4
AIYR,AFDR,chemical,1,5
AIYR,AFDR,chemical,1,6
AIYR,AFDR,chemical,1,7
AIYR,AFDR,chemical,1,8
AIYR,AIBR,chemical,1,7
AIYR,AIYL,chemical,1,6
AIYR,AIYL,chemical,1,7
AIYR,AIZL,chemical,1,5
AIYR,AIZL,chemical,1,6
AIYR,AIZR,chemical,3,1
AIYR,AIZR,chemical,5,2
AIYR,AIZR,chemical,5,3
AIYR,AIZR,chemical,5,4
AIYR,AIZR,chemical,9,6
AIYR,AIZR,chemical,10,5
AIYR,AIZR,chemical,12,8
AIYR,AIZR,chemical,15,7
AIYR,ASER,chemical,2,8
AIYR,ASER,chemical,4,7
AIYR,AUAR,chemical,1,1
AIYR,AUAR,chemical,1,4
AIYR,AUAR,chemical,2,8
AIYR,AWAR,chemical,1,6
AIYR,AWAR,chemical,1,7
AIYR,AWAR,chemical,2,8
AIYR,AWBR,chemical,1,3
AIYR,AWBR,chemical,1,5
AIYR,AWBR,chemical,1,8
AIYR,AWCL,chemical,1,7
AIYR,BAGL,chemical,1,1
AIYR,BAGL,chemical,1,3
AIYR,BAGL,chemical,1,4
AIYR,BAGL,chemical,1,5
AIYR,BAGL,chemical,1,7
AIYR,BAGL,chemical,1,8
AIYR,BAGR,chemical,1,5
AIYR,RIAL,chemical,2,5
AIYR,RIAR,chemical,1,1
AIYR,RIAR,chemical,2,4
AIYR,RIAR,chemical,3,2
AIYR,RIAR,chemical,3,3
AIYR,RIAR,chemical,3,5
AIYR,RIAR,chemical,3,6
AIYR,RIAR,chemical,3,8
AIYR,RIAR,chemical,5,7
AIYR,RIBR,chemical,2,4
AIYR,RIBR,chemical,3,1
AIYR,RIBR,chemical,3,6
AIYR,RIBR,chemical,4,2
AIYR,RIBR,chemical,4,3
AIYR,RIBR,chemical,4,8
AIYR,RIBR,chemical,5,5
AIYR,RIBR,chemical,8,7
AIYR,RIR,chemical,1,6
AIYR,RIR,chemical,1,7
AIYR,RIVR,chemical,1,2
AIYR,SIBDR,chemical,1,2
AIZL,ADFL,chemical,1,5
AIZL,ADFL,chemical,1,7
AIZL,ADFL,chemical,2,6
AIZL,ADFL,chemical,3,4
AIZL,AIAL,chemical,1,1
AIZL,AIAL,chemical,2,2
AIZL,AIAL,chemical,2,3
AIZL,AIAL,chemical,2,4
AIZL,AIAL,chemical,3,6
AIZL,AIAL,chemical,4,5
AIZL,AIAL,chemical,5,7
AIZL,AIAL,chemical,12,8
AIZL,AIBL,chemical,1,3
AIZL,AIBL,chemical,1,4
AIZL,AIBL,chemical,1,5
AIZL,AIBL,chemical,3,7
AIZL,AIBL,chemical,6,6
AIZL,AIBL,chemical,11,8
AIZL,AIBR,chemical,4,1
AIZL,AIBR,chemical,4,3
AIZL,AIBR,chemical,7,2
AIZL,AIBR,chemical,11,4
AIZL,AIBR,chemical,11,6
AIZL,AIBR,chemical,15,5
AIZL,AIBR,chemical,23,7
AIZL,AIBR,chemical,27,8
AIZL,AIYL,chemical,1,6
AIZL,AIZR,chemical,1,5
AIZL,AIZR,chemical,1,8
AIZL,ASEL,chemical,1,2
AIZL,ASEL,chemical,1,5
AIZL,ASEL,chemical,1,6
AIZL,ASEL,chemical,2,7
AIZL,ASEL,chemical,2,8
AIZL,ASER,chemical,1,1
AIZL,ASGL,chemical,1,8
AIZL,AUAL,chemical,1,5
AIZL,AVAL,chemical,1,4
AIZL,AVDL,chemical,1,8
AIZL,AVEL,chemical,1,5
AIZL,AVEL,chemical,1,6
AIZL,AVEL,chemical,2,4
AIZL,AVEL,chemical,3,8
AIZL,AVEL,chemical,5,7
AIZL,AVER,chemical,1,1
AIZL,AVER,chemical,1,2
AIZL,AVER,chemical,1,3
AIZL,AVER,chemical,2,4
AIZL,AVER,chemical,4,5
AIZL,AVER,chemical,4,6
AIZL,AVER,chemical,8,8
AIZL,AVER,chemical,10,7
AIZL,AVHR,chemical,1,6
AIZL,AVKL,chemical,1,6
AIZL,AWAL,chemical,2,7
AIZL,AWBL,chemical,1,2
AIZL,AWBL,chemical,1,4
AIZL,AWBL,chemical,1,7
AIZL,AWCR,chemical,1,5
AIZL,AWCR,chemical,1,8
AIZL,BAGR,chemical,1,4
AIZL,BAGR,chemical,1,6
AIZL,BAGR,chemical,1,7
AIZL,BAGR,chemical,1,8
AIZL,DVA,chemical,1,8
AIZL,RIAL,chemical,2,1
AIZL,RIAL,chemical,2,3
AIZL,RIAL,chemical,4,2
AIZL,RIAL,chemical,7,5
AIZL,RIAL,chemical,8,6
AIZL,RIAL,chemical,9,4
AIZL,RIAL,chemical,9,8
AIZL,RIAL,chemical,12,7
AIZL,RIAR,chemical,1,1
AIZL,RIAR,chemical,1,3
AIZL,RIAR,chemical,1,5
AIZL,RIAR,chemical,1,6
AIZL,RIAR,chemical,3,8
AIZL,RIBL,chemical,1,1
AIZL,RIBL,chemical,1,2
AIZL,RIBL,chemical,1,3
AIZL,RIBL,chemical,1,4
AIZL,RID,chemical,1,8
AIZL,RIML,chemical,4,1
AIZL,RIML,chemical,4,3
AIZL,RIML,chemical,7,2
AIZL,RIML,chemical,8,6
AIZL,RIML,chemical,9,4
AIZL,RIML,chemical,12,7
AIZL,RIML,chemical,13,5
AIZL,RIML,chemical,20,8
AIZL,RIMR,chemical,1,6
AIZL,SIBDL,chemical,1,2
AIZL,SMBDL,chemical,2,1
AIZL,SMBDL,chemical,4,2
AIZL,SMBDL,chemical,4,3
AIZL,SMBDL,chemical,5,5
AIZL,SMBDL,chemical,7,4
AIZL,SMBDL,chemical,11,6
AIZL,SMBDL,chemical,11,7
AIZL,SMBDL,chemical,13,8
AIZL,SMBDR,chemical,1,8
AIZL,SMBDR,chemical,2,5
AIZL,SMBVL,chemical,1,1
AIZL,SMBVL,chemical,2,3
AIZL,SMBVL,chemical,4,2
AIZL,SMBVL,chemical,8,5
AIZL,SMBVL,chemical,10,4
AIZL,SMBVL,chemical,11,6
AIZL,SMBVL,chemical,13,7
AIZL,SMBVL,chemical,13,8
AIZL,SMBVR,chemical,1,3
AIZL,SMBVR,chemical,1,6
AIZL,SMBVR,chemical,3,8
AIZL,SMDVL,chemical,1,4
AIZL,URYDL,chemical,1,7
AIZR,ADFR,chemical,1,4
AIZR,ADFR,chemical,2,1
AIZR,AFDR,chemical,1,7
AIZR,AIAR,chemical,1,1
AIZR,AIAR,chemical,2,5
AIZR,AIAR,chemical,4,4
AIZR,AIAR,chemical,5,7
AIZR,AIAR,chemical,6,6
AIZR,AIAR,chemical,10,8
AIZR,AIBL,chemical,4,1
AIZR,AIBL,chemical,5,2
AIZR,AIBL,chemical,6,3
AIZR,AIBL,chemical,6,4
AIZR,AIBL,chemical,11,5
AIZR,AIBL,chemical,14,6
AIZR,AIBL,chemical,18,7
AIZR,AIBL,chemical,26,8
AIZR,AIBR,chemical,2,5
AIZR,AIBR,chemical,2,7
AIZR,AIBR,chemical,3,4
AIZR,AIBR,chemical,3,6
AIZR,AIBR,chemical,9,8
AIZR,AIYR,chemical,1,5
AIZR,AIYR,chemical,1,8
AIZR,ASER,chemical,1,7
AIZR,ASER,chemical,1,8
AIZR,ASER,chemical,2,5
AIZR,ASER,chemical,3,6
AIZR,AVAL,chemical,1,5
AIZR,AVAL,chemical,1,8
AIZR,AVEL,chemical,1,4
AIZR,AVEL,chemical,2,1
AIZR,AVEL,chemical,2,2
AIZR,AVEL,chemical,2,3
AIZR,AVEL,chemical,3,5
AIZR,AVEL,chemical,5,6
AIZR,AVEL,chemical,7,7
AIZR,AVEL,chemical,7,8
AIZR,AVER,chemical,1,1
AIZR,AVER,chemical,1,3
AIZR,AVER,chemical,1,6
AIZR,AVER,chemical,2,7
AIZR,AVER,chemical,2,8
AIZR,AWAR,chemical,1,6
AIZR,AWAR,chemical,1,8
AIZR,AWBR,chemical,1,6
AIZR,AWBR,chemical,2,8
AIZR,AWCL,chemical,3,7
AIZR,AWCR,chemical,2,8
AIZR,BAGL,chemical,1,7
AIZR,BAGL,chemical,1,8
AIZR,DVA,chemical,1,7
AIZR,RIAL,chemical,1,5
AIZR,RIAL,chemical,1,7
AIZR,RIAR,chemical,1,3
AIZR,RIAR,chemical,2,1
AIZR,RIAR,chemical,3,2
AIZR,RIAR,chemical,3,4
AIZR,RIAR,chemical,6,5
AIZR,RIAR,chemical,8,6
AIZR,RIAR,chemical,8,8
AIZR,RIAR,chemical,11,7
AIZR,RIBR,chemical,1,5
AIZR,RIH,chemical,1,8
AIZR,RIMR,chemical,3,1
AIZR,RIMR,chemical,4,2
AIZR,RIMR,chemical,4,3
AIZR,RIMR,chemical,5,4
AIZR,RIMR,chemical,7,5
AIZR,RIMR,chemical,8,6
AIZR,RIMR,chemical,12,7
AIZR,RIMR,chemical,20,8
AIZR,SMBDL,chemical,1,7
AIZR,SMBDR,chemical,2,2
AIZR,SMBDR,chemical,2,3
AIZR,SMBDR,chemical,3,1
AIZR,SMBDR,chemical,6,4
AIZR,SMBDR,chemical,7,5
AIZR,SMBDR,chemical,8,6
AIZR,SMBDR,chemical,8,8
AIZR,SMBDR,chemical,16,7
AIZR,SMBVL,chemical,1,5
AIZR,SMBVR,chemical,2,2
AIZR,SMBVR,chemical,2,3
AIZR,SMBVR,chemical,4,1
AIZR,SMBVR,chemical,6,4
AIZR,SMBVR,chemical,9,5
AIZR,SMBVR,chemical,9,6
AIZR,SMBVR,chemical,11,8
AIZR,SMBVR,chemical,15,7
AIZR,SMDVR,chemical,2,4
ALA,ADLL,chemical,1,7
ALA,ADLL,chemical,1,8
ALA,ASJL,chemical,1,4
ALA,ASJR,chemical,1,4
ALA,ASJR,chemical,1,5
ALA,AVAR,chemical,1,8
ALA,AVEL,chemical,1,1
ALA,AVEL,chemical,1,2
ALA,AVEL,chemical,2,3
ALA,AVEL,chemical,2,5
ALA,AVEL,chemical,2,6
ALA,AVEL,chemical,2,8
ALA,AVEL,chemical,3,4
ALA,AVEL,chemical,3,7
ALA,AVER,chemical,1,1
ALA,AVER,chemical,1,3
ALA,AVER,chemical,1,4
ALA,AVER,chemical,1,6
ALA,AVER,chemical,2,2
ALA,AVER,chemical,2,5
ALA,AVER,chemical,2,8
ALA,AVER,chemical,4,7
ALA,BDUL,chemical,1,7
ALA,CANR,chemical,1,6
ALA,CEPshDL,chemical,1,5
ALA,CEPshDL,chemical,1,6
ALA,CEPshDR,chemical,1,8
ALA,CEPshVL,chemical,1,2
ALA,CEPshVL,chemical,1,7
ALA,CEPshVL,chemical,2,3
ALA,CEPshVR,chemical,1,3
ALA,CEPshVR,chemical,1,7
ALA,CEPshVR,chemical,2,8
ALA,CEPshVR,chemical,3,2
ALA,CEPshVR,chemical,3,5
ALA,IL1L,chemical,1,1
ALA,IL1L,chemical,1,4
ALA,IL1R,chemical,1,4
ALA,IL2L,chemical,1,4
ALA,IL2R,chemical,1,4
ALA,PVNL,chemical,1,7
ALML,AIML,chemical,1,5
ALML,AVBL,chemical,1,5
ALML,AVBL,chemical,1,6
ALML,AVDR,chemical,1,8
ALML,AVEL,chemical,1,5
ALML,AVM,chemical,1,8
ALML,BDUL,chemical,1,1
ALML,BDUL,chemical,1,2
ALML,BDUL,chemical,2,3
ALML,BDUL,chemical,3,4
ALML,BDUL,chemical,3,5
ALML,BDUL,chemical,4,6
ALML,BDUL,chemical,9,8
ALML,BDUL,chemical,10,7
ALML,CEPDL,chemical,1,2
ALML,CEPDL,chemical,1,4
ALML,CEPDL,chemical,1,7
ALML,CEPDL,chemical,3,5
ALML,CEPDL,chemical,3,6
ALML,CEPDL,chemical,4,8
ALML,CEPVL,chemical,2,3
ALML,CEPVL,chemical,2,4
ALML,CEPVL,chemical,2,5
ALML,CEPVL,chemical,3,6
ALML,CEPVL,chemical,4,8
ALML,CEPVL,chemical,5,7
ALML,CEPshDL,chemical,1,6
ALML,IL2L,chemical,1,5
ALML,PVCL,chemical,4,6
ALML,PVCL,chemical,5,7
ALML,PVCL,chemical,10,8
ALML,PVCR,chemical,1,4
ALML,PVNL,chemical,1,7
ALML,PVNR,chemical,1,7
ALML,PVNR,chemical,1,8
ALML,PVR,chemical,1,1
ALML,PVR,chemical,1,3
ALML,PVR,chemical,1,5
ALML,PVR,chemical,1,7
ALML,RID,chemical,1,5
ALML,RID,chemical,1,8
ALML,RIFL,chemical,1,6
ALML,RIFL,chemical,1,8
ALML,RMDDR,chemical,1,7
ALML,RMGL,chemical,1,5
ALML,SDQL,chemical,1,5
ALML,SDQL,chemical,2,6
ALML,SMBDR,chemical,1,7
ALML,URBL,chemical,1,3
ALMR,ADAR,chemical,1,5
ALMR,ADER,chemical,2,8
ALMR,ALNR,chemical,1,7
ALMR,AVBR,chemical,1,4
ALMR,AVBR,chemical,1,7
ALMR,AVDL,chemical,1,7
ALMR,AVDL,chemical,2,8
ALMR,AVDL,chemical,3,6
ALMR,AVDR,chemical,2,8
ALMR,AVFL,chemical,1,5
ALMR,BDUR,chemical,1,1
ALMR,BDUR,chemical,1,2
ALMR,BDUR,chemical,2,3
ALMR,BDUR,chemical,3,4
ALMR,BDUR,chemical,6,5
ALMR,BDUR,chemical,6,7
ALMR,BDUR,chemical,6,8
ALMR,BDUR,chemical,7,6
ALMR,CEPDR,chemical,1,1
ALMR,CEPDR,chemical,1,3
ALMR,CEPDR,chemical,1,4
ALMR,CEPDR,chemical,2,2
ALMR,CEPDR,chemical,2,5
ALMR,CEPDR,chemical,2,6
ALMR,CEPDR,chemical,4,7
ALMR,CEPDR,chemical,4,8
ALMR,CEPVR,chemical,1,3
ALMR,CEPVR,chemical,3,4
ALMR,CEPVR,chemical,3,5
ALMR,CEPVR,chemical,3,6
ALMR,CEPVR,chemical,4,7
ALMR,CEPVR,chemical,5,8
ALMR,PVCL,chemical,1,4
ALMR,PVCL,chemical,1,6
ALMR,PVCR,chemical,2,5
ALMR,PVCR,chemical,4,6
ALMR,PVCR,chemical,7,7
ALMR,PVCR,chemical,7,8
ALMR,PVNR,chemical,1,8
ALMR,PVR,chemical,1,1
ALMR,PVR,chemical,1,3
ALMR,PVR,chemical,1,7
ALMR,RIFR,chemical,1,2
ALMR,RIFR,chemical,1,5
ALMR,RIFR,chemical,1,6
ALMR,RIFR,chemical,1,8
ALMR,RIFR,chemical,2,4
ALMR,SDQR,chemical,1,5
ALMR,SDQR,chemical,1,7
ALMR,SDQR,chemical,2,6
ALNL,ADEL,chemical,1,8
ALNL,AVAR,chemical,1,6
ALNL,RIAL,chemical,1,5
ALNL,RIAL,chemical,1,7
ALNL,RIVR,chemical,1,8
ALNL,RIVR,chemical,2,7
ALNL,RMGL,chemical,2,7
ALNL,SAAVL,chemical,1,5
ALNL,SAAVL,chemical,5,6
ALNL,SAAVL,chemical,9,7
ALNL,SAAVL,chemical,10,8
ALNL,SMBDR,chemical,1,5
ALNL,SMBDR,chemical,3,6
ALNL,SMBDR,chemical,4,7
ALNL,SMBDR,chemical,4,8
ALNL,SMDVL,chemical,1,8
ALNL,SMDVR,chemical,1,7
ALNL,SMDVR,chemical,1,8
ALNR,AVAL,chemical,1,6
ALNR,AVAL,chemical,2,8
ALNR,BWM-DR04,chemical,1,8
ALNR,BWM-DR06,chemical,1,7
ALNR,RIAR,chemical,1,8
ALNR,RIGR,chemical,1,7
ALNR,RIVL,chemical,1,6
ALNR,RIVL,chemical,2,7
ALNR,RMGR,chemical,1,8
ALNR,RMHL,chemical,1,7
ALNR,SAADR,chemical,1,7
ALNR,SAAVR,chemical,2,5
ALNR,SAAVR,chemical,3,6
ALNR,SAAVR,chemical,9,8
ALNR,SAAVR,chemical,11,7
ALNR,SMBDL,chemical,1,5
ALNR,SMBDL,chemical,2,6
ALNR,SMBDL,chemical,4,7
ALNR,SMBDL,chemical,4,8
ALNR,SMDDL,chemical,1,7
ALNR,SMDDL,chemical,1,8
ALNR,SMDVL,chemical,1,5
ALNR,SMDVL,chemical,1,7
ALNR,SMDVR,chemical,1,7
AQR,ADAR,chemical,1,4
AQR,ADEL,chemical,2,6
AQR,ADER,chemical,1,4
AQR,ADER,chemical,1,6
AQR,ADER,chemical,1,7
AQR,AIBL,chemical,1,4
AQR,AIBL,chemical,1,8
AQR,AIBR,chemical,1,7
AQR,AUAR,chemical,1,8
AQR,AVAL,chemical,2,4
AQR,AVAL,chemical,3,7
AQR,AVAL,chemical,5,5
AQR,AVAL,chemical,6,6
AQR,AVAL,chemical,7,8
AQR,AVAR,chemical,2,4
AQR,AVAR,chemical,5,6
AQR,AVAR,chemical,5,7
AQR,AVAR,chemical,5,8
AQR,AVAR,chemical,7,5
AQR,AVBL,chemical,2,6
AQR,AVBL,chemical,3,4
AQR,AVBL,chemical,3,8
AQR,AVBL,chemical,5,7
AQR,AVBL,chemical,9,5
AQR,AVBR,chemical,2,8
AQR,AVBR,chemical,4,5
AQR,AVBR,chemical,4,6
AQR,AVBR,chemical,6,7
AQR,AVDL,chemical,1,4
AQR,AVDL,chemical,1,5
AQR,AVDL,chemical,1,6
AQR,AVDL,chemical,1,8
AQR,AVDL,chemical,2,7
AQR,AVDR,chemical,1,4
AQR,AVDR,chemical,2,8
AQR,AVHL,chemical,1,7
AQR,BAGL,chemical,1,5
AQR,BAGL,chemical,2,6
AQR,BAGL,chemical,3,8
AQR,BAGL,chemical,4,7
AQR,BAGR,chemical,2,5
AQR,BAGR,chemical,3,6
AQR,BAGR,chemical,4,7
AQR,BAGR,chemical,8,8
AQR,DVA,chemical,1,6
AQR,DVA,chemical,2,7
AQR,FLPL,chemical,1,8
AQR,IL1VL,chemical,1,8
AQR,PVCL,chemical,1,6
AQR,PVCL,chemical,2,4
AQR,PVCL,chemical,2,7
AQR,PVCL,chemical,4,5
AQR,PVCL,chemical,5,8
AQR,PVCR,chemical,2,5
AQR,PVCR,chemical,3,6
AQR,PVCR,chemical,4,7
AQR,PVCR,chemical,5,8
AQR,PVPL,chemical,1,5
AQR,PVPL,chemical,2,8
AQR,PVPR,chemical,1,6
AQR,PVPR,chemical,1,8
AQR,RIAL,chemical,1,5
AQR,RIAL,chemical,3,6
AQR,RIAL,chemical,5,7
AQR,RIAL,chemical,9,8
AQR,RIAR,chemical,1,4
AQR,RIAR,chemical,1,5
AQR,RIAR,chemical,2,6
AQR,RIAR,chemical,5,7
AQR,RIAR,chemical,8,8
AQR,RIBR,chemical,1,5
AQR,RIGL,chemical,1,5
AQR,RIGR,chemical,1,5
AQR,RIR,chemical,1,4
AQR,RIR,chemical,1,5
AQR,RIR,chemical,1,6
AQR,RIR,chemical,3,7
AQR,RIR,chemical,9,8
AQR,SDQL,chemical,1,7
ASEL,ADLL,chemical,2,7
ASEL,ADLL,chemical,2,8
ASEL,AFDL,chemical,1,4
ASEL,AFDL,chemical,1,6
ASEL,AFDL,chemical,1,7
ASEL,AFDL,chemical,1,8
ASEL,AFDR,chemical,1,1
ASEL,AFDR,chemical,1,3
ASEL,AFDR,chemical,1,7
ASEL,AFDR,chemical,2,8
ASEL,AFDR,chemical,3,5
ASEL,AFDR,chemical,3,6
ASEL,AIAL,chemical,1,6
ASEL,AIAL,chemical,1,8
ASEL,AIAL,chemical,2,5
ASEL,AIAL,chemical,2,7
ASEL,AIAR,chemical,1,6
ASEL,AIAR,chemical,2,7
ASEL,AIBL,chemical,4,1
ASEL,AIBL,chemical,4,2
ASEL,AIBL,chemical,6,3
ASEL,AIBL,chemical,8,5
ASEL,AIBL,chemical,8,6
ASEL,AIBL,chemical,9,4
ASEL,AIBL,chemical,13,8
ASEL,AIBL,chemical,18,7
ASEL,AIBR,chemical,1,3
ASEL,AIBR,chemical,2,5
ASEL,AIBR,chemical,2,6
ASEL,AIBR,chemical,3,1
ASEL,AIBR,chemical,3,2
ASEL,AIBR,chemical,3,8
ASEL,AIBR,chemical,5,7
ASEL,AINL,chemical,1,5
ASEL,AINL,chemical,1,7
ASEL,AINL,chemical,1,8
ASEL,AIYL,chemical,5,1
ASEL,AIYL,chemical,5,2
ASEL,AIYL,chemical,6,3
ASEL,AIYL,chemical,8,4
ASEL,AIYL,chemical,8,6
ASEL,AIYL,chemical,11,5
ASEL,AIYL,chemical,11,8
ASEL,AIYL,chemical,13,7
ASEL,AIYR,chemical,1,4
ASEL,AIYR,chemical,2,2
ASEL,AIYR,chemical,2,3
ASEL,AIYR,chemical,4,1
ASEL,AIYR,chemical,5,7
ASEL,AIYR,chemical,6,5
ASEL,AIYR,chemical,6,8
ASEL,AIYR,chemical,8,6
ASEL,AIZL,chemical,1,5
ASEL,ASER,chemical,1,4
ASEL,ASGL,chemical,2,8
ASEL,AWCL,chemical,1,1
ASEL,AWCL,chemical,1,2
ASEL,AWCL,chemical,1,4
ASEL,AWCL,chemical,1,6
ASEL,AWCL,chemical,2,3
ASEL,AWCL,chemical,3,5
ASEL,AWCL,chemical,5,8
ASEL,AWCL,chemical,8,7
ASEL,AWCR,chemical,1,1
ASEL,AWCR,chemical,1,2
ASEL,AWCR,chemical,1,4
ASEL,AWCR,chemical,1,5
ASEL,AWCR,chemical,1,8
ASEL,BAGL,chemical,1,3
ASEL,BAGL,chemical,1,5
ASEL,BAGL,chemical,1,8
ASEL,BAGR,chemical,1,8
ASEL,RIAR,chemical,1,8
ASEL,RIAR,chemical,2,7
ASER,ADLR,chemical,1,3
ASER,AFDL,chemical,1,2
ASER,AFDL,chemical,1,6
ASER,AFDL,chemical,2,5
ASER,AFDL,chemical,3,8
ASER,AFDL,chemical,4,7
ASER,AFDR,chemical,1,5
ASER,AFDR,chemical,2,4
ASER,AFDR,chemical,2,7
ASER,AFDR,chemical,2,8
ASER,AIAL,chemical,1,2
ASER,AIAL,chemical,1,5
ASER,AIAR,chemical,1,4
ASER,AIAR,chemical,1,5
ASER,AIAR,chemical,1,7
ASER,AIAR,chemical,1,8
ASER,AIAR,chemical,4,6
ASER,AIBL,chemical,1,1
ASER,AIBL,chemical,3,4
ASER,AIBL,chemical,4,2
ASER,AIBL,chemical,4,3
ASER,AIBL,chemical,4,6
ASER,AIBL,chemical,5,7
ASER,AIBL,chemical,6,5
ASER,AIBL,chemical,6,8
ASER,AIBR,chemical,3,2
ASER,AIBR,chemical,6,1
ASER,AIBR,chemical,6,4
ASER,AIBR,chemical,7,3
ASER,AIBR,chemical,8,6
ASER,AIBR,chemical,10,5
ASER,AIBR,chemical,12,7
ASER,AIBR,chemical,15,8
ASER,AIYL,chemical,2,1
ASER,AIYL,chemical,3,2
ASER,AIYL,chemical,3,3
ASER,AIYL,chemical,3,4
ASER,AIYL,chemical,6,6
ASER,AIYL,chemical,8,5
ASER,AIYL,chemical,11,8
ASER,AIYL,chemical,13,7
ASER,AIYR,chemical,5,2
ASER,AIYR,chemical,7,3
ASER,AIYR,chemical,8,1
ASER,AIYR,chemical,9,4
ASER,AIYR,chemical,10,6
ASER,AIYR,chemical,13,5
ASER,AIYR,chemical,16,7
ASER,AIYR,chemical,21,8
ASER,AIZL,chemical,1,2
ASER,AIZL,chemical,1,5
ASER,AIZL,chemical,1,8
ASER,AIZR,chemical,1,1
ASER,AIZR,chemical,1,4
ASER,AIZR,chemical,1,6
ASER,AIZR,chemical,1,7
ASER,AIZR,chemical,2,5
ASER,ASEL,chemical,1,5
ASER,ASEL,chemical,1,6
ASER,ASEL,chemical,1,7
ASER,ASER,chemical,1,7
ASER,ASIR,chemical,1,1
ASER,ASIR,chemical,1,7
ASER,ASIR,chemical,1,8
ASER,AWAR,chemical,1,3
ASER,AWAR,chemical,1,8
ASER,AWAR,chemical,2,7
ASER,AWCL,chemical,1,3
ASER,AWCL,chemical,1,5
ASER,AWCL,chemical,2,7
ASER,AWCR,chemical,1,1
ASER,AWCR,chemical,1,3
ASER,AWCR,chemical,1,7
ASER,AWCR,chemical,2,2
ASER,AWCR,chemical,4,6
ASER,AWCR,chemical,5,4
ASER,AWCR,chemical,8,5
ASER,AWCR,chemical,9,8
ASER,BAGR,chemical,1,3
ASER,BAGR,chemical,1,7
ASER,HSNR,chemical,1,7
ASER,PVQR,chemical,1,7
ASER,RIAL,chemical,3,7
ASGL,AIAL,chemical,3,1
ASGL,AIAL,chemical,4,2
ASGL,AIAL,chemical,5,6
ASGL,AIAL,chemical,6,3
ASGL,AIAL,chemical,7,4
ASGL,AIAL,chemical,8,5
ASGL,AIAL,chemical,9,8
ASGL,AIAL,chemical,12,7
ASGL,AIBL,chemical,1,2
ASGL,AIBL,chemical,1,3
ASGL,AIBL,chemical,1,4
ASGL,AIBL,chemical,1,5
ASGL,AIBL,chemical,1,8
ASGL,AIBL,chemical,2,7
ASGL,AIBL,chemical,3,6
ASGL,AIML,chemical,1,1
ASGL,AIML,chemical,1,3
ASGL,AIML,chemical,1,4
ASGL,AIML,chemical,1,5
ASGL,AIML,chemical,2,2
ASGL,AIML,chemical,3,8
ASGL,AIZL,chemical,1,8
ASGL,ASJL,chemical,1,7
ASGL,ASJL,chemical,1,8
ASGL,AWCL,chemical,1,3
ASGL,CEPVL,chemical,1,8
ASGL,CEPshVL,chemical,1,8
ASGR,AIAR,chemical,3,2
ASGR,AIAR,chemical,3,3
ASGR,AIAR,chemical,4,1
ASGR,AIAR,chemical,6,4
ASGR,AIAR,chemical,8,6
ASGR,AIAR,chemical,9,5
ASGR,AIAR,chemical,10,8
ASGR,AIAR,chemical,17,7
ASGR,AIBR,chemical,1,5
ASGR,AIBR,chemical,3,6
ASGR,AIBR,chemical,3,8
ASGR,AIBR,chemical,5,7
ASGR,AIMR,chemical,1,2
ASGR,AIMR,chemical,1,5
ASGR,AIMR,chemical,2,1
ASGR,AIMR,chemical,2,3
ASGR,AIMR,chemical,2,4
ASGR,AIMR,chemical,2,7
ASGR,ASER,chemical,1,2
ASGR,ASER,chemical,1,5
ASGR,ASJR,chemical,1,1
ASGR,AWCL,chemical,1,7
ASGR,AWCR,chemical,1,3
ASHL,ADAL,chemical,1,7
ASHL,ADAL,chemical,2,1
ASHL,ADAL,chemical,2,3
ASHL,ADAL,chemical,3,4
ASHL,ADAL,chemical,3,5
ASHL,ADAL,chemical,3,6
ASHL,ADAL,chemical,3,8
ASHL,ADFL,chemical,1,2
ASHL,ADFL,chemical,1,7
ASHL,ADFL,chemical,2,3
ASHL,ADFL,chemical,2,5
ASHL,ADFL,chemical,3,6
ASHL,ADLL,chemical,1,5
ASHL,ADLL,chemical,3,7
ASHL,ADLL,chemical,3,8
ASHL,AIAL,chemical,2,1
ASHL,AIAL,chemical,4,3
ASHL,AIAL,chemical,5,2
ASHL,AIAL,chemical,7,4
ASHL,AIAL,chemical,7,5
ASHL,AIAL,chemical,9,6
ASHL,AIAL,chemical,11,8
ASHL,AIAL,chemical,15,7
ASHL,AIAR,chemical,1,8
ASHL,AIBL,chemical,1,1
ASHL,AIBL,chemical,1,4
ASHL,AIBL,chemical,3,3
ASHL,AIBL,chemical,4,5
ASHL,AIBL,chemical,4,7
ASHL,AIBL,chemical,5,2
ASHL,AIBL,chemical,7,6
ASHL,AIBL,chemical,7,8
ASHL,AIYL,chemical,1,7
ASHL,AIZL,chemical,1,2
ASHL,AIZL,chemical,1,8
ASHL,ALML,chemical,1,3
ASHL,ASHL,chemical,1,7
ASHL,ASKL,chemical,1,2
ASHL,ASKL,chemical,1,4
ASHL,ASKL,chemical,1,5
ASHL,ASKL,chemical,1,7
ASHL,ASKL,chemical,2,3
ASHL,AVAL,chemical,1,2
ASHL,AVAL,chemical,1,3
ASHL,AVAL,chemical,4,5
ASHL,AVAL,chemical,7,6
ASHL,AVAL,chemical,8,4
ASHL,AVAL,chemical,8,7
ASHL,AVAL,chemical,16,8
ASHL,AVAR,chemical,1,4
ASHL,AVAR,chemical,1,6
ASHL,AVBL,chemical,1,1
ASHL,AVBL,chemical,1,2
ASHL,AVBL,chemical,6,4
ASHL,AVBL,chemical,6,5
ASHL,AVBL,chemical,8,7
ASHL,AVBL,chemical,9,6
ASHL,AVBL,chemical,11,8
ASHL,AVDL,chemical,1,1
ASHL,AVDL,chemical,1,2
ASHL,AVDL,chemical,1,3
ASHL,AVDL,chemical,1,4
ASHL,AVDL,chemical,1,5
ASHL,AVDL,chemical,1,8
ASHL,AVDL,chemical,2,7
ASHL,AVDL,chemical,3,6
ASHL,AVDR,chemical,1,3
ASHL,AVDR,chemical,6,4
ASHL,AVDR,chemical,6,5
ASHL,AVDR,chemical,6,6
ASHL,AVDR,chemical,10,8
ASHL,AVDR,chemical,14,7
ASHL,AVEL,chemical,1,5
ASHL,AVEL,chemical,2,8
ASHL,AVFR,chemical,1,7
ASHL,AVHR,chemical,1,5
ASHL,AVHR,chemical,1,7
ASHL,AVHR,chemical,1,8
ASHL,AVJL,chemical,1,2
ASHL,AVJL,chemical,1,7
ASHL,AVJR,chemical,1,8
ASHL,AVJR,chemical,2,7
ASHL,AWAL,chemical,1,3
ASHL,AWAL,chemical,1,5
ASHL,AWAL,chemical,1,7
ASHL,AWAL,chemical,1,8
ASHL,AWAL,chemical,3,4
ASHL,AWBL,chemical,1,5
ASHL,AWBL,chemical,1,6
ASHL,AWBL,chemical,2,7
ASHL,AWBL,chemical,2,8
ASHL,HSNL,chemical,1,7
ASHL,HSNL,chemical,1,8
ASHL,HSNR,chemical,1,8
ASHL,HSNR,chemical,5,7
ASHL,PVCR,chemical,1,4
ASHL,PVNL,chemical,4,7
ASHL,PVQL,chemical,1,4
ASHL,PVQL,chemical,2,8
ASHL,RIAL,chemical,1,8
ASHL,RIAL,chemical,2,3
ASHL,RIAL,chemical,2,4
ASHL,RIAL,chemical,3,5
ASHL,RIAL,chemical,3,6
ASHL,RIFL,chemical,1,2
ASHL,RIFL,chemical,1,5
ASHL,RIFL,chemical,1,8
ASHL,RIML,chemical,2,6
ASHL,RIML,chemical,3,5
ASHL,RMGL,chemical,3,8
ASHL,SIBVL,chemical,1,3
ASHL,SMBDL,chemical,1,1
ASHL,SMBDL,chemical,1,3
ASHL,SMBVL,chemical,1,1
ASHL,SMBVL,chemical,1,8
ASHL,URXL,chemical,1,4
ASHL,URXL,chemical,1,5
ASHL,URXL,chemical,2,8
ASHR,ADAR,chemical,1,3
ASHR,ADAR,chemical,1,4
ASHR,ADAR,chemical,2,2
ASHR,ADAR,chemical,2,5
ASHR,ADAR,chemical,2,6
ASHR,ADAR,chemical,2,8
ASHR,ADAR,chemical,5,7
ASHR,ADFR,chemical,1,6
ASHR,ADFR,chemical,1,8
ASHR,ADFR,chemical,3,7
ASHR,ADFR,chemical,4,5
ASHR,ADLR,chemical,1,5
ASHR,ADLR,chemical,4,8
ASHR,AIAL,chemical,1,8
ASHR,AIAR,chemical,2,1
ASHR,AIAR,chemical,2,2
ASHR,AIAR,chemical,3,3
ASHR,AIAR,chemical,3,4
ASHR,AIAR,chemical,9,5
ASHR,AIAR,chemical,11,6
ASHR,AIAR,chemical,12,8
ASHR,AIAR,chemical,13,7
ASHR,AIBR,chemical,2,1
ASHR,AIBR,chemical,2,2
ASHR,AIBR,chemical,2,4
ASHR,AIBR,chemical,3,3
ASHR,AIBR,chemical,7,5
ASHR,AIBR,chemical,7,8
ASHR,AIBR,chemical,8,6
ASHR,AIBR,chemical,10,7
ASHR,AIMR,chemical,1,8
ASHR,AIYR,chemical,1,7
ASHR,AIYR,chemical,1,8
ASHR,ASER,chemical,1,3
ASHR,ASKR,chemical,2,4
ASHR,AVAL,chemical,1,6
ASHR,AVAL,chemical,2,8
ASHR,AVAR,chemical,1,5
ASHR,AVAR,chemical,3,3
ASHR,AVAR,chemical,3,6
ASHR,AVAR,chemical,6,7
ASHR,AVAR,chemical,8,4
ASHR,AVAR,chemical,18,8
ASHR,AVBR,chemical,1,2
ASHR,AVBR,chemical,2,1
ASHR,AVBR,chemical,4,3
ASHR,AVBR,chemical,4,4
ASHR,AVBR,chemical,4,6
ASHR,AVBR,chemical,7,5
ASHR,AVBR,chemical,11,8
ASHR,AVBR,chemical,15,7
ASHR,AVDL,chemical,1,1
ASHR,AVDL,chemical,3,3
ASHR,AVDL,chemical,3,7
ASHR,AVDL,chemical,4,6
ASHR,AVDL,chemical,5,5
ASHR,AVDL,chemical,10,8
ASHR,AVDR,chemical,1,2
ASHR,AVDR,chemical,1,3
ASHR,AVDR,chemical,1,4
ASHR,AVDR,chemical,1,5
ASHR,AVDR,chemical,2,6
ASHR,AVDR,chemical,3,7
ASHR,AVDR,chemical,3,8
ASHR,AVER,chemical,1,5
ASHR,AVER,chemical,1,6
ASHR,AVER,chemical,1,7
ASHR,AVER,chemical,2,8
ASHR,AVFR,chemical,1,7
ASHR,AVHL,chemical,1,1
ASHR,AVHL,chemical,1,4
ASHR,AVHL,chemical,1,5
ASHR,AVHL,chemical,2,8
ASHR,AVHL,chemical,3,7
ASHR,AVJL,chemical,1,3
ASHR,AVJL,chemical,1,5
ASHR,AVJL,chemical,1,8
ASHR,AVJL,chemical,2,7
ASHR,AVJR,chemical,1,2
ASHR,AVJR,chemical,1,3
ASHR,AVJR,chemical,1,6
ASHR,AWAR,chemical,1,2
ASHR,AWAR,chemical,1,3
ASHR,AWAR,chemical,1,5
ASHR,AWAR,chemical,1,8
ASHR,AWBR,chemical,1,5
ASHR,AWBR,chemical,1,8
ASHR,AWBR,chemical,2,7
ASHR,HSNL,chemical,1,8
ASHR,HSNR,chemical,1,7
ASHR,HSNR,chemical,2,8
ASHR,PVCL,chemical,2,8
ASHR,PVQR,chemical,1,2
ASHR,RIAR,chemical,1,3
ASHR,RIAR,chemical,1,6
ASHR,RIAR,chemical,1,8
ASHR,RIAR,chemical,2,2
ASHR,RIAR,chemical,2,4
ASHR,RIAR,chemical,2,5
ASHR,RIAR,chemical,3,7
ASHR,RIFR,chemical,1,7
ASHR,RIMR,chemical,1,3
ASHR,RIMR,chemical,1,6
ASHR,RIMR,chemical,1,8
ASHR,RMGR,chemical,1,6
ASHR,RMGR,chemical,1,8
ASHR,SMBDR,chemical,1,5
ASHR,SMBVR,chemical,1,2
ASHR,SMBVR,chemical,1,4
ASIL,ADLL,chemical,1,2
ASIL,AFDL,chemical,1,6
ASIL,AFDL,chemical,1,7
ASIL,AIAL,chemical,1,3
ASIL,AIAL,chemical,1,4
ASIL,AIAL,chemical,3,5
ASIL,AIAL,chemical,3,6
ASIL,AIAL,chemical,3,8
ASIL,AIAL,chemical,8,7
ASIL,AIAR,chemical,2,8
ASIL,AIBL,chemical,1,6
ASIL,AIBL,chemical,2,5
ASIL,AIBL,chemical,4,8
ASIL,AIBL,chemical,5,7
ASIL,AIBR,chemical,2,8
ASIL,AINR,chemical,1,1
ASIL,AIYL,chemical,1,7
ASIL,ASER,chemical,1,5
ASIL,ASER,chemical,1,8
ASIL,ASGL,chemical,1,5
ASIL,ASGL,chemical,1,6
ASIL,ASGL,chemical,1,7
ASIL,ASGL,chemical,5,8
ASIL,ASHL,chemical,1,8
ASIL,ASKL,chemical,1,6
ASIL,ASKL,chemical,1,8
ASIL,AWAL,chemical,2,7
ASIL,AWCL,chemical,1,1
ASIL,AWCL,chemical,1,2
ASIL,AWCL,chemical,2,3
ASIL,AWCL,chemical,3,4
ASIL,AWCL,chemical,3,5
ASIL,AWCL,chemical,3,6
ASIL,AWCL,chemical,8,7
ASIL,AWCL,chemical,10,8
ASIL,AWCR,chemical,1,1
ASIL,AWCR,chemical,3,5
ASIL,AWCR,chemical,4,4
ASIL,AWCR,chemical,4,7
ASIL,AWCR,chemical,5,6
ASIL,AWCR,chemical,8,8
ASIL,BAGR,chemical,1,1
ASIL,BAGR,chemical,1,6
ASIL,BAGR,chemical,1,7
ASIL,CEPVL,chemical,1,8
ASIL,CEPshDL,chemical,1,5
ASIL,CEPshDL,chemical,2,7
ASIL,CEPshDL,chemical,2,8
ASIL,CEPshDR,chemical,1,4
ASIL,CEPshVL,chemical,1,5
ASIL,CEPshVL,chemical,1,7
ASIL,CEPshVL,chemical,3,4
ASIL,CEPshVL,chemical,3,6
ASIL,CEPshVL,chemical,3,8
ASIL,CEPshVR,chemical,1,5
ASIL,RIAL,chemical,1,7
ASIR,AFDR,chemical,1,8
ASIR,AFDR,chemical,2,5
ASIR,AIAR,chemical,1,1
ASIR,AIAR,chemical,1,3
ASIR,AIAR,chemical,1,5
ASIR,AIAR,chemical,2,6
ASIR,AIAR,chemical,4,7
ASIR,AIAR,chemical,6,8
ASIR,AIBR,chemical,1,4
ASIR,AIBR,chemical,2,1
ASIR,AIBR,chemical,3,6
ASIR,AIBR,chemical,7,7
ASIR,AIBR,chemical,7,8
ASIR,AIYR,chemical,1,6
ASIR,AIYR,chemical,2,5
ASIR,AIYR,chemical,2,8
ASIR,ASER,chemical,1,1
ASIR,ASER,chemical,1,3
ASIR,ASGR,chemical,1,3
ASIR,ASGR,chemical,1,4
ASIR,ASGR,chemical,2,6
ASIR,ASGR,chemical,3,8
ASIR,ASGR,chemical,4,7
ASIR,ASKR,chemical,1,6
ASIR,ASKR,chemical,2,7
ASIR,AVAR,chemical,1,6
ASIR,AWAR,chemical,1,7
ASIR,AWAR,chemical,1,8
ASIR,AWBR,chemical,1,8
ASIR,AWCL,chemical,1,5
ASIR,AWCL,chemical,2,2
ASIR,AWCL,chemical,2,3
ASIR,AWCL,chemical,2,4
ASIR,AWCL,chemical,3,6
ASIR,AWCL,chemical,4,8
ASIR,AWCL,chemical,7,7
ASIR,AWCR,chemical,1,2
ASIR,AWCR,chemical,1,4
ASIR,AWCR,chemical,2,1
ASIR,AWCR,chemical,4,5
ASIR,AWCR,chemical,4,6
ASIR,AWCR,chemical,6,8
ASIR,AWCR,chemical,15,7
ASIR,BAGL,chemical,1,6
ASIR,CEPVR,chemical,1,6
ASIR,CEPshDR,chemical,1,2
ASIR,CEPshDR,chemical,1,4
ASIR,CEPshDR,chemical,1,6
ASIR,CEPshDR,chemical,1,8
ASIR,CEPshDR,chemical,3,5
ASIR,CEPshVR,chemical,1,1
ASIR,CEPshVR,chemical,1,7
ASIR,CEPshVR,chemical,2,3
ASIR,CEPshVR,chemical,2,5
ASIR,CEPshVR,chemical,4,6
ASIR,CEPshVR,chemical,8,8
ASIR,IL1R,chemical,1,6
ASIR,RIAR,chemical,1,7
ASIR,RIAR,chemical,2,6
ASJL,AIAL,chemical,1,5
ASJL,AIAL,chemical,1,7
ASJL,AIAL,chemical,1,8
ASJL,ALA,chemical,1,8
ASJL,ASGL,chemical,1,7
ASJL,ASKL,chemical,1,2
ASJL,ASKL,chemical,1,7
ASJL,ASKL,chemical,3,3
ASJL,ASKL,chemical,3,4
ASJL,ASKL,chemical,4,6
ASJL,ASKL,chemical,4,8
ASJL,ASKL,chemical,5,5
ASJL,AVFR,chemical,1,5
ASJL,AWAL,chemical,1,3
ASJL,CEPshDL,chemical,1,1
ASJL,CEPshDL,chemical,1,2
ASJL,CEPshVL,chemical,1,2
ASJL,CEPshVL,chemical,1,6
ASJL,CEPshVL,chemical,1,7
ASJL,CEPshVL,chemical,3,5
ASJL,HSNR,chemical,1,7
ASJL,PVQL,chemical,3,1
ASJL,PVQL,chemical,4,2
ASJL,PVQL,chemical,4,3
ASJL,PVQL,chemical,8,4
ASJL,PVQL,chemical,10,5
ASJL,PVQL,chemical,10,6
ASJL,PVQL,chemical,11,7
ASJL,PVQL,chemical,14,8
ASJL,PVQR,chemical,1,2
ASJR,AIAR,chemical,1,1
ASJR,AIAR,chemical,1,3
ASJR,AIMR,chemical,1,3
ASJR,AINR,chemical,1,8
ASJR,ALA,chemical,1,8
ASJR,ASKL,chemical,1,5
ASJR,ASKR,chemical,1,1
ASJR,ASKR,chemical,1,6
ASJR,ASKR,chemical,3,2
ASJR,ASKR,chemical,3,3
ASJR,ASKR,chemical,3,4
ASJR,ASKR,chemical,3,5
ASJR,ASKR,chemical,4,8
ASJR,ASKR,chemical,10,7
ASJR,AWAR,chemical,1,3
ASJR,CEPshVL,chemical,1,3
ASJR,CEPshVR,chemical,1,2
ASJR,CEPshVR,chemical,1,3
ASJR,CEPshVR,chemical,1,6
ASJR,CEPshVR,chemical,1,8
ASJR,CEPshVR,chemical,2,5
ASJR,HSNR,chemical,1,7
ASJR,PVNL,chemical,1,7
ASJR,PVQR,chemical,2,1
ASJR,PVQR,chemical,5,2
ASJR,PVQR,chemical,6,3
ASJR,PVQR,chemical,6,5
ASJR,PVQR,chemical,6,6
ASJR,PVQR,chemical,7,4
ASJR,PVQR,chemical,13,7
ASJR,PVQR,chemical,13,8
ASKL,ADAL,chemical,1,3
ASKL,ADAL,chemical,1,8
ASKL,ADLL,chemical,1,6
ASKL,ADLL,chemical,1,7
ASKL,ADLL,chemical,2,8
ASKL,AIAL,chemical,2,1
ASKL,AIAL,chemical,6,3
ASKL,AIAL,chemical,7,2
ASKL,AIAL,chemical,7,4
ASKL,AIAL,chemical,11,5
ASKL,AIAL,chemical,12,6
ASKL,AIAL,chemical,21,7
ASKL,AIAL,chemical,25,8
ASKL,AIAR,chemical,1,5
ASKL,AIAR,chemical,2,7
ASKL,AIBL,chemical,3,6
ASKL,AIBL,chemical,6,8
ASKL,AIBL,chemical,10,7
ASKL,AIML,chemical,2,5
ASKL,AIML,chemical,2,8
ASKL,AIML,chemical,3,6
ASKL,AIML,chemical,6,7
ASKL,AINL,chemical,1,8
ASKL,AINL,chemical,2,7
ASKL,ASGL,chemical,1,7
ASKL,ASGL,chemical,1,8
ASKL,ASHL,chemical,1,5
ASKL,ASIL,chemical,1,7
ASKL,ASIL,chemical,1,8
ASKL,ASJL,chemical,1,2
ASKL,AWBL,chemical,1,8
ASKL,PVQL,chemical,1,4
ASKL,PVQL,chemical,1,8
ASKL,SIBDR,chemical,1,8
ASKL,SMDDR,chemical,1,8
ASKR,ADLR,chemical,2,8
ASKR,ADLR,chemical,3,7
ASKR,AIAL,chemical,1,8
ASKR,AIAR,chemical,3,1
ASKR,AIAR,chemical,4,2
ASKR,AIAR,chemical,6,3
ASKR,AIAR,chemical,7,4
ASKR,AIAR,chemical,10,5
ASKR,AIAR,chemical,18,6
ASKR,AIAR,chemical,19,7
ASKR,AIAR,chemical,30,8
ASKR,AIBR,chemical,3,6
ASKR,AIBR,chemical,4,4
ASKR,AIBR,chemical,5,7
ASKR,AIBR,chemical,6,8
ASKR,AIMR,chemical,1,3
ASKR,AIMR,chemical,2,5
ASKR,AIMR,chemical,6,7
ASKR,AIMR,chemical,7,6
ASKR,AIMR,chemical,12,8
ASKR,AINR,chemical,1,4
ASKR,ASER,chemical,2,8
ASKR,ASHR,chemical,1,7
ASKR,ASJR,chemical,1,6
ASKR,ASKL,chemical,1,5
ASKR,ASKL,chemical,1,8
ASKR,AVDR,chemical,1,7
ASKR,AVFL,chemical,1,8
ASKR,AVFR,chemical,1,8
ASKR,AVJR,chemical,1,7
ASKR,HSNL,chemical,2,7
ASKR,HSNL,chemical,2,8
ASKR,HSNR,chemical,1,7
ASKR,HSNR,chemical,1,8
ASKR,PVNL,chemical,1,7
ASKR,PVQR,chemical,1,8
ASKR,RIFR,chemical,1,2
ASKR,RMGR,chemical,1,7
AUAL,ADFL,chemical,2,8
AUAL,AINR,chemical,2,8
AUAL,AVAL,chemical,1,2
AUAL,AVAL,chemical,2,3
AUAL,AVAL,chemical,2,4
AUAL,AVAL,chemical,3,5
AUAL,AVAL,chemical,3,6
AUAL,AVAL,chemical,6,7
AUAL,AVAL,chemical,8,8
AUAL,AVDR,chemical,1,5
AUAL,AVDR,chemical,1,6
AUAL,AVDR,chemical,1,7
AUAL,AVEL,chemical,1,1
AUAL,AVEL,chemical,2,2
AUAL,AVEL,chemical,2,3
AUAL,AVEL,chemical,2,5
AUAL,AVEL,chemical,2,6
AUAL,AVEL,chemical,5,4
AUAL,AVEL,chemical,10,7
AUAL,AVEL,chemical,10,8
AUAL,DVA,chemical,1,5
AUAL,DVA,chemical,1,6
AUAL,DVA,chemical,3,8
AUAL,RIAL,chemical,1,1
AUAL,RIAL,chemical,2,2
AUAL,RIAL,chemical,5,6
AUAL,RIAL,chemical,6,5
AUAL,RIAL,chemical,7,3
AUAL,RIAL,chemical,7,4
AUAL,RIAL,chemical,17,7
AUAL,RIAL,chemical,20,8
AUAL,RIBL,chemical,2,1
AUAL,RIBL,chemical,3,2
AUAL,RIBL,chemical,5,6
AUAL,RIBL,chemical,7,3
AUAL,RIBL,chemical,7,5
AUAL,RIBL,chemical,10,4
AUAL,RIBL,chemical,13,8
AUAL,RIBL,chemical,22,7
AUAL,RIR,chemical,1,8
AUAL,SAAVL,chemical,1,7
AUAL,URXL,chemical,1,1
AUAL,URXL,chemical,1,5
AUAL,URXL,chemical,2,3
AUAL,URXL,chemical,2,4
AUAL,URXL,chemical,3,7
AUAL,URXL,chemical,4,8
AUAR,AINL,chemical,1,8
AUAR,AVAR,chemical,1,2
AUAR,AVAR,chemical,1,4
AUAR,AVAR,chemical,2,3
AUAR,AVAR,chemical,3,5
AUAR,AVAR,chemical,4,6
AUAR,AVAR,chemical,5,7
AUAR,AVAR,chemical,7,8
AUAR,AVDL,chemical,1,6
AUAR,AVDL,chemical,1,7
AUAR,AVER,chemical,1,1
AUAR,AVER,chemical,2,2
AUAR,AVER,chemical,2,5
AUAR,AVER,chemical,4,3
AUAR,AVER,chemical,4,4
AUAR,AVER,chemical,4,6
AUAR,AVER,chemical,10,8
AUAR,AVER,chemical,11,7
AUAR,BAGL,chemical,1,7
AUAR,RIAR,chemical,2,1
AUAR,RIAR,chemical,3,2
AUAR,RIAR,chemical,5,3
AUAR,RIAR,chemical,6,4
AUAR,RIAR,chemical,7,5
AUAR,RIAR,chemical,9,6
AUAR,RIAR,chemical,15,7
AUAR,RIAR,chemical,18,8
AUAR,RIBR,chemical,3,1
AUAR,RIBR,chemical,5,2
AUAR,RIBR,chemical,6,5
AUAR,RIBR,chemical,7,3
AUAR,RIBR,chemical,10,4
AUAR,RIBR,chemical,11,6
AUAR,RIBR,chemical,20,8
AUAR,RIBR,chemical,21,7
AUAR,URXR,chemical,1,8
AUAR,URXR,chemical,2,5
AUAR,URXR,chemical,3,3
AUAR,URYVR,chemical,1,4
AVFL,AIAL,chemical,1,8
AVFL,AIMR,chemical,1,7
AVFL,AQR,chemical,1,7
AVFL,ASHR,chemical,1,5
AVFL,AVAL,chemical,1,8
AVFL,AVBL,chemical,2,8
AVFL,AVBR,chemical,1,5
AVFL,AVBR,chemical,1,6
AVFL,AVBR,chemical,2,8
AVFL,AVBR,chemical,5,7
AVFL,AVER,chemical,1,7
AVFL,AVFR,chemical,1,8
AVFL,AVFR,chemical,2,5
AVFL,AVFR,chemical,2,7
AVFL,AVHR,chemical,1,8
AVFL,AVJL,chemical,1,7
AVFL,AVJL,chemical,1,8
AVFL,BDUR,chemical,2,8
AVFL,DVA,chemical,3,7
AVFL,HSNL,chemical,2,7
AVFL,HSNL,chemical,2,8
AVFL,HSNR,chemical,1,7
AVFL,PVNL,chemical,1,8
AVFL,PVNR,chemical,2,7
AVFL,PVQL,chemical,1,8
AVFL,PVQR,chemical,1,5
AVFL,PVQR,chemical,1,8
AVFL,RIFL,chemical,1,7
AVFL,RIFL,chemical,3,8
AVFR,ADAL,chemical,1,7
AVFR,AIMR,chemical,1,8
AVFR,ALML,chemical,1,5
AVFR,ALMR,chemical,1,5
AVFR,ASJL,chemical,1,8
AVFR,ASJR,chemical,1,8
AVFR,ASKR,chemical,1,8
AVFR,AVBL,chemical,1,5
AVFR,AVBL,chemical,1,6
AVFR,AVBR,chemical,1,6
AVFR,AVBR,chemical,1,7
AVFR,AVBR,chemical,1,8
AVFR,AVFL,chemical,1,5
AVFR,AVFL,chemical,1,7
AVFR,AVFL,chemical,2,6
AVFR,AVFL,chemical,6,8
AVFR,AVJL,chemical,1,7
AVFR,AVKR,chemical,1,8
AVFR,AVM,chemical,1,7
AVFR,AWAL,chemical,1,7
AVFR,AWBL,chemical,1,7
AVFR,BDUL,chemical,1,5
AVFR,BDUL,chemical,2,7
AVFR,BDUR,chemical,2,8
AVFR,CEPshVL,chemical,1,5
AVFR,CEPshVR,chemical,1,5
AVFR,DVA,chemical,1,8
AVFR,HSNL,chemical,6,8
AVFR,HSNR,chemical,1,7
AVFR,HSNR,chemical,1,8
AVFR,PVNL,chemical,2,7
AVFR,PVNR,chemical,1,8
AVFR,PVNR,chemical,2,7
AVFR,PVQL,chemical,1,8
AVFR,PVQL,chemical,4,5
AVFR,PVQR,chemical,1,7
AVFR,PVQR,chemical,1,8
AVFR,PVQR,chemical,3,5
AVFR,RID,chemical,1,8
AVFR,RIFL,chemical,1,5
AVFR,RIFR,chemical,1,7
AVFR,RIFR,chemical,2,8
AVFR,RMGL,chemical,1,5
AVFR,SIAVL,chemical,1,7
AVFR,SMBVR,chemical,1,8
AVFR,SMDVR,chemical,1,7
AVFR,URADR,chemical,1,8
AVHL,ADAR,chemical,1,4
AVHL,ADFR,chemical,1,2
AVHL,ADFR,chemical,1,6
AVHL,ADFR,chemical,2,4
AVHL,ADFR,chemical,2,7
AVHL,ADFR,chemical,3,3
AVHL,ADFR,chemical,3,8
AVHL,ADFR,chemical,4,5
AVHL,ADLR,chemical,1,1
AVHL,ADLR,chemical,1,2
AVHL,ADLR,chemical,1,8
AVHL,AFDR,chemical,1,3
AVHL,AIAR,chemical,1,7
AVHL,AIZR,chemical,1,3
AVHL,AIZR,chemical,1,4
AVHL,AIZR,chemical,1,5
AVHL,AQR,chemical,2,7
AVHL,ASER,chemical,1,2
AVHL,ASER,chemical,1,5
AVHL,ASHL,chemical,1,4
AVHL,ASHR,chemical,1,3
AVHL,ASHR,chemical,1,4
AVHL,ASHR,chemical,1,7
AVHL,ASHR,chemical,1,8
AVHL,AVAR,chemical,1,7
AVHL,AVAR,chemical,1,8
AVHL,AVBL,chemical,1,7
AVHL,AVBL,chemical,1,8
AVHL,AVBR,chemical,1,5
AVHL,AVJL,chemical,1,5
AVHL,AVJL,chemical,1,7
AVHL,AWBL,chemical,1,4
AVHL,AWBR,chemical,1,6
AVHL,AWBR,chemical,2,2
AVHL,AWBR,chemical,3,4
AVHL,AWBR,chemical,3,7
AVHL,AWBR,chemical,4,8
AVHL,AWBR,chemical,5,5
AVHL,BAGL,chemical,1,7
AVHL,DVA,chemical,1,3
AVHL,DVA,chemical,1,5
AVHL,DVA,chemical,2,7
AVHL,OLQVR,chemical,1,3
AVHL,PVCR,chemical,1,7
AVHL,PVPL,chemical,1,5
AVHL,PVPR,chemical,1,2
AVHL,PVPR,chemical,1,4
AVHL,PVPR,chemical,1,6
AVHL,PVPR,chemical,2,8
AVHL,PVPR,chemical,3,7
AVHL,RIFL,chemical,1,5
AVHL,RIFR,chemical,1,4
AVHL,RIMR,chemical,1,6
AVHL,RIR,chemical,1,4
AVHL,RIR,chemical,2,3
AVHL,RIR,chemical,2,5
AVHL,RIR,chemical,2,6
AVHL,RIR,chemical,3,7
AVHL,RIR,chemical,7,8
AVHL,RIVL,chemical,1,7
AVHL,SMBDR,chemical,1,7
AVHL,SMBDR,chemical,1,8
AVHL,SMBVR,chemical,2,5
AVHL,SMBVR,chemical,2,8
AVHL,SMBVR,chemical,3,7
AVHL,SMDVL,chemical,1,7
AVHL,SMDVL,chemical,1,8
AVHL,URXR,chemical,1,3
AVHL,URXR,chemical,1,5
AVHL,URXR,chemical,2,6
AVHR,ADAL,chemical,1,2
AVHR,ADAL,chemical,1,5
AVHR,ADFL,chemical,1,1
AVHR,ADFL,chemical,1,2
AVHR,ADFL,chemical,1,3
AVHR,ADFL,chemical,1,7
AVHR,ADFL,chemical,3,4
AVHR,ADFL,chemical,3,5
AVHR,ADFL,chemical,3,8
AVHR,ADFL,chemical,4,6
AVHR,ADLL,chemical,1,4
AVHR,ADLL,chemical,1,5
AVHR,ADLL,chemical,1,6
AVHR,ADLL,chemical,1,7
AVHR,AIAL,chemical,1,4
AVHR,AIAL,chemical,1,6
AVHR,AIBL,chemical,1,7
AVHR,AIMR,chemical,1,5
AVHR,AINR,chemical,1,7
AVHR,AINR,chemical,2,8
AVHR,AIZL,chemical,1,1
AVHR,AIZL,chemical,1,6
AVHR,AIZL,chemical,2,2
AVHR,AIZL,chemical,2,3
AVHR,AIZL,chemical,2,5
AVHR,AIZL,chemical,3,4
AVHR,AQR,chemical,1,6
AVHR,ASEL,chemical,1,5
AVHR,ASHL,chemical,1,2
AVHR,ASHL,chemical,1,6
AVHR,ASHL,chemical,1,7
AVHR,AVAL,chemical,1,2
AVHR,AVAL,chemical,1,6
AVHR,AVAL,chemical,2,7
AVHR,AVAR,chemical,1,4
AVHR,AVBL,chemical,1,2
AVHR,AVBL,chemical,2,8
AVHR,AVBR,chemical,2,5
AVHR,AVBR,chemical,2,8
AVHR,AVFR,chemical,1,5
AVHR,AVHL,chemical,1,4
AVHR,AVHL,chemical,1,7
AVHR,AVJL,chemical,1,8
AVHR,AVJR,chemical,1,4
AVHR,AVJR,chemical,1,5
AVHR,AVJR,chemical,1,7
AVHR,AVJR,chemical,3,8
AVHR,AVM,chemical,1,7
AVHR,AWAL,chemical,1,3
AVHR,AWBL,chemical,1,2
AVHR,AWBL,chemical,2,7
AVHR,AWBL,chemical,2,8
AVHR,AWBL,chemical,3,3
AVHR,AWBL,chemical,4,4
AVHR,AWBL,chemical,5,5
AVHR,AWBR,chemical,1,5
AVHR,BDUL,chemical,1,1
AVHR,BDUL,chemical,1,5
AVHR,BDUL,chemical,1,7
AVHR,CEPshDR,chemical,1,8
AVHR,DVA,chemical,1,1
AVHR,DVA,chemical,1,4
AVHR,DVA,chemical,1,5
AVHR,DVA,chemical,1,8
AVHR,DVA,chemical,2,6
AVHR,DVA,chemical,3,7
AVHR,PVCL,chemical,1,7
AVHR,PVCL,chemical,1,8
AVHR,PVPL,chemical,1,3
AVHR,PVPL,chemical,1,5
AVHR,PVPL,chemical,1,6
AVHR,PVPL,chemical,3,8
AVHR,PVPL,chemical,4,7
AVHR,PVPR,chemical,1,5
AVHR,RIFL,chemical,1,1
AVHR,RIFL,chemical,1,7
AVHR,RIGL,chemical,1,2
AVHR,RIGL,chemical,1,8
AVHR,RIML,chemical,1,5
AVHR,RIML,chemical,1,7
AVHR,RIML,chemical,1,8
AVHR,RIR,chemical,1,3
AVHR,RIR,chemical,1,5
AVHR,RIR,chemical,4,6
AVHR,RIR,chemical,4,7
AVHR,RIR,chemical,6,8
AVHR,RIVR,chemical,2,7
AVHR,RMFL,chemical,1,8
AVHR,SIAVL,chemical,1,5
AVHR,SIAVL,chemical,1,7
AVHR,SMBDL,chemical,1,5
AVHR,SMBDL,chemical,1,7
AVHR,SMBDL,chemical,2,8
AVHR,SMBVL,chemical,1,2
AVHR,SMBVL,chemical,1,5
AVHR,SMBVL,chemical,1,7
AVHR,SMBVL,chemical,2,6
AVHR,SMBVL,chemical,3,4
AVHR,SMBVL,chemical,5,8
AVHR,SMDVR,chemical,1,7
AVHR,URXL,chemical,1,4
AVHR,URXL,chemical,1,5
AVHR,URXL,chemical,1,8
AVHR,URXL,chemical,2,7
AVHR,URXL,chemical,3,6
AVJL,ADAR,chemical,1,7
AVJL,AIYR,chemical,1,3
AVJL,ASHR,chemical,1,2
AVJL,ASKL,chemical,1,8
AVJL,AVAR,chemical,1,7
AVJL,AVBL,chemical,1,5
AVJL,AVBL,chemical,1,6
AVJL,AVBL,chemical,1,7
AVJL,AVBR,chemical,1,1
AVJL,AVBR,chemical,1,3
AVJL,AVBR,chemical,1,6
AVJL,AVBR,chemical,2,4
AVJL,AVBR,chemical,2,5
AVJL,AVBR,chemical,2,8
AVJL,AVBR,chemical,6,7
AVJL,AVDL,chemical,1,1
AVJL,AVDL,chemical,1,8
AVJL,AVEL,chemical,1,2
AVJL,AVHL,chemical,1,2
AVJL,AVM,chemical,1,7
AVJL,AVM,chemical,1,8
AVJL,BDUR,chemical,1,4
AVJL,FLPL,chemical,1,4
AVJL,FLPL,chemical,1,6
AVJL,PVCL,chemical,1,5
AVJL,PVCL,chemical,1,8
AVJL,PVCL,chemical,2,4
AVJL,PVCR,chemical,1,2
AVJL,PVCR,chemical,1,4
AVJL,PVCR,chemical,1,5
AVJL,PVCR,chemical,2,8
AVJL,PVCR,chemical,3,6
AVJL,PVCR,chemical,3,7
AVJL,PVNR,chemical,1,8
AVJL,RIFR,chemical,1,2
AVJL,RIFR,chemical,1,4
AVJL,RIFR,chemical,1,5
AVJL,RIS,chemical,1,6
AVJL,SMBVR,chemical,1,2
AVJR,AIYL,chemical,1,2
AVJR,AIYL,chemical,1,3
AVJR,AIYL,chemical,1,8
AVJR,AQR,chemical,1,8
AVJR,ASHL,chemical,1,5
AVJR,AVAL,chemical,1,8
AVJR,AVBL,chemical,1,4
AVJR,AVBL,chemical,2,5
AVJR,AVBL,chemical,2,6
AVJR,AVBL,chemical,3,7
AVJR,AVBL,chemical,4,8
AVJR,AVBR,chemical,1,3
AVJR,AVBR,chemical,1,4
AVJR,AVBR,chemical,1,7
AVJR,AVBR,chemical,1,8
AVJR,AVBR,chemical,2,5
AVJR,AVBR,chemical,2,6
AVJR,AVDR,chemical,1,4
AVJR,AVDR,chemical,1,6
AVJR,AVJL,chemical,1,3
AVJR,AVM,chemical,1,6
AVJR,AVM,chemical,1,7
AVJR,AVM,chemical,1,8
AVJR,FLPL,chemical,1,6
AVJR,PVCL,chemical,1,1
AVJR,PVCL,chemical,1,6
AVJR,PVCL,chemical,1,8
AVJR,PVCL,chemical,2,5
AVJR,PVCL,chemical,4,7
AVJR,PVCR,chemical,1,1
AVJR,PVCR,chemical,1,7
AVJR,PVPL,chemical,1,8
AVJR,RID,chemical,2,7
AVJR,RIFL,chemical,1,2
AVJR,RIFL,chemical,1,4
AVJR,RIFL,chemical,1,5
AVJR,RIML,chemical,1,8
AVJR,RIS,chemical,1,7
AVJR,RIS,chemical,1,8
AVJR,RIS,chemical,2,5
AVJR,RIS,chemical,3,6
AVJR,SMBVL,chemical,1,3
AVKL,AIBL,chemical,1,2
AVKL,AIBL,chemical,1,4
AVKL,AIBR,chemical,1,5
AVKL,ALNR,chemical,1,6
AVKL,AVBL,chemical,1,7
AVKL,AVEL,chemical,1,1
AVKL,AVEL,chemical,1,2
AVKL,AVEL,chemical,1,3
AVKL,AVEL,chemical,1,5
AVKL,AVEL,chemical,1,6
AVKL,AVEL,chemical,2,4
AVKL,AVEL,chemical,2,8
AVKL,AVEL,chemical,3,7
AVKL,AVER,chemical,1,1
AVKL,AVER,chemical,1,2
AVKL,AVER,chemical,1,8
AVKL,AVER,chemical,2,3
AVKL,AVER,chemical,2,4
AVKL,AVER,chemical,2,5
AVKL,AVER,chemical,2,6
AVKL,AVER,chemical,3,7
AVKL,AVKR,chemical,1,2
AVKL,AVKR,chemical,2,8
AVKL,AVL,chemical,1,5
AVKL,AVL,chemical,1,7
AVKL,AVL,chemical,1,8
AVKL,DVC,chemical,1,1
AVKL,DVC,chemical,1,7
AVKL,PVT,chemical,1,5
AVKL,RIGL,chemical,1,1
AVKL,RIGR,chemical,1,1
AVKL,RIGR,chemical,1,6
AVKL,RIGR,chemical,2,5
AVKL,RIGR,chemical,4,7
AVKL,RIML,chemical,1,1
AVKL,RIML,chemical,1,2
AVKL,RIML,chemical,2,4
AVKL,RIML,chemical,2,5
AVKL,RIML,chemical,2,6
AVKL,RIML,chemical,3,3
AVKL,RIML,chemical,4,7
AVKL,RIML,chemical,4,8
AVKL,RIMR,chemical,1,1
AVKL,RIMR,chemical,1,4
AVKL,RIMR,chemical,2,2
AVKL,RIMR,chemical,2,3
AVKL,RIMR,chemical,2,6
AVKL,RIMR,chemical,3,5
AVKL,RIMR,chemical,3,8
AVKL,RIMR,chemical,4,7
AVKL,RIS,chemical,1,3
AVKL,RIS,chemical,1,5
AVKL,RIS,chemical,1,7
AVKL,RIS,chemical,2,4
AVKL,RIS,chemical,5,8
AVKL,RIVL,chemical,1,7
AVKL,RIVL,chemical,1,8
AVKL,RMDL,chemical,1,1
AVKL,RMDL,chemical,1,2
AVKL,RMDL,chemical,1,7
AVKL,RMDL,chemical,2,5
AVKL,RMDL,chemical,2,6
AVKL,RMDL,chemical,5,8
AVKL,RMDR,chemical,1,3
AVKL,RMFL,chemical,1,7
AVKL,RMFL,chemical,1,8
AVKL,RMGL,chemical,1,2
AVKL,RMGL,chemical,1,3
AVKL,RMGL,chemical,1,4
AVKL,RMGR,chemical,1,4
AVKL,RMGR,chemical,1,5
AVKL,SAADL,chemical,1,5
AVKL,SAADR,chemical,1,4
AVKL,SAADR,chemical,1,6
AVKL,SAADR,chemical,2,2
AVKL,SAADR,chemical,2,7
AVKL,SAADR,chemical,2,8
AVKL,SAADR,chemical,4,5
AVKL,SAAVL,chemical,1,2
AVKL,SAAVL,chemical,1,3
AVKL,SAAVR,chemical,1,3
AVKL,SAAVR,chemical,1,6
AVKL,SAAVR,chemical,1,7
AVKL,SAAVR,chemical,1,8
AVKL,SIADR,chemical,1,8
AVKL,SIBDR,chemical,1,8
AVKL,SMBDR,chemical,1,7
AVKL,SMBVR,chemical,1,1
AVKL,SMDDL,chemical,2,7
AVKL,SMDDL,chemical,2,8
AVKL,SMDDR,chemical,1,6
AVKL,SMDDR,chemical,1,8
AVKL,SMDVL,chemical,1,7
AVKL,SMDVL,chemical,1,8
AVKL,SMDVR,chemical,1,3
AVKL,SMDVR,chemical,1,4
AVKR,AIBL,chemical,1,5
AVKR,AIBL,chemical,1,7
AVKR,AIBR,chemical,1,1
AVKR,AIBR,chemical,1,2
AVKR,AIBR,chemical,1,4
AVKR,AIBR,chemical,2,7
AVKR,AVEL,chemical,1,1
AVKR,AVEL,chemical,1,7
AVKR,AVEL,chemical,2,5
AVKR,AVEL,chemical,2,8
AVKR,AVER,chemical,1,1
AVKR,AVER,chemical,1,2
AVKR,AVER,chemical,1,4
AVKR,AVER,chemical,1,6
AVKR,AVER,chemical,1,7
AVKR,AVER,chemical,2,3
AVKR,AVER,chemical,2,5
AVKR,AVER,chemical,2,8
AVKR,AVKL,chemical,1,5
AVKR,AVKL,chemical,2,4
AVKR,AVKL,chemical,2,8
AVKR,AVL,chemical,2,7
AVKR,DVC,chemical,1,7
AVKR,PVPL,chemical,1,1
AVKR,PVPL,chemical,1,5
AVKR,PVPL,chemical,1,6
AVKR,RICR,chemical,1,6
AVKR,RIGL,chemical,1,7
AVKR,RIGR,chemical,1,3
AVKR,RIML,chemical,1,1
AVKR,RIML,chemical,2,4
AVKR,RIML,chemical,2,6
AVKR,RIML,chemical,3,2
AVKR,RIML,chemical,3,5
AVKR,RIML,chemical,3,7
AVKR,RIML,chemical,3,8
AVKR,RIMR,chemical,2,1
AVKR,RIMR,chemical,2,2
AVKR,RIMR,chemical,2,4
AVKR,RIMR,chemical,2,5
AVKR,RIMR,chemical,3,3
AVKR,RIMR,chemical,3,6
AVKR,RIMR,chemical,3,7
AVKR,RIMR,chemical,4,8
AVKR,RIS,chemical,1,3
AVKR,RIS,chemical,1,4
AVKR,RIS,chemical,1,5
AVKR,RIS,chemical,5,7
AVKR,RIS,chemical,6,8
AVKR,RIVL,chemical,1,2
AVKR,RIVL,chemical,1,7
AVKR,RIVR,chemical,1,6
AVKR,RIVR,chemical,1,7
AVKR,RIVR,chemical,2,8
AVKR,RMDL,chemical,1,2
AVKR,RMDL,chemical,1,5
AVKR,RMDL,chemical,1,8
AVKR,RMDL,chemical,2,3
AVKR,RMDR,chemical,1,2
AVKR,RMDR,chemical,1,6
AVKR,RMDR,chemical,2,4
AVKR,RMDR,chemical,2,5
AVKR,RMDR,chemical,5,7
AVKR,RMDR,chemical,6,8
AVKR,RMFL,chemical,1,8
AVKR,RMFR,chemical,1,7
AVKR,RMGL,chemical,1,1
AVKR,RMGL,chemical,1,2
AVKR,RMGL,chemical,1,5
AVKR,SAADL,chemical,1,2
AVKR,SAADL,chemical,1,4
AVKR,SAADL,chemical,1,6
AVKR,SAADL,chemical,2,5
AVKR,SAADL,chemical,2,7
AVKR,SAADL,chemical,2,8
AVKR,SAADR,chemical,1,2
AVKR,SAADR,chemical,2,3
AVKR,SAAVL,chemical,1,1
AVKR,SAAVL,chemical,1,2
AVKR,SAAVL,chemical,1,4
AVKR,SAAVL,chemical,1,5
AVKR,SAAVL,chemical,1,6
AVKR,SAAVL,chemical,1,8
AVKR,SAAVL,chemical,2,7
AVKR,SAAVR,chemical,1,2
AVKR,SIADL,chemical,1,4
AVKR,SIADL,chemical,1,8
AVKR,SIADR,chemical,1,5
AVKR,SMBDL,chemical,1,8
AVKR,SMDVL,chemical,1,6
AVKR,SMDVL,chemical,1,7
AVKR,SMDVR,chemical,1,6
AVKR,SMDVR,chemical,1,8
AVKR,SMDVR,chemical,2,7
AVL,BAGR,chemical,1,3
AVL,CEPshVR,chemical,1,2
AVL,PVT,chemical,1,7
AVL,PVT,chemical,1,8
AVL,RIBR,chemical,1,8
AVL,RIS,chemical,1,3
AVL,RIS,chemical,1,7
AVL,RIS,chemical,1,8
AVL,RIS,chemical,2,4
AVL,RIS,chemical,2,5
AVL,RMEL,chemical,1,3
AVL,RMEL,chemical,1,4
AVL,RMER,chemical,1,2
AVL,RMER,chemical,1,3
AVL,RMER,chemical,1,4
AVL,RMER,chemical,1,7
AVL,RMER,chemical,1,8
AVL,RMER,chemical,2,5
AVL,URYVR,chemical,1,8
AVM,ADAL,chemical,1,6
AVM,ADEL,chemical,1,6
AVM,ADER,chemical,1,5
AVM,ADER,chemical,1,6
AVM,ALML,chemical,2,8
AVM,AVBL,chemical,5,5
AVM,AVBL,chemical,5,6
AVM,AVBL,chemical,6,7
AVM,AVBL,chemical,6,8
AVM,AVBR,chemical,1,5
AVM,AVBR,chemical,5,6
AVM,AVBR,chemical,7,8
AVM,AVBR,chemical,8,7
AVM,AVDL,chemical,1,6
AVM,AVDL,chemical,2,7
AVM,AVDL,chemical,3,5
AVM,AVDR,chemical,1,7
AVM,AVDR,chemical,1,8
AVM,AVER,chemical,1,6
AVM,AVHL,chemical,1,5
AVM,AVJL,chemical,1,5
AVM,AVJL,chemical,2,6
AVM,AVJL,chemical,2,8
AVM,AVJL,chemical,3,7
AVM,AVJR,chemical,2,6
AVM,AVJR,chemical,2,7
AVM,AVJR,chemical,4,8
AVM,BDUL,chemical,2,6
AVM,BDUL,chemical,3,8
AVM,BDUR,chemical,1,5
AVM,BDUR,chemical,2,8
AVM,BDUR,chemical,6,7
AVM,FLPL,chemical,1,8
AVM,PVCL,chemical,1,6
AVM,PVCL,chemical,2,7
AVM,PVCL,chemical,11,8
AVM,PVCR,chemical,2,5
AVM,PVCR,chemical,5,6
AVM,PVCR,chemical,5,8
AVM,PVCR,chemical,11,7
AVM,PVNR,chemical,1,7
AVM,PVNR,chemical,1,8
AVM,PVPR,chemical,1,5
AVM,PVR,chemical,3,5
AVM,RIS,chemical,1,6
AVM,RIS,chemical,2,5
AWAL,ADFL,chemical,2,1
AWAL,ADFL,chemical,2,8
AWAL,ADFL,chemical,3,6
AWAL,ADLL,chemical,1,2
AWAL,ADLL,chemical,1,6
AWAL,ADLL,chemical,1,7
AWAL,ADLL,chemical,1,8
AWAL,ADLL,chemical,2,1
AWAL,ADLL,chemical,2,3
AWAL,AFDL,chemical,2,5
AWAL,AFDL,chemical,2,6
AWAL,AFDL,chemical,5,7
AWAL,AFDL,chemical,5,8
AWAL,AIAL,chemical,1,2
AWAL,AIAL,chemical,1,4
AWAL,AIAL,chemical,2,1
AWAL,AIAL,chemical,2,7
AWAL,AIAL,chemical,3,5
AWAL,AIAL,chemical,3,8
AWAL,AIBL,chemical,1,7
AWAL,AIML,chemical,1,8
AWAL,AIYL,chemical,1,1
AWAL,AIYL,chemical,1,2
AWAL,AIYL,chemical,1,5
AWAL,AIYL,chemical,1,6
AWAL,AIYL,chemical,5,7
AWAL,AIYL,chemical,5,8
AWAL,AIZL,chemical,1,2
AWAL,AIZL,chemical,3,3
AWAL,AIZL,chemical,4,4
AWAL,AIZL,chemical,6,6
AWAL,AIZL,chemical,8,5
AWAL,AIZL,chemical,13,7
AWAL,AIZL,chemical,17,8
AWAL,AIZR,chemical,1,5
AWAL,ASEL,chemical,1,5
AWAL,ASEL,chemical,2,2
AWAL,ASEL,chemical,2,3
AWAL,ASEL,chemical,2,4
AWAL,ASEL,chemical,2,6
AWAL,ASEL,chemical,3,8
AWAL,ASEL,chemical,5,7
AWAL,ASGL,chemical,1,8
AWAL,ASHL,chemical,1,6
AWAL,ASHL,chemical,2,7
AWAL,ASIL,chemical,1,8
AWAL,ASKL,chemical,1,7
AWAL,AUAL,chemical,1,5
AWAL,AUAL,chemical,1,7
AWAL,AVHR,chemical,1,3
AWAL,AWAR,chemical,1,2
AWAL,AWBL,chemical,1,2
AWAL,AWBL,chemical,2,1
AWAL,AWBL,chemical,2,7
AWAL,AWBL,chemical,3,3
AWAL,AWBL,chemical,5,4
AWAL,AWBL,chemical,5,8
AWAL,AWBL,chemical,6,5
AWAL,AWBL,chemical,6,6
AWAL,AWBR,chemical,1,3
AWAL,AWBR,chemical,1,6
AWAL,AWCR,chemical,1,2
AWAL,HSNR,chemical,1,7
AWAL,HSNR,chemical,2,8
AWAL,PVQL,chemical,1,8
AWAL,PVQL,chemical,2,1
AWAL,RIBL,chemical,1,5
AWAL,RIFL,chemical,2,7
AWAL,SMBVL,chemical,1,3
AWAR,ADAR,chemical,1,7
AWAR,ADFR,chemical,1,3
AWAR,ADFR,chemical,1,5
AWAR,ADFR,chemical,1,6
AWAR,ADFR,chemical,1,8
AWAR,ADFR,chemical,3,7
AWAR,ADLR,chemical,1,1
AWAR,ADLR,chemical,1,2
AWAR,ADLR,chemical,2,5
AWAR,ADLR,chemical,2,8
AWAR,ADLR,chemical,3,3
AWAR,ADLR,chemical,3,4
AWAR,AFDR,chemical,1,4
AWAR,AFDR,chemical,2,6
AWAR,AFDR,chemical,3,5
AWAR,AFDR,chemical,4,7
AWAR,AFDR,chemical,6,8
AWAR,AIAR,chemical,1,1
AWAR,AIAR,chemical,1,2
AWAR,AIAR,chemical,1,4
AWAR,AIAR,chemical,1,5
AWAR,AIAR,chemical,1,8
AWAR,AIAR,chemical,2,3
AWAR,AIAR,chemical,2,7
AWAR,AIYR,chemical,1,1
AWAR,AIYR,chemical,1,3
AWAR,AIYR,chemical,1,5
AWAR,AIYR,chemical,2,4
AWAR,AIYR,chemical,2,6
AWAR,AIYR,chemical,2,7
AWAR,AIYR,chemical,4,8
AWAR,AIZR,chemical,1,2
AWAR,AIZR,chemical,1,3
AWAR,AIZR,chemical,3,4
AWAR,AIZR,chemical,4,5
AWAR,AIZR,chemical,6,6
AWAR,AIZR,chemical,9,8
AWAR,AIZR,chemical,13,7
AWAR,ASER,chemical,2,1
AWAR,ASER,chemical,2,2
AWAR,ASER,chemical,2,3
AWAR,ASER,chemical,2,6
AWAR,ASER,chemical,4,4
AWAR,ASER,chemical,5,7
AWAR,ASER,chemical,6,5
AWAR,ASER,chemical,9,8
AWAR,ASGR,chemical,1,8
AWAR,ASHR,chemical,1,7
AWAR,ASHR,chemical,2,6
AWAR,ASHR,chemical,2,8
AWAR,ASJR,chemical,1,3
AWAR,ASKR,chemical,1,1
AWAR,ASKR,chemical,1,7
AWAR,AUAR,chemical,1,7
AWAR,AVBR,chemical,1,6
AWAR,AWAL,chemical,1,4
AWAR,AWAL,chemical,1,5
AWAR,AWBR,chemical,2,6
AWAR,AWBR,chemical,3,1
AWAR,AWBR,chemical,4,2
AWAR,AWBR,chemical,4,3
AWAR,AWBR,chemical,5,4
AWAR,AWBR,chemical,6,5
AWAR,AWBR,chemical,6,8
AWAR,AWBR,chemical,7,7
AWAR,PVQR,chemical,1,2
AWAR,RIFR,chemical,1,6
AWAR,RIFR,chemical,1,8
AWAR,RIFR,chemical,3,7
AWAR,RIGR,chemical,1,8
AWBL,ADFL,chemical,1,1
AWBL,ADFL,chemical,2,2
AWBL,ADFL,chemical,3,3
AWBL,ADFL,chemical,5,4
AWBL,ADFL,chemical,6,5
AWBL,ADFL,chemical,6,6
AWBL,ADFL,chemical,10,8
AWBL,ADFL,chemical,12,7
AWBL,ADFR,chemical,1,7
AWBL,ADFR,chemical,2,4
AWBL,AIAL,chemical,1,2
AWBL,AIAL,chemical,1,7
AWBL,AIAL,chemical,3,8
AWBL,AIYL,chemical,1,7
AWBL,AIZL,chemical,2,1
AWBL,AIZL,chemical,2,2
AWBL,AIZL,chemical,3,3
AWBL,AIZL,chemical,3,4
AWBL,AIZL,chemical,6,6
AWBL,AIZL,chemical,7,5
AWBL,AIZL,chemical,7,7
AWBL,AIZL,chemical,8,8
AWBL,ASEL,chemical,1,5
AWBL,ASEL,chemical,1,7
AWBL,ASHL,chemical,1,4
AWBL,ASHL,chemical,1,6
AWBL,ASHL,chemical,1,8
AWBL,AUAL,chemical,1,8
AWBL,AVHR,chemical,1,1
AWBL,AVHR,chemical,1,2
AWBL,AVHR,chemical,1,4
AWBL,AVHR,chemical,2,8
AWBL,AWAL,chemical,1,8
AWBL,RIAL,chemical,1,4
AWBL,RIAL,chemical,1,7
AWBL,RIAL,chemical,1,8
AWBL,RIAL,chemical,2,6
AWBL,RIFL,chemical,1,6
AWBL,RIGL,chemical,2,8
AWBL,RIR,chemical,1,4
AWBL,RIR,chemical,2,8
AWBL,SIAVL,chemical,1,7
AWBL,SMBDL,chemical,1,6
AWBL,SMBDL,chemical,1,7
AWBL,SMBVL,chemical,1,4
AWBL,SMBVL,chemical,1,6
AWBL,SMBVL,chemical,3,8
AWBL,URXL,chemical,1,3
AWBL,URXL,chemical,1,4
AWBR,ADFL,chemical,1,6
AWBR,ADFL,chemical,1,8
AWBR,ADFR,chemical,1,2
AWBR,ADFR,chemical,2,1
AWBR,ADFR,chemical,3,3
AWBR,ADFR,chemical,5,4
AWBR,ADFR,chemical,6,5
AWBR,ADFR,chemical,10,6
AWBR,ADFR,chemical,10,7
AWBR,ADFR,chemical,10,8
AWBR,AIAR,chemical,1,1
AWBR,AIAR,chemical,1,2
AWBR,AIAR,chemical,1,5
AWBR,AIAR,chemical,2,8
AWBR,AIMR,chemical,1,8
AWBR,AIYR,chemical,1,6
AWBR,AIYR,chemical,1,8
AWBR,AIZL,chemical,1,3
AWBR,AIZR,chemical,1,1
AWBR,AIZR,chemical,1,3
AWBR,AIZR,chemical,1,4
AWBR,AIZR,chemical,2,2
AWBR,AIZR,chemical,5,5
AWBR,AIZR,chemical,6,7
AWBR,AIZR,chemical,6,8
AWBR,AIZR,chemical,9,6
AWBR,ASER,chemical,1,1
AWBR,ASER,chemical,1,4
AWBR,ASER,chemical,1,5
AWBR,ASHR,chemical,1,4
AWBR,ASHR,chemical,1,5
AWBR,AUAR,chemical,1,4
AWBR,AUAR,chemical,1,6
AWBR,AUAR,chemical,1,7
AWBR,AUAR,chemical,1,8
AWBR,AVHL,chemical,1,1
AWBR,AVHL,chemical,1,5
AWBR,AVHL,chemical,1,8
AWBR,AVHL,chemical,3,4
AWBR,AVHR,chemical,1,5
AWBR,AWAR,chemical,1,3
AWBR,AWAR,chemical,1,8
AWBR,AWAR,chemical,2,7
AWBR,HSNR,chemical,1,7
AWBR,RIAR,chemical,1,5
AWBR,RIAR,chemical,1,6
AWBR,RIAR,chemical,1,8
AWBR,RIAR,chemical,2,7
AWBR,RIBR,chemical,1,4
AWBR,RIBR,chemical,1,7
AWBR,RIGR,chemical,1,5
AWBR,RIGR,chemical,2,7
AWBR,RIGR,chemical,2,8
AWBR,RIGR,chemical,3,6
AWBR,RIR,chemical,2,4
AWBR,SIBDR,chemical,1,7
AWBR,SMBDR,chemical,1,5
AWBR,SMBVR,chemical,1,3
AWBR,SMBVR,chemical,1,4
AWBR,SMBVR,chemical,1,5
AWBR,SMBVR,chemical,1,6
AWBR,SMBVR,chemical,2,7
AWBR,URXR,chemical,1,4
AWCL,ADLL,chemical,1,5
AWCL,AFDR,chemical,2,8
AWCL,AIAL,chemical,1,5
AWCL,AIAL,chemical,1,6
AWCL,AIAL,chemical,2,2
AWCL,AIAL,chemical,2,4
AWCL,AIAL,chemical,2,8
AWCL,AIAL,chemical,3,1
AWCL,AIAL,chemical,4,3
AWCL,AIAL,chemical,6,7
AWCL,AIAR,chemical,2,4
AWCL,AIAR,chemical,2,8
AWCL,AIAR,chemical,3,1
AWCL,AIAR,chemical,3,5
AWCL,AIAR,chemical,3,6
AWCL,AIAR,chemical,4,3
AWCL,AIAR,chemical,9,7
AWCL,AIBL,chemical,3,2
AWCL,AIBL,chemical,3,3
AWCL,AIBL,chemical,4,1
AWCL,AIBL,chemical,5,7
AWCL,AIBL,chemical,7,5
AWCL,AIBL,chemical,7,6
AWCL,AIBL,chemical,8,4
AWCL,AIBL,chemical,8,8
AWCL,AIBR,chemical,2,4
AWCL,AIBR,chemical,3,1
AWCL,AIBR,chemical,3,2
AWCL,AIBR,chemical,3,7
AWCL,AIBR,chemical,3,8
AWCL,AIBR,chemical,4,6
AWCL,AIBR,chemical,5,3
AWCL,AIBR,chemical,6,5
AWCL,AINR,chemical,1,4
AWCL,AIYL,chemical,1,1
AWCL,AIYL,chemical,2,3
AWCL,AIYL,chemical,3,2
AWCL,AIYL,chemical,4,7
AWCL,AIYL,chemical,5,6
AWCL,AIYL,chemical,6,4
AWCL,AIYL,chemical,6,5
AWCL,AIYL,chemical,11,8
AWCL,AIYR,chemical,2,2
AWCL,AIYR,chemical,2,3
AWCL,AIYR,chemical,2,7
AWCL,AIYR,chemical,3,4
AWCL,AIYR,chemical,5,6
AWCL,AIYR,chemical,8,5
AWCL,AIYR,chemical,9,8
AWCL,AIZL,chemical,1,5
AWCL,AIZL,chemical,1,6
AWCL,AIZR,chemical,1,7
AWCL,AIZR,chemical,1,8
AWCL,ASEL,chemical,1,3
AWCL,ASEL,chemical,2,4
AWCL,ASEL,chemical,3,2
AWCL,ASER,chemical,1,4
AWCL,ASER,chemical,1,6
AWCL,ASER,chemical,1,7
AWCL,ASER,chemical,3,3
AWCL,ASGL,chemical,1,3
AWCL,ASIL,chemical,1,5
AWCL,ASIR,chemical,1,8
AWCL,AWCR,chemical,2,2
AWCL,AWCR,chemical,3,3
AWCL,AWCR,chemical,3,4
AWCL,AWCR,chemical,9,6
AWCL,AWCR,chemical,11,7
AWCL,AWCR,chemical,12,5
AWCL,AWCR,chemical,13,8
AWCL,BAGL,chemical,2,8
AWCL,BAGR,chemical,2,8
AWCL,CEPshDL,chemical,1,8
AWCL,IL1L,chemical,1,8
AWCL,IL1R,chemical,1,2
AWCL,IL2L,chemical,1,8
AWCL,IL2R,chemical,1,2
AWCL,RMFL,chemical,2,8
AWCR,ADLL,chemical,1,5
AWCR,ADLR,chemical,1,1
AWCR,ADLR,chemical,1,4
AWCR,AIAL,chemical,1,1
AWCR,AIAL,chemical,1,2
AWCR,AIAL,chemical,1,3
AWCR,AIAL,chemical,3,4
AWCR,AIAL,chemical,4,6
AWCR,AIAL,chemical,4,7
AWCR,AIAL,chemical,5,5
AWCR,AIAL,chemical,8,8
AWCR,AIAR,chemical,3,1
AWCR,AIAR,chemical,3,4
AWCR,AIAR,chemical,3,7
AWCR,AIAR,chemical,4,2
AWCR,AIAR,chemical,5,6
AWCR,AIAR,chemical,6,5
AWCR,AIAR,chemical,10,8
AWCR,AIBL,chemical,1,2
AWCR,AIBL,chemical,2,1
AWCR,AIBL,chemical,2,3
AWCR,AIBL,chemical,5,4
AWCR,AIBL,chemical,5,6
AWCR,AIBL,chemical,6,5
AWCR,AIBL,chemical,7,8
AWCR,AIBL,chemical,9,7
AWCR,AIBR,chemical,2,1
AWCR,AIBR,chemical,3,2
AWCR,AIBR,chemical,5,3
AWCR,AIBR,chemical,5,4
AWCR,AIBR,chemical,5,5
AWCR,AIBR,chemical,5,7
AWCR,AIBR,chemical,6,6
AWCR,AIBR,chemical,11,8
AWCR,AINL,chemical,1,4
AWCR,AINR,chemical,1,5
AWCR,AIYL,chemical,2,1
AWCR,AIYL,chemical,2,3
AWCR,AIYL,chemical,3,5
AWCR,AIYL,chemical,3,6
AWCR,AIYL,chemical,4,2
AWCR,AIYL,chemical,4,4
AWCR,AIYL,chemical,5,7
AWCR,AIYL,chemical,6,8
AWCR,AIYR,chemical,1,1
AWCR,AIYR,chemical,1,4
AWCR,AIYR,chemical,2,2
AWCR,AIYR,chemical,3,5
AWCR,AIYR,chemical,4,6
AWCR,AIYR,chemical,6,3
AWCR,AIYR,chemical,8,8
AWCR,AIYR,chemical,14,7
AWCR,AIZL,chemical,1,2
AWCR,AIZL,chemical,1,6
AWCR,AIZL,chemical,1,7
AWCR,AIZL,chemical,1,8
AWCR,AIZL,chemical,2,5
AWCR,AIZR,chemical,1,5
AWCR,AIZR,chemical,1,8
AWCR,ASEL,chemical,1,5
AWCR,ASEL,chemical,1,7
AWCR,ASER,chemical,1,1
AWCR,ASER,chemical,1,2
AWCR,ASER,chemical,2,6
AWCR,ASER,chemical,5,4
AWCR,ASER,chemical,5,7
AWCR,ASER,chemical,6,5
AWCR,ASER,chemical,6,8
AWCR,ASGR,chemical,1,5
AWCR,ASGR,chemical,1,6
AWCR,ASIL,chemical,1,6
AWCR,ASIR,chemical,1,5
AWCR,ASIR,chemical,1,7
AWCR,ASIR,chemical,1,8
AWCR,ASKL,chemical,1,7
AWCR,AWCL,chemical,2,1
AWCR,AWCL,chemical,2,3
AWCR,AWCL,chemical,5,2
AWCR,AWCL,chemical,5,4
AWCR,AWCL,chemical,5,6
AWCR,AWCL,chemical,7,5
AWCR,AWCL,chemical,9,8
AWCR,AWCL,chemical,13,7
AWCR,BAGL,chemical,2,7
AWCR,BAGR,chemical,1,3
AWCR,BAGR,chemical,1,7
AWCR,IL2R,chemical,1,7
AWCR,OLLR,chemical,1,7
BAGL,AIBR,chemical,1,7
BAGL,AINL,chemical,1,3
BAGL,AINL,chemical,1,5
BAGL,AVAR,chemical,1,6
BAGL,AVAR,chemical,2,7
BAGL,AVAR,chemical,6,8
BAGL,AVER,chemical,1,2
BAGL,AVER,chemical,4,4
BAGL,AVER,chemical,4,5
BAGL,AVER,chemical,6,6
BAGL,AVER,chemical,6,7
BAGL,AVER,chemical,8,8
BAGL,RIAR,chemical,2,1
BAGL,RIAR,chemical,3,2
BAGL,RIAR,chemical,3,4
BAGL,RIAR,chemical,4,3
BAGL,RIAR,chemical,6,5
BAGL,RIAR,chemical,11,6
BAGL,RIAR,chemical,11,7
BAGL,RIAR,chemical,16,8
BAGL,RIBR,chemical,2,1
BAGL,RIBR,chemical,3,2
BAGL,RIBR,chemical,4,3
BAGL,RIBR,chemical,7,4
BAGL,RIBR,chemical,8,5
BAGL,RIBR,chemical,9,7
BAGL,RIBR,chemical,12,6
BAGL,RIBR,chemical,14,8
BAGL,RIGR,chemical,1,2
BAGL,RIGR,chemical,1,3
BAGL,RIGR,chemical,1,4
BAGL,RIGR,chemical,2,8
BAGL,RIGR,chemical,3,5
BAGL,RIGR,chemical,3,6
BAGL,RIGR,chemical,5,7
BAGL,RMFR,chemical,2,7
BAGL,RMFR,chemical,3,8
BAGR,AFDL,chemical,1,8
BAGR,AIBL,chemical,2,7
BAGR,AIBR,chemical,2,8
BAGR,AIYL,chemical,2,7
BAGR,AIYL,chemical,2,8
BAGR,AIZL,chemical,1,6
BAGR,AVAL,chemical,1,5
BAGR,AVAL,chemical,1,6
BAGR,AVAL,chemical,2,7
BAGR,AVAL,chemical,5,8
BAGR,AVDL,chemical,1,7
BAGR,AVEL,chemical,1,2
BAGR,AVEL,chemical,2,1
BAGR,AVEL,chemical,3,4
BAGR,AVEL,chemical,5,7
BAGR,AVEL,chemical,7,6
BAGR,AVEL,chemical,11,5
BAGR,AVEL,chemical,11,8
BAGR,BAGL,chemical,1,6
BAGR,BAGL,chemical,2,8
BAGR,PVPL,chemical,2,7
BAGR,RIAL,chemical,2,1
BAGR,RIAL,chemical,2,3
BAGR,RIAL,chemical,3,2
BAGR,RIAL,chemical,4,4
BAGR,RIAL,chemical,4,5
BAGR,RIAL,chemical,7,6
BAGR,RIAL,chemical,15,7
BAGR,RIAL,chemical,19,8
BAGR,RIBL,chemical,1,3
BAGR,RIBL,chemical,3,1
BAGR,RIBL,chemical,3,2
BAGR,RIBL,chemical,5,4
BAGR,RIBL,chemical,10,6
BAGR,RIBL,chemical,10,7
BAGR,RIBL,chemical,13,5
BAGR,RIBL,chemical,21,8
BAGR,RIBR,chemical,2,8
BAGR,RID,chemical,2,7
BAGR,RIGL,chemical,1,2
BAGR,RIGL,chemical,1,3
BAGR,RIGL,chemical,2,4
BAGR,RIGL,chemical,2,5
BAGR,RIGL,chemical,2,6
BAGR,RIGL,chemical,5,8
BAGR,RIGL,chemical,6,7
BAGR,RIGR,chemical,1,7
BAGR,RIR,chemical,1,8
BAGR,RMFL,chemical,3,8
BAGR,RMFL,chemical,7,7
BAGR,URXL,chemical,2,7
BDUL,ADEL,chemical,1,6
BDUL,ADEL,chemical,2,8
BDUL,ALML,chemical,1,4
BDUL,ALML,chemical,2,7
BDUL,ALML,chemical,3,5
BDUL,AVBL,chemical,1,3
BDUL,AVBL,chemical,1,5
BDUL,AVDR,chemical,1,5
BDUL,AVDR,chemical,1,8
BDUL,AVFL,chemical,1,8
BDUL,AVFR,chemical,1,5
BDUL,AVFR,chemical,1,7
BDUL,AVFR,chemical,2,8
BDUL,AVHL,chemical,1,5
BDUL,AVHL,chemical,1,6
BDUL,AVHL,chemical,2,7
BDUL,AVHR,chemical,1,3
BDUL,AVJL,chemical,1,1
BDUL,AVJL,chemical,1,3
BDUL,AVJL,chemical,1,5
BDUL,AVJL,chemical,1,8
BDUL,AVJL,chemical,2,6
BDUL,AVJL,chemical,2,7
BDUL,AVJR,chemical,1,2
BDUL,AVJR,chemical,1,5
BDUL,AVJR,chemical,1,6
BDUL,AVJR,chemical,2,3
BDUL,AVJR,chemical,2,7
BDUL,AVKR,chemical,1,8
BDUL,AVM,chemical,1,6
BDUL,AVM,chemical,1,7
BDUL,AVM,chemical,1,8
BDUL,BDUR,chemical,1,1
BDUL,CEPshDL,chemical,1,5
BDUL,CEPshDR,chemical,1,5
BDUL,CEPshVL,chemical,1,3
BDUL,CEPshVL,chemical,1,8
BDUL,CEPshVL,chemical,2,6
BDUL,GLRDR,chemical,1,1
BDUL,IL2DL,chemical,1,8
BDUL,PLNL,chemical,1,7
BDUL,PVCL,chemical,1,2
BDUL,PVCL,chemical,1,5
BDUL,PVCL,chemical,2,7
BDUL,PVCR,chemical,1,7
BDUL,PVCR,chemical,1,8
BDUL,PVCR,chemical,2,4
BDUL,PVNL,chemical,4,8
BDUL,PVNR,chemical,1,7
BDUL,PVNR,chemical,2,8
BDUL,PVQL,chemical,1,7
BDUL,PVR,chemical,1,3
BDUL,PVR,chemical,3,4
BDUL,RID,chemical,1,8
BDUL,RID,chemical,3,7
BDUL,RIFL,chemical,1,1
BDUL,RIFL,chemical,1,5
BDUL,RIFL,chemical,2,3
BDUL,RMGL,chemical,1,2
BDUL,RMGL,chemical,1,6
BDUL,SDQL,chemical,1,8
BDUL,SDQL,chemical,2,6
BDUL,SDQL,chemical,3,5
BDUL,SIBDR,chemical,1,3
BDUL,SIBVR,chemical,1,5
BDUL,SIBVR,chemical,2,2
BDUL,URADL,chemical,1,3
BDUL,URADL,chemical,1,6
BDUL,URADL,chemical,1,7
BDUL,URADL,chemical,1,8
BDUR,ADER,chemical,2,6
BDUR,ALMR,chemical,1,1
BDUR,ALMR,chemical,1,2
BDUR,ALMR,chemical,1,5
BDUR,ALMR,chemical,3,6
BDUR,ALMR,chemical,4,8
BDUR,ALMR,chemical,5,7
BDUR,AVBL,chemical,1,3
BDUR,AVBR,chemical,1,6
BDUR,AVBR,chemical,2,7
BDUR,AVDL,chemical,1,6
BDUR,AVDR,chemical,1,5
BDUR,AVFL,chemical,1,6
BDUR,AVFL,chemical,1,8
BDUR,AVFR,chemical,4,8
BDUR,AVJL,chemical,1,4
BDUR,AVJL,chemical,1,6
BDUR,AVJL,chemical,2,5
BDUR,AVJL,chemical,4,7
BDUR,AVJR,chemical,2,8
BDUR,AVM,chemical,1,6
BDUR,AVM,chemical,1,8
BDUR,AVM,chemical,3,5
BDUR,CEPshVR,chemical,2,3
BDUR,CEPshVR,chemical,2,5
BDUR,CEPshVR,chemical,2,6
BDUR,HSNR,chemical,1,8
BDUR,HSNR,chemical,3,7
BDUR,IL1R,chemical,1,6
BDUR,IL2DR,chemical,1,4
BDUR,IL2DR,chemical,1,7
BDUR,PVCL,chemical,1,4
BDUR,PVCL,chemical,1,5
BDUR,PVCR,chemical,1,2
BDUR,PVCR,chemical,1,3
BDUR,PVCR,chemical,1,5
BDUR,PVCR,chemical,1,7
BDUR,PVNL,chemical,3,7
BDUR,PVNL,chemical,4,8
BDUR,PVNR,chemical,3,7
BDUR,PVNR,chemical,6,8
BDUR,PVR,chemical,1,4
BDUR,PVR,chemical,2,3
BDUR,RIFR,chemical,1,5
BDUR,RIFR,chemical,4,7
BDUR,RMGR,chemical,1,5
BDUR,RMGR,chemical,2,6
BDUR,SMBDL,chemical,1,5
BDUR,URADR,chemical,1,6
BDUR,URADR,chemical,1,7
BDUR,URBR,chemical,1,5
CEPDL,ADAL,chemical,1,1
CEPDL,ADAL,chemical,1,2
CEPDL,ADEL,chemical,1,7
CEPDL,AVER,chemical,2,1
CEPDL,AVER,chemical,3,2
CEPDL,AVER,chemical,4,3
CEPDL,AVER,chemical,4,4
CEPDL,AVER,chemical,4,6
CEPDL,AVER,chemical,5,5
CEPDL,AVER,chemical,7,7
CEPDL,AVER,chemical,7,8
CEPDL,BWM-DL07,chemical,1,7
CEPDL,IL1DL,chemical,1,2
CEPDL,IL1DL,chemical,3,4
CEPDL,IL1DL,chemical,3,5
CEPDL,IL1DL,chemical,4,7
CEPDL,IL1DL,chemical,4,8
CEPDL,IL1DL,chemical,6,6
CEPDL,IL1L,chemical,1,4
CEPDL,IL1L,chemical,1,8
CEPDL,OLLL,chemical,1,1
CEPDL,OLLL,chemical,3,2
CEPDL,OLLL,chemical,4,3
CEPDL,OLLL,chemical,4,6
CEPDL,OLLL,chemical,6,4
CEPDL,OLLL,chemical,6,5
CEPDL,OLLL,chemical,7,7
CEPDL,OLLL,chemical,10,8
CEPDL,OLQDL,chemical,1,3
CEPDL,OLQDL,chemical,1,4
CEPDL,OLQDL,chemical,2,2
CEPDL,OLQDL,chemical,4,8
CEPDL,OLQDL,chemical,5,5
CEPDL,OLQDL,chemical,5,6
CEPDL,OLQDL,chemical,7,7
CEPDL,PVR,chemical,1,2
CEPDL,PVR,chemical,1,3
CEPDL,PVR,chemical,1,8
CEPDL,RIBL,chemical,1,5
CEPDL,RIBL,chemical,1,6
CEPDL,RIBL,chemical,2,8
CEPDL,RIBL,chemical,4,7
CEPDL,RICL,chemical,1,3
CEPDL,RICL,chemical,1,4
CEPDL,RICL,chemical,2,1
CEPDL,RICL,chemical,2,5
CEPDL,RICL,chemical,2,6
CEPDL,RICL,chemical,3,2
CEPDL,RICL,chemical,3,8
CEPDL,RICL,chemical,4,7
CEPDL,RICR,chemical,1,1
CEPDL,RICR,chemical,1,3
CEPDL,RICR,chemical,1,4
CEPDL,RICR,chemical,2,2
CEPDL,RICR,chemical,2,5
CEPDL,RICR,chemical,3,6
CEPDL,RICR,chemical,3,8
CEPDL,RICR,chemical,4,7
CEPDL,RIPL,chemical,1,3
CEPDL,RIPL,chemical,1,5
CEPDL,RIPL,chemical,1,7
CEPDL,RIPL,chemical,2,6
CEPDL,RIS,chemical,1,6
CEPDL,RIS,chemical,1,7
CEPDL,RIS,chemical,2,8
CEPDL,RMDDL,chemical,1,6
CEPDL,RMDVL,chemical,2,3
CEPDL,RMDVL,chemical,5,5
CEPDL,RMDVL,chemical,5,6
CEPDL,RMDVL,chemical,6,4
CEPDL,RMDVL,chemical,6,7
CEPDL,RMDVL,chemical,8,8
CEPDL,RMHL,chemical,1,6
CEPDL,RMHL,chemical,2,5
CEPDL,RMHL,chemical,2,7
CEPDL,RMHL,chemical,2,8
CEPDL,RMHR,chemical,3,8
CEPDL,RMHR,chemical,4,7
CEPDL,SDQL,chemical,1,7
CEPDL,SIADR,chemical,1,6
CEPDL,SIADR,chemical,1,7
CEPDL,SMBDR,chemical,3,7
CEPDL,SMDDR,chemical,1,1
CEPDL,SMDDR,chemical,1,4
CEPDL,SMDDR,chemical,1,7
CEPDL,URADL,chemical,1,2
CEPDL,URADL,chemical,1,3
CEPDL,URADL,chemical,1,5
CEPDL,URADL,chemical,1,6
CEPDL,URADL,chemical,2,7
CEPDL,URBL,chemical,1,2
CEPDL,URBL,chemical,2,1
CEPDL,URBL,chemical,2,4
CEPDL,URBL,chemical,2,5
CEPDL,URBL,chemical,2,6
CEPDL,URBL,chemical,2,7
CEPDL,URBL,chemical,3,8
CEPDL,URXL,chemical,2,7
CEPDL,URXL,chemical,3,8
CEPDL,URYDL,chemical,1,1
CEPDL,URYDL,chemical,1,2
CEPDL,URYDL,chemical,1,4
CEPDL,URYDL,chemical,1,8
CEPDL,URYDL,chemical,3,7
CEPDL,URYDL,chemical,5,6
CEPDR,ADAR,chemical,1,2
CEPDR,ADAR,chemical,1,4
CEPDR,ALMR,chemical,1,8
CEPDR,AVAR,chemical,1,4
CEPDR,AVAR,chemical,1,5
CEPDR,AVBL,chemical,2,7
CEPDR,AVDR,chemical,1,7
CEPDR,AVDR,chemical,1,8
CEPDR,AVEL,chemical,3,2
CEPDR,AVEL,chemical,4,3
CEPDR,AVEL,chemical,4,6
CEPDR,AVEL,chemical,5,4
CEPDR,AVEL,chemical,6,5
CEPDR,AVEL,chemical,8,7
CEPDR,AVEL,chemical,10,8
CEPDR,AVJR,chemical,1,7
CEPDR,AVJR,chemical,1,8
CEPDR,BWM-DL07,chemical,1,8
CEPDR,BWM-DR05,chemical,1,8
CEPDR,BWM-DR07,chemical,1,8
CEPDR,IL1DR,chemical,1,3
CEPDR,IL1DR,chemical,1,4
CEPDR,IL1DR,chemical,2,5
CEPDR,IL1DR,chemical,3,7
CEPDR,IL1DR,chemical,4,6
CEPDR,IL1DR,chemical,8,8
CEPDR,IL1R,chemical,1,6
CEPDR,OLLR,chemical,1,1
CEPDR,OLLR,chemical,2,2
CEPDR,OLLR,chemical,3,6
CEPDR,OLLR,chemical,5,3
CEPDR,OLLR,chemical,5,4
CEPDR,OLLR,chemical,5,5
CEPDR,OLLR,chemical,7,7
CEPDR,OLLR,chemical,15,8
CEPDR,OLQDR,chemical,1,2
CEPDR,OLQDR,chemical,1,3
CEPDR,OLQDR,chemical,2,4
CEPDR,OLQDR,chemical,4,5
CEPDR,OLQDR,chemical,6,6
CEPDR,OLQDR,chemical,6,7
CEPDR,OLQDR,chemical,7,8
CEPDR,PVR,chemical,1,2
CEPDR,RIBR,chemical,1,5
CEPDR,RIBR,chemical,1,6
CEPDR,RICL,chemical,1,1
CEPDR,RICL,chemical,2,2
CEPDR,RICL,chemical,2,3
CEPDR,RICL,chemical,2,5
CEPDR,RICL,chemical,2,6
CEPDR,RICL,chemical,2,7
CEPDR,RICL,chemical,3,4
CEPDR,RICL,chemical,5,8
CEPDR,RICR,chemical,1,1
CEPDR,RICR,chemical,2,3
CEPDR,RICR,chemical,3,2
CEPDR,RICR,chemical,3,4
CEPDR,RICR,chemical,3,5
CEPDR,RICR,chemical,3,6
CEPDR,RICR,chemical,5,7
CEPDR,RICR,chemical,5,8
CEPDR,RIPR,chemical,1,5
CEPDR,RIPR,chemical,1,7
CEPDR,RIPR,chemical,1,8
CEPDR,RIS,chemical,1,7
CEPDR,RMDDL,chemical,1,8
CEPDR,RMDDR,chemical,1,4
CEPDR,RMDDR,chemical,1,7
CEPDR,RMDDR,chemical,1,8
CEPDR,RMDR,chemical,1,7
CEPDR,RMDVL,chemical,1,5
CEPDR,RMDVR,chemical,1,6
CEPDR,RMDVR,chemical,2,2
CEPDR,RMDVR,chemical,3,4
CEPDR,RMDVR,chemical,3,7
CEPDR,RMDVR,chemical,4,3
CEPDR,RMDVR,chemical,5,5
CEPDR,RMDVR,chemical,8,8
CEPDR,RMGR,chemical,1,8
CEPDR,RMHL,chemical,2,7
CEPDR,RMHL,chemical,2,8
CEPDR,RMHR,chemical,1,7
CEPDR,RMHR,chemical,1,8
CEPDR,SIADL,chemical,1,7
CEPDR,SIADL,chemical,2,8
CEPDR,SIBVR,chemical,1,1
CEPDR,SIBVR,chemical,1,5
CEPDR,SIBVR,chemical,1,7
CEPDR,SMBDL,chemical,1,5
CEPDR,SMBDL,chemical,1,7
CEPDR,SMBDL,chemical,1,8
CEPDR,SMDDL,chemical,1,1
CEPDR,SMDDL,chemical,1,4
CEPDR,SMDDL,chemical,1,8
CEPDR,URADR,chemical,1,2
CEPDR,URADR,chemical,1,3
CEPDR,URADR,chemical,2,5
CEPDR,URADR,chemical,2,6
CEPDR,URADR,chemical,2,7
CEPDR,URADR,chemical,2,8
CEPDR,URBR,chemical,1,2
CEPDR,URBR,chemical,1,3
CEPDR,URBR,chemical,2,4
CEPDR,URBR,chemical,2,5
CEPDR,URBR,chemical,2,7
CEPDR,URBR,chemical,2,8
CEPDR,URXR,chemical,1,8
CEPDR,URXR,chemical,3,7
CEPDR,URYDR,chemical,1,2
CEPDR,URYDR,chemical,1,4
CEPDR,URYDR,chemical,1,5
CEPDR,URYDR,chemical,2,6
CEPDR,URYDR,chemical,2,8
CEPDR,URYDR,chemical,3,7
CEPVL,AVEL,chemical,1,7
CEPVL,AVER,chemical,2,1
CEPVL,AVER,chemical,2,2
CEPVL,AVER,chemical,3,5
CEPVL,AVER,chemical,4,6
CEPVL,AVER,chemical,4,7
CEPVL,AVER,chemical,5,4
CEPVL,AVER,chemical,6,8
CEPVL,BWM-VL05,chemical,1,7
CEPVL,BWM-VL05,chemical,1,8
CEPVL,CEPshVL,chemical,1,8
CEPVL,IL1L,chemical,1,7
CEPVL,IL1VL,chemical,1,4
CEPVL,IL1VL,chemical,2,5
CEPVL,IL1VL,chemical,3,6
CEPVL,IL1VL,chemical,3,8
CEPVL,IL1VL,chemical,4,7
CEPVL,IL2VL,chemical,1,4
CEPVL,OLLL,chemical,2,3
CEPVL,OLLL,chemical,3,1
CEPVL,OLLL,chemical,3,2
CEPVL,OLLL,chemical,4,5
CEPVL,OLLL,chemical,6,7
CEPVL,OLLL,chemical,7,4
CEPVL,OLLL,chemical,7,6
CEPVL,OLLL,chemical,11,8
CEPVL,OLQVL,chemical,1,2
CEPVL,OLQVL,chemical,2,3
CEPVL,OLQVL,chemical,3,4
CEPVL,OLQVL,chemical,5,6
CEPVL,OLQVL,chemical,5,8
CEPVL,OLQVL,chemical,6,5
CEPVL,OLQVL,chemical,7,7
CEPVL,PLNL,chemical,1,8
CEPVL,PVR,chemical,1,3
CEPVL,PVR,chemical,1,7
CEPVL,PVR,chemical,1,8
CEPVL,RIAL,chemical,1,8
CEPVL,RIBL,chemical,1,6
CEPVL,RIBL,chemical,2,8
CEPVL,RICL,chemical,1,1
CEPVL,RICL,chemical,1,4
CEPVL,RICL,chemical,2,3
CEPVL,RICL,chemical,3,2
CEPVL,RICL,chemical,4,5
CEPVL,RICL,chemical,4,8
CEPVL,RICL,chemical,5,6
CEPVL,RICL,chemical,5,7
CEPVL,RICR,chemical,1,1
CEPVL,RICR,chemical,2,2
CEPVL,RICR,chemical,2,3
CEPVL,RICR,chemical,2,4
CEPVL,RICR,chemical,2,5
CEPVL,RICR,chemical,2,6
CEPVL,RICR,chemical,3,7
CEPVL,RICR,chemical,3,8
CEPVL,RIPL,chemical,1,3
CEPVL,RIPL,chemical,1,8
CEPVL,RIPL,chemical,2,4
CEPVL,RMDDL,chemical,1,2
CEPVL,RMDDL,chemical,2,3
CEPVL,RMDDL,chemical,4,4
CEPVL,RMDDL,chemical,4,5
CEPVL,RMDDL,chemical,5,6
CEPVL,RMDDL,chemical,7,7
CEPVL,RMDDL,chemical,9,8
CEPVL,RMDL,chemical,1,6
CEPVL,RMHL,chemical,1,6
CEPVL,RMHL,chemical,1,7
CEPVL,RMHL,chemical,1,8
CEPVL,RMHL,chemical,3,5
CEPVL,RMHR,chemical,1,5
CEPVL,RMHR,chemical,2,8
CEPVL,RMHR,chemical,3,6
CEPVL,RMHR,chemical,4,7
CEPVL,SIAVL,chemical,2,8
CEPVL,SMBVL,chemical,1,8
CEPVL,SMDDL,chemical,1,7
CEPVL,SMDVR,chemical,1,3
CEPVL,SMDVR,chemical,2,1
CEPVL,SMDVR,chemical,2,4
CEPVL,SMDVR,chemical,2,8
CEPVL,URAVL,chemical,2,6
CEPVL,URAVL,chemical,2,8
CEPVL,URAVL,chemical,3,5
CEPVL,URAVL,chemical,4,7
CEPVL,URBL,chemical,1,6
CEPVL,URBL,chemical,2,7
CEPVL,URBL,chemical,2,8
CEPVL,URXL,chemical,1,7
CEPVL,URYVL,chemical,1,2
CEPVL,URYVL,chemical,1,4
CEPVL,URYVL,chemical,1,5
CEPVL,URYVL,chemical,1,6
CEPVL,URYVL,chemical,1,7
CEPVL,URYVL,chemical,2,8
CEPVR,ADER,chemical,1,5
CEPVR,ALMR,chemical,1,7
CEPVR,AVBR,chemical,1,7
CEPVR,AVEL,chemical,2,3
CEPVR,AVEL,chemical,3,1
CEPVR,AVEL,chemical,4,2
CEPVR,AVEL,chemical,4,4
CEPVR,AVEL,chemical,4,7
CEPVR,AVEL,chemical,5,6
CEPVR,AVEL,chemical,6,5
CEPVR,AVEL,chemical,6,8
CEPVR,AVER,chemical,1,8
CEPVR,AVER,chemical,2,7
CEPVR,BWM-VR01,chemical,1,7
CEPVR,CEPshVR,chemical,1,5
CEPVR,IL1R,chemical,1,8
CEPVR,IL1VR,chemical,1,3
CEPVR,IL1VR,chemical,2,4
CEPVR,IL1VR,chemical,2,5
CEPVR,IL1VR,chemical,3,6
CEPVR,IL1VR,chemical,3,7
CEPVR,IL1VR,chemical,5,8
CEPVR,OLLR,chemical,3,1
CEPVR,OLLR,chemical,4,3
CEPVR,OLLR,chemical,4,4
CEPVR,OLLR,chemical,5,2
CEPVR,OLLR,chemical,5,6
CEPVR,OLLR,chemical,7,5
CEPVR,OLLR,chemical,9,8
CEPVR,OLLR,chemical,11,7
CEPVR,OLQVR,chemical,1,1
CEPVR,OLQVR,chemical,1,2
CEPVR,OLQVR,chemical,2,3
CEPVR,OLQVR,chemical,3,4
CEPVR,OLQVR,chemical,4,5
CEPVR,OLQVR,chemical,4,7
CEPVR,OLQVR,chemical,6,6
CEPVR,OLQVR,chemical,7,8
CEPVR,PVR,chemical,1,7
CEPVR,PVR,chemical,1,8
CEPVR,PVR,chemical,2,5
CEPVR,RIBR,chemical,1,6
CEPVR,RICL,chemical,1,3
CEPVR,RICL,chemical,1,4
CEPVR,RICL,chemical,2,1
CEPVR,RICL,chemical,2,2
CEPVR,RICL,chemical,2,5
CEPVR,RICL,chemical,2,6
CEPVR,RICL,chemical,3,7
CEPVR,RICL,chemical,3,8
CEPVR,RICR,chemical,2,1
CEPVR,RICR,chemical,2,2
CEPVR,RICR,chemical,3,3
CEPVR,RICR,chemical,3,4
CEPVR,RICR,chemical,3,5
CEPVR,RICR,chemical,5,6
CEPVR,RICR,chemical,6,7
CEPVR,RICR,chemical,6,8
CEPVR,RIPR,chemical,1,3
CEPVR,RIPR,chemical,1,4
CEPVR,RIPR,chemical,2,5
CEPVR,RIPR,chemical,2,6
CEPVR,RIPR,chemical,2,7
CEPVR,RIPR,chemical,2,8
CEPVR,RMDDR,chemical,1,2
CEPVR,RMDDR,chemical,2,3
CEPVR,RMDDR,chemical,2,4
CEPVR,RMDDR,chemical,2,6
CEPVR,RMDDR,chemical,3,5
CEPVR,RMDDR,chemical,6,8
CEPVR,RMDDR,chemical,8,7
CEPVR,RMDR,chemical,1,7
CEPVR,RMDR,chemical,1,8
CEPVR,RMGR,chemical,1,7
CEPVR,RMHL,chemical,1,5
CEPVR,RMHL,chemical,1,6
CEPVR,RMHL,chemical,2,7
CEPVR,RMHL,chemical,3,8
CEPVR,RMHR,chemical,1,8
CEPVR,RMHR,chemical,2,6
CEPVR,RMHR,chemical,3,7
CEPVR,SIAVR,chemical,1,6
CEPVR,SIAVR,chemical,1,7
CEPVR,SIAVR,chemical,1,8
CEPVR,SMBVR,chemical,1,4
CEPVR,SMBVR,chemical,1,5
CEPVR,SMBVR,chemical,1,7
CEPVR,SMBVR,chemical,1,8
CEPVR,SMDVL,chemical,2,3
CEPVR,SMDVL,chemical,2,4
CEPVR,SMDVL,chemical,2,8
CEPVR,SMDVL,chemical,4,2
CEPVR,URAVR,chemical,1,3
CEPVR,URAVR,chemical,1,4
CEPVR,URAVR,chemical,2,5
CEPVR,URAVR,chemical,3,6
CEPVR,URAVR,chemical,3,7
CEPVR,URAVR,chemical,3,8
CEPVR,URBR,chemical,1,3
CEPVR,URBR,chemical,1,4
CEPVR,URBR,chemical,2,7
CEPVR,URBR,chemical,5,8
CEPVR,URXR,chemical,2,7
CEPVR,URXR,chemical,2,8
CEPVR,URYVR,chemical,1,1
CEPVR,URYVR,chemical,1,5
CEPVR,URYVR,chemical,1,8
CEPVR,URYVR,chemical,2,3
CEPVR,URYVR,chemical,2,7
DVA,ADAL,chemical,1,3
DVA,ADAL,chemical,1,5
DVA,ADAL,chemical,1,7
DVA,ADAR,chemical,1,6
DVA,ADAR,chemical,1,8
DVA,ADEL,chemical,1,8
DVA,AIBL,chemical,1,3
DVA,AIZL,chemical,2,2
DVA,AIZL,chemical,2,3
DVA,AIZL,chemical,2,4
DVA,AIZL,chemical,2,8
DVA,AIZL,chemical,3,5
DVA,AIZL,chemical,4,6
DVA,AIZL,chemical,4,7
DVA,AIZR,chemical,1,4
DVA,AIZR,chemical,2,2
DVA,AIZR,chemical,2,3
DVA,AIZR,chemical,2,5
DVA,AIZR,chemical,2,6
DVA,AIZR,chemical,2,8
DVA,AIZR,chemical,3,1
DVA,AIZR,chemical,3,7
DVA,AQR,chemical,2,5
DVA,AQR,chemical,4,6
DVA,AQR,chemical,4,7
DVA,AQR,chemical,4,8
DVA,AUAL,chemical,1,1
DVA,AUAL,chemical,1,2
DVA,AUAL,chemical,1,4
DVA,AUAL,chemical,1,5
DVA,AUAL,chemical,2,8
DVA,AUAL,chemical,5,7
DVA,AUAR,chemical,1,4
DVA,AUAR,chemical,2,2
DVA,AUAR,chemical,3,7
DVA,AUAR,chemical,3,8
DVA,AVAL,chemical,1,1
DVA,AVAL,chemical,1,4
DVA,AVAL,chemical,1,7
DVA,AVAL,chemical,1,8
DVA,AVAL,chemical,3,6
DVA,AVAR,chemical,1,3
DVA,AVAR,chemical,1,5
DVA,AVAR,chemical,1,7
DVA,AVAR,chemical,2,6
DVA,AVAR,chemical,2,8
DVA,AVBL,chemical,1,6
DVA,AVBL,chemical,1,7
DVA,AVBR,chemical,1,1
DVA,AVBR,chemical,1,8
DVA,AVDL,chemical,1,8
DVA,AVDR,chemical,1,6
DVA,AVEL,chemical,2,1
DVA,AVEL,chemical,2,2
DVA,AVEL,chemical,3,3
DVA,AVEL,chemical,4,4
DVA,AVEL,chemical,4,5
DVA,AVEL,chemical,4,6
DVA,AVEL,chemical,8,8
DVA,AVEL,chemical,10,7
DVA,AVER,chemical,1,1
DVA,AVER,chemical,2,3
DVA,AVER,chemical,4,2
DVA,AVER,chemical,4,4
DVA,AVER,chemical,6,5
DVA,AVER,chemical,7,6
DVA,AVER,chemical,7,8
DVA,AVER,chemical,13,7
DVA,FLPR,chemical,1,6
DVA,FLPR,chemical,1,7
DVA,FLPR,chemical,1,8
DVA,OLQVL,chemical,1,5
DVA,OLQVL,chemical,1,8
DVA,OLQVR,chemical,1,5
DVA,OLQVR,chemical,1,8
DVA,PVCL,chemical,1,6
DVA,PVCL,chemical,1,8
DVA,PVCR,chemical,1,8
DVA,PVPL,chemical,1,5
DVA,PVPL,chemical,1,7
DVA,PVPR,chemical,1,5
DVA,PVPR,chemical,1,6
DVA,RIAL,chemical,1,7
DVA,RIAL,chemical,2,8
DVA,RIAR,chemical,1,7
DVA,RIAR,chemical,1,8
DVA,RIBL,chemical,2,8
DVA,RICL,chemical,1,2
DVA,RIGR,chemical,1,3
DVA,RIH,chemical,1,6
DVA,RIH,chemical,1,7
DVA,RIH,chemical,1,8
DVA,RIML,chemical,1,6
DVA,RIML,chemical,1,7
DVA,RIML,chemical,1,8
DVA,RIPL,chemical,1,5
DVA,RIPR,chemical,1,5
DVA,RIPR,chemical,1,8
DVA,RIR,chemical,1,1
DVA,RIR,chemical,2,3
DVA,RIR,chemical,2,8
DVA,RIR,chemical,3,2
DVA,RIR,chemical,3,4
DVA,RIR,chemical,3,5
DVA,RIR,chemical,4,6
DVA,RIR,chemical,4,7
DVA,RMFR,chemical,1,7
DVA,SDQL,chemical,1,6
DVA,SDQL,chemical,1,7
DVA,SIADL,chemical,1,2
DVA,SIADR,chemical,1,2
DVA,SIADR,chemical,1,5
DVA,SIAVL,chemical,1,7
DVA,SIAVR,chemical,1,6
DVA,SIAVR,chemical,1,7
DVA,SIBVL,chemical,1,5
DVA,SIBVL,chemical,1,6
DVA,SIBVR,chemical,1,5
DVA,SIBVR,chemical,1,8
DVA,SMBDL,chemical,1,8
DVA,SMBDL,chemical,2,7
DVA,SMBDR,chemical,1,7
DVA,SMBDR,chemical,2,8
DVA,SMBVL,chemical,1,8
DVA,SMBVL,chemical,2,7
DVA,SMBVR,chemical,1,7
DVA,SMBVR,chemical,2,8
DVA,URXL,chemical,1,5
DVA,URXR,chemical,1,7
DVA,URYDL,chemical,1,4
DVA,URYDL,chemical,1,7
DVA,URYDR,chemical,1,4
DVA,URYDR,chemical,1,5
DVA,URYDR,chemical,1,8
DVA,URYVL,chemical,1,8
DVA,URYVR,chemical,1,4
DVC,ADEL,chemical,1,1
DVC,AIBL,chemical,1,1
DVC,AIBL,chemical,1,3
DVC,AIBL,chemical,3,4
DVC,AIBL,chemical,3,5
DVC,AIBL,chemical,3,6
DVC,AIBL,chemical,5,8
DVC,AIBL,chemical,10,7
DVC,AIBR,chemical,1,3
DVC,AIBR,chemical,3,2
DVC,AIBR,chemical,4,4
DVC,AIBR,chemical,4,5
DVC,AIBR,chemical,4,6
DVC,AIBR,chemical,6,7
DVC,AIBR,chemical,7,8
DVC,AIZL,chemical,1,8
DVC,AIZR,chemical,1,4
DVC,AQR,chemical,1,8
DVC,AVAL,chemical,1,2
DVC,AVAL,chemical,1,4
DVC,AVAL,chemical,1,5
DVC,AVAL,chemical,2,1
DVC,AVAL,chemical,2,3
DVC,AVAL,chemical,3,6
DVC,AVAL,chemical,6,7
DVC,AVAL,chemical,6,8
DVC,AVAR,chemical,1,4
DVC,AVAR,chemical,2,2
DVC,AVAR,chemical,3,1
DVC,AVAR,chemical,3,3
DVC,AVAR,chemical,3,5
DVC,AVAR,chemical,7,6
DVC,AVAR,chemical,9,8
DVC,AVAR,chemical,10,7
DVC,AVDL,chemical,1,4
DVC,AVDR,chemical,1,1
DVC,AVDR,chemical,1,5
DVC,AVEL,chemical,1,4
DVC,AVEL,chemical,1,8
DVC,AVEL,chemical,2,5
DVC,AVER,chemical,1,4
DVC,AVER,chemical,1,7
DVC,AVER,chemical,2,8
DVC,AVKL,chemical,2,8
DVC,AVKL,chemical,3,7
DVC,AVKR,chemical,1,5
DVC,AVKR,chemical,1,6
DVC,AVKR,chemical,3,7
DVC,AVL,chemical,1,7
DVC,BAGL,chemical,1,4
DVC,BAGL,chemical,2,2
DVC,CEPshDL,chemical,1,4
DVC,CEPshDL,chemical,1,6
DVC,CEPshVL,chemical,1,1
DVC,CEPshVL,chemical,1,6
DVC,CEPshVL,chemical,2,5
DVC,CEPshVR,chemical,1,5
DVC,CEPshVR,chemical,1,6
DVC,FLPR,chemical,1,8
DVC,IL2VR,chemical,1,6
DVC,OLLL,chemical,1,7
DVC,PVT,chemical,1,5
DVC,PVT,chemical,2,6
DVC,RIBL,chemical,1,1
DVC,RIBL,chemical,1,3
DVC,RIBL,chemical,2,2
DVC,RIBL,chemical,2,4
DVC,RIBL,chemical,2,6
DVC,RIBL,chemical,3,5
DVC,RIBL,chemical,4,7
DVC,RIBL,chemical,5,8
DVC,RIBR,chemical,1,3
DVC,RIBR,chemical,1,6
DVC,RIBR,chemical,3,2
DVC,RIBR,chemical,4,4
DVC,RIBR,chemical,4,5
DVC,RIBR,chemical,6,7
DVC,RIBR,chemical,9,8
DVC,RID,chemical,1,7
DVC,RIGL,chemical,2,3
DVC,RIGL,chemical,2,6
DVC,RIGL,chemical,3,2
DVC,RIGL,chemical,3,4
DVC,RIGL,chemical,6,5
DVC,RIGL,chemical,9,7
DVC,RIGL,chemical,10,8
DVC,RIGR,chemical,1,2
DVC,RIGR,chemical,2,3
DVC,RIGR,chemical,4,4
DVC,RIGR,chemical,4,6
DVC,RIGR,chemical,5,5
DVC,RIGR,chemical,7,7
DVC,RIGR,chemical,13,8
DVC,RIML,chemical,1,7
DVC,RIVL,chemical,1,7
DVC,RIVR,chemical,1,8
DVC,RMFL,chemical,4,7
DVC,RMFL,chemical,6,8
DVC,RMFR,chemical,1,6
DVC,RMFR,chemical,4,8
DVC,RMFR,chemical,11,7
DVC,SAAVR,chemical,1,7
DVC,URAVR,chemical,1,4
DVC,URAVR,chemical,1,6
DVC,URXR,chemical,1,2
DVC,URXR,chemical,1,5
DVC,URYDR,chemical,1,5
DVC,URYDR,chemical,1,6
DVC,URYVL,chemical,3,8
DVC,URYVR,chemical,1,3
DVC,URYVR,chemical,1,5
FLPL,ADAL,chemical,1,5
FLPL,ADAL,chemical,1,7
FLPL,ADEL,chemical,1,1
FLPL,ADEL,chemical,1,2
FLPL,ADEL,chemical,1,5
FLPL,ADEL,chemical,1,7
FLPL,ADEL,chemical,2,3
FLPL,ADER,chemical,1,1
FLPL,ADER,chemical,1,2
FLPL,ADER,chemical,2,5
FLPL,ADER,chemical,2,7
FLPL,ADER,chemical,2,8
FLPL,AIBL,chemical,1,7
FLPL,AIBR,chemical,1,8
FLPL,AIBR,chemical,2,7
FLPL,AVAL,chemical,1,1
FLPL,AVAL,chemical,1,6
FLPL,AVAL,chemical,2,3
FLPL,AVAL,chemical,3,2
FLPL,AVAL,chemical,3,5
FLPL,AVAL,chemical,7,8
FLPL,AVAL,chemical,9,7
FLPL,AVAR,chemical,2,3
FLPL,AVAR,chemical,3,5
FLPL,AVAR,chemical,3,6
FLPL,AVAR,chemical,8,8
FLPL,AVAR,chemical,14,7
FLPL,AVBL,chemical,1,2
FLPL,AVBL,chemical,1,4
FLPL,AVBL,chemical,2,6
FLPL,AVBL,chemical,3,7
FLPL,AVBL,chemical,3,8
FLPL,AVBR,chemical,1,4
FLPL,AVBR,chemical,1,7
FLPL,AVBR,chemical,1,8
FLPL,AVBR,chemical,3,6
FLPL,AVDL,chemical,1,2
FLPL,AVDL,chemical,2,4
FLPL,AVDL,chemical,2,6
FLPL,AVDL,chemical,2,7
FLPL,AVDL,chemical,3,5
FLPL,AVDL,chemical,3,8
FLPL,AVDR,chemical,1,1
FLPL,AVDR,chemical,1,6
FLPL,AVEL,chemical,1,4
FLPL,AVEL,chemical,1,6
FLPL,AVEL,chemical,2,8
FLPL,AVEL,chemical,4,7
FLPL,AVER,chemical,2,6
FLPL,AVER,chemical,3,8
FLPL,AVJL,chemical,1,4
FLPL,AVJL,chemical,1,7
FLPL,AVL,chemical,1,3
FLPL,DVA,chemical,1,5
FLPL,DVA,chemical,1,8
FLPL,FLPR,chemical,1,2
FLPL,FLPR,chemical,1,3
FLPL,FLPR,chemical,1,4
FLPL,FLPR,chemical,1,6
FLPL,FLPR,chemical,2,8
FLPL,FLPR,chemical,3,7
FLPL,FLPR,chemical,4,5
FLPL,PVCL,chemical,1,2
FLPL,PVCL,chemical,1,5
FLPL,PVCL,chemical,1,8
FLPL,PVCL,chemical,2,7
FLPL,PVCR,chemical,1,4
FLPL,PVCR,chemical,1,6
FLPL,PVCR,chemical,1,7
FLPL,RIH,chemical,1,7
FLPL,RIH,chemical,2,8
FLPL,RIS,chemical,1,6
FLPL,RIS,chemical,1,8
FLPL,SDQL,chemical,1,6
FLPL,SDQL,chemical,1,7
FLPL,SDQL,chemical,1,8
FLPL,SDQR,chemical,1,8
FLPR,ADAL,chemical,1,5
FLPR,ADAR,chemical,1,7
FLPR,ADAR,chemical,1,8
FLPR,ADEL,chemical,1,2
FLPR,ADEL,chemical,1,3
FLPR,ADEL,chemical,1,6
FLPR,ADER,chemical,1,4
FLPR,ADER,chemical,1,6
FLPR,ADER,chemical,1,7
FLPR,ADER,chemical,1,8
FLPR,AIBL,chemical,1,8
FLPR,AIBL,chemical,2,6
FLPR,AIBL,chemical,7,7
FLPR,AIBR,chemical,1,5
FLPR,AVAL,chemical,1,4
FLPR,AVAL,chemical,2,2
FLPR,AVAL,chemical,2,3
FLPR,AVAL,chemical,3,5
FLPR,AVAL,chemical,7,6
FLPR,AVAL,chemical,9,8
FLPR,AVAL,chemical,10,7
FLPR,AVAR,chemical,1,2
FLPR,AVAR,chemical,3,3
FLPR,AVAR,chemical,4,5
FLPR,AVAR,chemical,5,6
FLPR,AVAR,chemical,5,7
FLPR,AVAR,chemical,5,8
FLPR,AVBL,chemical,1,3
FLPR,AVBL,chemical,2,4
FLPR,AVBL,chemical,2,8
FLPR,AVBL,chemical,5,7
FLPR,AVBR,chemical,1,3
FLPR,AVBR,chemical,1,5
FLPR,AVBR,chemical,2,7
FLPR,AVDL,chemical,2,4
FLPR,AVDL,chemical,2,5
FLPR,AVDL,chemical,3,7
FLPR,AVDL,chemical,3,8
FLPR,AVDR,chemical,1,7
FLPR,AVEL,chemical,1,3
FLPR,AVEL,chemical,1,4
FLPR,AVEL,chemical,2,7
FLPR,AVEL,chemical,3,8
FLPR,AVER,chemical,1,6
FLPR,DVC,chemical,1,3
FLPR,FLPL,chemical,1,6
FLPR,FLPL,chemical,1,8
FLPR,FLPL,chemical,2,4
FLPR,FLPL,chemical,3,3
FLPR,FLPL,chemical,3,5
FLPR,PVCL,chemical,1,3
FLPR,PVCL,chemical,1,6
FLPR,PVCL,chemical,1,8
FLPR,PVCL,chemical,2,7
FLPR,PVPR,chemical,1,7
HSNL,ADLL,chemical,1,7
HSNL,ADLL,chemical,1,8
HSNL,AIAL,chemical,1,7
HSNL,AIAL,chemical,2,8
HSNL,AIAR,chemical,2,8
HSNL,AIZL,chemical,1,7
HSNL,AIZR,chemical,1,7
HSNL,AQR,chemical,1,7
HSNL,ASER,chemical,1,7
HSNL,ASHL,chemical,2,8
HSNL,ASHR,chemical,2,7
HSNL,ASKR,chemical,1,8
HSNL,AVAR,chemical,1,7
HSNL,AVBL,chemical,2,7
HSNL,AVBR,chemical,1,7
HSNL,AVDR,chemical,1,7
HSNL,AVFR,chemical,2,8
HSNL,AVHL,chemical,1,7
HSNL,AVHR,chemical,1,8
HSNL,AWAL,chemical,1,7
HSNL,AWAR,chemical,1,7
HSNL,AWBL,chemical,1,8
HSNL,AWBL,chemical,3,7
HSNL,AWBR,chemical,1,8
HSNL,AWBR,chemical,2,7
HSNL,BDUL,chemical,3,8
HSNL,HSNR,chemical,1,8
HSNL,PVNL,chemical,1,7
HSNL,PVNL,chemical,2,8
HSNL,PVNR,chemical,1,7
HSNL,PVNR,chemical,1,8
HSNL,PVQL,chemical,1,7
HSNL,PVQL,chemical,1,8
HSNL,RIFL,chemical,1,7
HSNL,RIFL,chemical,2,8
HSNL,RIFR,chemical,1,8
HSNL,RIMR,chemical,1,7
HSNL,RMGL,chemical,1,8
HSNR,AIAL,chemical,3,7
HSNR,AIAR,chemical,2,8
HSNR,AIAR,chemical,3,7
HSNR,AIZL,chemical,1,7
HSNR,AIZR,chemical,1,7
HSNR,ALMR,chemical,1,7
HSNR,ASER,chemical,1,7
HSNR,ASHL,chemical,1,8
HSNR,ASHR,chemical,1,7
HSNR,ASHR,chemical,1,8
HSNR,ASKL,chemical,1,7
HSNR,ASKR,chemical,1,8
HSNR,ASKR,chemical,2,7
HSNR,AVBL,chemical,1,7
HSNR,AVDR,chemical,1,7
HSNR,AVFR,chemical,1,7
HSNR,AVJL,chemical,1,8
HSNR,AVM,chemical,1,8
HSNR,AWAL,chemical,1,8
HSNR,AWBL,chemical,1,7
HSNR,AWBL,chemical,2,8
HSNR,AWBR,chemical,1,7
HSNR,BDUR,chemical,2,7
HSNR,BDUR,chemical,3,8
HSNR,PVQL,chemical,1,7
HSNR,PVQR,chemical,1,8
HSNR,RIFR,chemical,2,7
HSNR,RIFR,chemical,2,8
HSNR,RIMR,chemical,1,7
IL1DL,BWM-DL01,chemical,1,1
IL1DL,BWM-DL01,chemical,1,4
IL1DL,BWM-DL01,chemical,2,2
IL1DL,BWM-DL01,chemical,2,3
IL1DL,BWM-DL01,chemical,3,5
IL1DL,BWM-DL01,chemical,5,6
IL1DL,BWM-DL01,chemical,6,8
IL1DL,BWM-DL01,chemical,9,7
IL1DL,BWM-DL02,chemical,1,1
IL1DL,BWM-DL02,chemical,1,4
IL1DL,BWM-DL02,chemical,2,2
IL1DL,BWM-DL02,chemical,2,3
IL1DL,BWM-DL02,chemical,3,6
IL1DL,BWM-DL02,chemical,3,8
IL1DL,BWM-DL02,chemical,5,7
IL1DL,BWM-DL02,chemical,6,5
IL1DL,BWM-DL03,chemical,1,7
IL1DL,BWM-DL04,chemical,1,5
IL1DL,BWM-DL04,chemical,1,6
IL1DL,BWM-DL04,chemical,2,7
IL1DL,IL1L,chemical,1,5
IL1DL,IL1L,chemical,1,8
IL1DL,OLLL,chemical,2,8
IL1DL,PVR,chemical,1,6
IL1DL,PVR,chemical,1,7
IL1DL,PVR,chemical,1,8
IL1DL,RIPL,chemical,2,1
IL1DL,RIPL,chemical,3,3
IL1DL,RIPL,chemical,3,4
IL1DL,RIPL,chemical,3,8
IL1DL,RIPL,chemical,4,5
IL1DL,RIPL,chemical,4,6
IL1DL,RIPL,chemical,4,7
IL1DL,RIPL,chemical,5,2
IL1DL,RMDDR,chemical,1,8
IL1DL,RMDDR,chemical,2,7
IL1DL,RMDVL,chemical,1,4
IL1DL,RMDVL,chemical,2,1
IL1DL,RMDVL,chemical,4,3
IL1DL,RMDVL,chemical,4,5
IL1DL,RMDVL,chemical,5,2
IL1DL,RMDVL,chemical,7,6
IL1DL,RMDVL,chemical,8,8
IL1DL,RMDVL,chemical,11,7
IL1DL,RMEL,chemical,1,1
IL1DL,RMEL,chemical,1,3
IL1DL,RMEL,chemical,1,4
IL1DL,RMEL,chemical,1,7
IL1DL,RMEL,chemical,1,8
IL1DL,RMEL,chemical,2,2
IL1DL,RMEL,chemical,2,5
IL1DL,RMEL,chemical,2,6
IL1DL,URADL,chemical,1,5
IL1DL,URADL,chemical,2,8
IL1DR,BWM-DR01,chemical,1,1
IL1DR,BWM-DR01,chemical,1,2
IL1DR,BWM-DR01,chemical,1,5
IL1DR,BWM-DR01,chemical,2,3
IL1DR,BWM-DR01,chemical,2,4
IL1DR,BWM-DR01,chemical,4,6
IL1DR,BWM-DR01,chemical,5,7
IL1DR,BWM-DR01,chemical,6,8
IL1DR,BWM-DR02,chemical,1,1
IL1DR,BWM-DR02,chemical,1,7
IL1DR,BWM-DR02,chemical,2,4
IL1DR,BWM-DR02,chemical,2,5
IL1DR,BWM-DR02,chemical,3,2
IL1DR,BWM-DR02,chemical,3,3
IL1DR,BWM-DR02,chemical,3,8
IL1DR,BWM-DR02,chemical,4,6
IL1DR,BWM-DR03,chemical,2,7
IL1DR,BWM-DR04,chemical,1,5
IL1DR,BWM-DR04,chemical,1,7
IL1DR,BWM-DR04,chemical,2,8
IL1DR,GLRDR,chemical,1,2
IL1DR,IL1R,chemical,1,1
IL1DR,IL1R,chemical,3,8
IL1DR,OLLR,chemical,3,8
IL1DR,PVR,chemical,2,7
IL1DR,RIPR,chemical,2,1
IL1DR,RIPR,chemical,2,4
IL1DR,RIPR,chemical,2,5
IL1DR,RIPR,chemical,2,6
IL1DR,RIPR,chemical,2,7
IL1DR,RIPR,chemical,3,2
IL1DR,RIPR,chemical,3,3
IL1DR,RIPR,chemical,3,8
IL1DR,RMDDL,chemical,1,3
IL1DR,RMDDL,chemical,1,7
IL1DR,RMDVR,chemical,2,1
IL1DR,RMDVR,chemical,2,4
IL1DR,RMDVR,chemical,3,2
IL1DR,RMDVR,chemical,3,5
IL1DR,RMDVR,chemical,4,7
IL1DR,RMDVR,chemical,5,3
IL1DR,RMDVR,chemical,5,6
IL1DR,RMDVR,chemical,10,8
IL1DR,RMER,chemical,1,3
IL1DR,RMER,chemical,1,4
IL1DR,RMER,chemical,2,2
IL1DR,RMER,chemical,2,6
IL1DR,RMER,chemical,2,8
IL1L,AVER,chemical,1,8
IL1L,AVER,chemical,2,7
IL1L,BWM-DL01,chemical,1,5
IL1L,BWM-DL01,chemical,1,7
IL1L,BWM-DL02,chemical,3,1
IL1L,BWM-DL02,chemical,4,3
IL1L,BWM-DL02,chemical,4,4
IL1L,BWM-DL02,chemical,4,8
IL1L,BWM-DL02,chemical,5,2
IL1L,BWM-DL02,chemical,7,7
IL1L,BWM-DL02,chemical,8,6
IL1L,BWM-DL02,chemical,9,5
IL1L,BWM-DL04,chemical,2,6
IL1L,BWM-DL04,chemical,5,7
IL1L,BWM-VL01,chemical,1,7
IL1L,BWM-VL02,chemical,1,1
IL1L,BWM-VL02,chemical,4,2
IL1L,BWM-VL02,chemical,4,4
IL1L,BWM-VL02,chemical,7,3
IL1L,BWM-VL02,chemical,8,6
IL1L,BWM-VL02,chemical,8,7
IL1L,BWM-VL02,chemical,9,5
IL1L,BWM-VL02,chemical,13,8
IL1L,BWM-VL04,chemical,1,6
IL1L,BWM-VL04,chemical,2,5
IL1L,BWM-VL04,chemical,2,7
IL1L,BWM-VL04,chemical,2,8
IL1L,IL1DL,chemical,2,7
IL1L,IL1VL,chemical,1,3
IL1L,IL1VL,chemical,1,6
IL1L,RIPL,chemical,1,4
IL1L,RMDDL,chemical,1,1
IL1L,RMDDL,chemical,2,4
IL1L,RMDDL,chemical,3,2
IL1L,RMDDL,chemical,3,3
IL1L,RMDDL,chemical,3,8
IL1L,RMDDL,chemical,4,5
IL1L,RMDDL,chemical,4,6
IL1L,RMDDL,chemical,4,7
IL1L,RMDDR,chemical,1,3
IL1L,RMDDR,chemical,1,4
IL1L,RMDDR,chemical,1,6
IL1L,RMDDR,chemical,2,5
IL1L,RMDDR,chemical,2,8
IL1L,RMDDR,chemical,3,7
IL1L,RMDL,chemical,1,2
IL1L,RMDL,chemical,2,3
IL1L,RMDL,chemical,2,4
IL1L,RMDL,chemical,3,5
IL1L,RMDL,chemical,3,6
IL1L,RMDL,chemical,3,7
IL1L,RMDL,chemical,3,8
IL1L,RMDR,chemical,1,5
IL1L,RMDR,chemical,1,6
IL1L,RMDR,chemical,1,8
IL1L,RMDR,chemical,5,7
IL1L,RMDVL,chemical,2,1
IL1L,RMDVL,chemical,2,2
IL1L,RMDVL,chemical,2,3
IL1L,RMDVL,chemical,3,5
IL1L,RMDVL,chemical,3,6
IL1L,RMDVL,chemical,3,7
IL1L,RMDVL,chemical,3,8
IL1L,RMDVL,chemical,4,4
IL1L,RMDVR,chemical,1,5
IL1L,RMDVR,chemical,2,2
IL1L,RMDVR,chemical,2,6
IL1L,RMDVR,chemical,5,7
IL1L,RMED,chemical,1,7
IL1L,RMER,chemical,1,4
IL1L,RMER,chemical,1,8
IL1L,RMER,chemical,3,1
IL1L,RMER,chemical,3,2
IL1L,RMER,chemical,5,3
IL1L,RMEV,chemical,1,7
IL1L,RMGL,chemical,1,6
IL1L,RMHR,chemical,1,7
IL1L,RMHR,chemical,2,8
IL1L,URADL,chemical,1,4
IL1L,URAVL,chemical,1,5
IL1L,URAVL,chemical,1,6
IL1R,AVEL,chemical,1,7
IL1R,AVEL,chemical,1,8
IL1R,BWM-DR01,chemical,1,7
IL1R,BWM-DR01,chemical,2,8
IL1R,BWM-DR02,chemical,1,4
IL1R,BWM-DR02,chemical,2,1
IL1R,BWM-DR02,chemical,2,2
IL1R,BWM-DR02,chemical,2,3
IL1R,BWM-DR02,chemical,5,5
IL1R,BWM-DR02,chemical,6,8
IL1R,BWM-DR02,chemical,8,6
IL1R,BWM-DR02,chemical,13,7
IL1R,BWM-DR04,chemical,1,6
IL1R,BWM-DR04,chemical,2,5
IL1R,BWM-DR04,chemical,2,8
IL1R,BWM-DR04,chemical,7,7
IL1R,BWM-VR01,chemical,1,6
IL1R,BWM-VR01,chemical,1,8
IL1R,BWM-VR02,chemical,1,1
IL1R,BWM-VR02,chemical,2,4
IL1R,BWM-VR02,chemical,3,2
IL1R,BWM-VR02,chemical,4,3
IL1R,BWM-VR02,chemical,5,5
IL1R,BWM-VR02,chemical,6,8
IL1R,BWM-VR02,chemical,8,6
IL1R,BWM-VR02,chemical,11,7
IL1R,BWM-VR04,chemical,1,6
IL1R,BWM-VR04,chemical,2,4
IL1R,BWM-VR04,chemical,2,7
IL1R,GLRR,chemical,1,7
IL1R,GLRR,chemical,1,8
IL1R,IL1DR,chemical,1,3
IL1R,IL1DR,chemical,1,5
IL1R,IL1DR,chemical,1,8
IL1R,IL1VR,chemical,1,7
IL1R,IL1VR,chemical,1,8
IL1R,OLLR,chemical,1,5
IL1R,RIPR,chemical,1,7
IL1R,RIS,chemical,1,7
IL1R,RMDDL,chemical,1,3
IL1R,RMDDL,chemical,1,5
IL1R,RMDDL,chemical,1,8
IL1R,RMDDL,chemical,2,6
IL1R,RMDDL,chemical,3,7
IL1R,RMDDR,chemical,1,1
IL1R,RMDDR,chemical,1,2
IL1R,RMDDR,chemical,2,3
IL1R,RMDDR,chemical,2,4
IL1R,RMDDR,chemical,4,5
IL1R,RMDDR,chemical,4,6
IL1R,RMDDR,chemical,4,7
IL1R,RMDDR,chemical,5,8
IL1R,RMDL,chemical,3,8
IL1R,RMDL,chemical,4,7
IL1R,RMDR,chemical,1,2
IL1R,RMDR,chemical,1,6
IL1R,RMDR,chemical,1,7
IL1R,RMDR,chemical,2,3
IL1R,RMDR,chemical,2,4
IL1R,RMDR,chemical,3,8
IL1R,RMDVL,chemical,1,1
IL1R,RMDVL,chemical,1,2
IL1R,RMDVL,chemical,1,5
IL1R,RMDVL,chemical,2,6
IL1R,RMDVL,chemical,3,8
IL1R,RMDVL,chemical,4,7
IL1R,RMDVR,chemical,1,2
IL1R,RMDVR,chemical,1,4
IL1R,RMDVR,chemical,2,1
IL1R,RMDVR,chemical,2,3
IL1R,RMDVR,chemical,2,6
IL1R,RMDVR,chemical,3,5
IL1R,RMDVR,chemical,3,8
IL1R,RMDVR,chemical,7,7
IL1R,RMEL,chemical,1,8
IL1R,RMEL,chemical,2,3
IL1R,RMEL,chemical,3,1
IL1R,RMFL,chemical,1,7
IL1R,RMFL,chemical,1,8
IL1R,RMHL,chemical,1,5
IL1R,RMHL,chemical,1,6
IL1R,RMHL,chemical,1,7
IL1R,RMHL,chemical,1,8
IL1R,RMHR,chemical,3,5
IL1R,URAVR,chemical,1,2
IL1R,URAVR,chemical,1,3
IL1R,URAVR,chemical,1,5
IL1R,URAVR,chemical,1,7
IL1VL,BWM-VL01,chemical,1,3
IL1VL,BWM-VL01,chemical,1,4
IL1VL,BWM-VL01,chemical,2,1
IL1VL,BWM-VL01,chemical,2,2
IL1VL,BWM-VL01,chemical,2,5
IL1VL,BWM-VL01,chemical,2,8
IL1VL,BWM-VL01,chemical,5,6
IL1VL,BWM-VL01,chemical,5,7
IL1VL,BWM-VL02,chemical,1,1
IL1VL,BWM-VL02,chemical,1,6
IL1VL,BWM-VL02,chemical,2,3
IL1VL,BWM-VL02,chemical,3,2
IL1VL,BWM-VL02,chemical,3,4
IL1VL,BWM-VL02,chemical,3,5
IL1VL,BWM-VL02,chemical,4,7
IL1VL,BWM-VL02,chemical,7,8
IL1VL,BWM-VL03,chemical,5,7
IL1VL,BWM-VL04,chemical,1,8
IL1VL,PVR,chemical,1,7
IL1VL,PVR,chemical,1,8
IL1VL,RIPL,chemical,1,1
IL1VL,RIPL,chemical,2,5
IL1VL,RIPL,chemical,2,6
IL1VL,RIPL,chemical,3,3
IL1VL,RIPL,chemical,3,7
IL1VL,RIPL,chemical,4,2
IL1VL,RIPL,chemical,4,4
IL1VL,RIPL,chemical,4,8
IL1VL,RMDDL,chemical,3,1
IL1VL,RMDDL,chemical,3,3
IL1VL,RMDDL,chemical,3,4
IL1VL,RMDDL,chemical,4,5
IL1VL,RMDDL,chemical,5,2
IL1VL,RMDDL,chemical,5,6
IL1VL,RMDDL,chemical,8,7
IL1VL,RMDDL,chemical,8,8
IL1VL,RMDVR,chemical,1,8
IL1VL,RMEL,chemical,1,4
IL1VL,RMEL,chemical,1,6
IL1VL,RMEL,chemical,2,1
IL1VL,RMEL,chemical,2,3
IL1VL,RMEL,chemical,2,7
IL1VL,RMEL,chemical,3,2
IL1VL,RMEL,chemical,3,8
IL1VL,RMEV,chemical,1,7
IL1VL,URAVL,chemical,1,5
IL1VL,URAVL,chemical,1,8
IL1VR,BWM-VR01,chemical,1,1
IL1VR,BWM-VR01,chemical,1,2
IL1VR,BWM-VR01,chemical,2,3
IL1VR,BWM-VR01,chemical,2,4
IL1VR,BWM-VR01,chemical,2,5
IL1VR,BWM-VR01,chemical,2,6
IL1VR,BWM-VR01,chemical,4,8
IL1VR,BWM-VR01,chemical,6,7
IL1VR,BWM-VR02,chemical,1,4
IL1VR,BWM-VR02,chemical,1,6
IL1VR,BWM-VR02,chemical,2,1
IL1VR,BWM-VR02,chemical,2,2
IL1VR,BWM-VR02,chemical,2,3
IL1VR,BWM-VR02,chemical,3,5
IL1VR,BWM-VR02,chemical,3,8
IL1VR,BWM-VR02,chemical,5,7
IL1VR,BWM-VR04,chemical,1,8
IL1VR,GLRR,chemical,1,8
IL1VR,IL1R,chemical,1,6
IL1VR,IL1R,chemical,1,7
IL1VR,RIPR,chemical,2,1
IL1VR,RIPR,chemical,2,6
IL1VR,RIPR,chemical,2,7
IL1VR,RIPR,chemical,2,8
IL1VR,RIPR,chemical,3,2
IL1VR,RIPR,chemical,3,3
IL1VR,RIPR,chemical,3,4
IL1VR,RIPR,chemical,4,5
IL1VR,RMDDR,chemical,3,1
IL1VR,RMDDR,chemical,3,2
IL1VR,RMDDR,chemical,3,4
IL1VR,RMDDR,chemical,3,6
IL1VR,RMDDR,chemical,3,8
IL1VR,RMDDR,chemical,4,3
IL1VR,RMDDR,chemical,5,5
IL1VR,RMDDR,chemical,8,7
IL1VR,RMER,chemical,1,1
IL1VR,RMER,chemical,1,4
IL1VR,RMER,chemical,2,2
IL1VR,RMER,chemical,2,3
IL1VR,RMER,chemical,2,5
IL1VR,RMER,chemical,2,6
IL1VR,RMER,chemical,2,7
IL1VR,RMER,chemical,2,8
IL2DL,ADAL,chemical,1,7
IL2DL,AVEL,chemical,1,8
IL2DL,BWM-DL03,chemical,1,7
IL2DL,CEPDL,chemical,1,7
IL2DL,CEPshDL,chemical,1,6
IL2DL,GLRDL,chemical,1,1
IL2DL,GLRDL,chemical,1,7
IL2DL,IL1DL,chemical,1,3
IL2DL,IL1DL,chemical,1,4
IL2DL,IL1DL,chemical,2,5
IL2DL,IL1DL,chemical,3,6
IL2DL,IL1DL,chemical,6,7
IL2DL,IL1DL,chemical,8,8
IL2DL,IL2L,chemical,1,7
IL2DL,OLQDL,chemical,1,6
IL2DL,OLQDL,chemical,3,7
IL2DL,OLQDL,chemical,5,8
IL2DL,RICL,chemical,1,5
IL2DL,RICR,chemical,1,6
IL2DL,RICR,chemical,1,7
IL2DL,RIGL,chemical,1,8
IL2DL,RIH,chemical,1,5
IL2DL,RIH,chemical,1,6
IL2DL,RIH,chemical,4,7
IL2DL,RIH,chemical,5,8
IL2DL,RIPL,chemical,3,1
IL2DL,RIPL,chemical,3,4
IL2DL,RIPL,chemical,4,2
IL2DL,RIPL,chemical,5,3
IL2DL,RIPL,chemical,8,5
IL2DL,RIPL,chemical,9,6
IL2DL,RIPL,chemical,13,7
IL2DL,RIPL,chemical,21,8
IL2DL,RIPR,chemical,1,2
IL2DL,RIPR,chemical,1,3
IL2DL,RMDVL,chemical,1,8
IL2DL,RMED,chemical,1,3
IL2DL,RMED,chemical,1,5
IL2DL,RMED,chemical,2,2
IL2DL,RMED,chemical,2,4
IL2DL,RMED,chemical,2,6
IL2DL,RMED,chemical,2,7
IL2DL,RMED,chemical,4,8
IL2DL,RMEL,chemical,1,1
IL2DL,RMEL,chemical,2,2
IL2DL,RMEL,chemical,2,3
IL2DL,RMEL,chemical,3,6
IL2DL,RMEL,chemical,3,7
IL2DL,RMEL,chemical,4,4
IL2DL,RMEL,chemical,4,5
IL2DL,RMEL,chemical,6,8
IL2DL,RMER,chemical,1,1
IL2DL,RMER,chemical,1,3
IL2DL,RMER,chemical,2,2
IL2DL,RMER,chemical,3,4
IL2DL,RMER,chemical,3,5
IL2DL,RMER,chemical,3,6
IL2DL,RMER,chemical,3,7
IL2DL,RMER,chemical,6,8
IL2DL,RMEV,chemical,1,2
IL2DL,RMEV,chemical,1,3
IL2DL,RMEV,chemical,1,6
IL2DL,RMEV,chemical,1,7
IL2DL,RMEV,chemical,2,1
IL2DL,RMEV,chemical,3,8
IL2DL,RMHL,chemical,1,7
IL2DL,RMHL,chemical,1,8
IL2DL,URADL,chemical,1,4
IL2DL,URADL,chemical,1,6
IL2DL,URADL,chemical,2,2
IL2DL,URADL,chemical,2,3
IL2DL,URADL,chemical,2,5
IL2DL,URADL,chemical,6,7
IL2DL,URADL,chemical,9,8
IL2DL,URYDL,chemical,1,7
IL2DR,ASIR,chemical,1,8
IL2DR,AWCR,chemical,1,8
IL2DR,BWM-DR01,chemical,1,8
IL2DR,BWM-DR02,chemical,1,8
IL2DR,CEPshDR,chemical,1,8
IL2DR,GLRDR,chemical,1,3
IL2DR,GLRDR,chemical,1,5
IL2DR,GLRDR,chemical,1,7
IL2DR,GLRDR,chemical,1,8
IL2DR,GLRR,chemical,1,2
IL2DR,GLRR,chemical,1,7
IL2DR,IL1DR,chemical,1,4
IL2DR,IL1DR,chemical,1,5
IL2DR,IL1DR,chemical,3,6
IL2DR,IL1DR,chemical,7,7
IL2DR,IL1DR,chemical,7,8
IL2DR,OLQDR,chemical,1,6
IL2DR,OLQDR,chemical,2,7
IL2DR,OLQDR,chemical,2,8
IL2DR,RICL,chemical,1,7
IL2DR,RIH,chemical,1,2
IL2DR,RIH,chemical,1,5
IL2DR,RIH,chemical,2,1
IL2DR,RIH,chemical,2,6
IL2DR,RIH,chemical,4,8
IL2DR,RIH,chemical,5,7
IL2DR,RIPL,chemical,1,3
IL2DR,RIPL,chemical,1,5
IL2DR,RIPR,chemical,1,1
IL2DR,RIPR,chemical,4,2
IL2DR,RIPR,chemical,5,3
IL2DR,RIPR,chemical,5,4
IL2DR,RIPR,chemical,9,5
IL2DR,RIPR,chemical,10,6
IL2DR,RIPR,chemical,16,7
IL2DR,RIPR,chemical,18,8
IL2DR,RMDVR,chemical,1,7
IL2DR,RMED,chemical,1,1
IL2DR,RMED,chemical,1,2
IL2DR,RMED,chemical,1,3
IL2DR,RMED,chemical,1,4
IL2DR,RMED,chemical,1,8
IL2DR,RMED,chemical,3,6
IL2DR,RMEL,chemical,1,6
IL2DR,RMEL,chemical,2,3
IL2DR,RMEL,chemical,3,4
IL2DR,RMEL,chemical,3,5
IL2DR,RMEL,chemical,4,7
IL2DR,RMEL,chemical,4,8
IL2DR,RMER,chemical,1,1
IL2DR,RMER,chemical,1,3
IL2DR,RMER,chemical,2,2
IL2DR,RMER,chemical,2,5
IL2DR,RMER,chemical,3,4
IL2DR,RMER,chemical,3,6
IL2DR,RMER,chemical,5,8
IL2DR,RMER,chemical,8,7
IL2DR,RMEV,chemical,1,5
IL2DR,RMEV,chemical,2,4
IL2DR,RMEV,chemical,2,8
IL2DR,RMEV,chemical,3,3
IL2DR,RMEV,chemical,3,7
IL2DR,RMHR,chemical,1,7
IL2DR,URADR,chemical,1,2
IL2DR,URADR,chemical,1,3
IL2DR,URADR,chemical,3,4
IL2DR,URADR,chemical,3,7
IL2DR,URADR,chemical,4,5
IL2DR,URADR,chemical,4,6
IL2DR,URADR,chemical,6,8
IL2L,ADEL,chemical,1,5
IL2L,ADEL,chemical,1,6
IL2L,ADEL,chemical,1,8
IL2L,ADEL,chemical,2,7
IL2L,ADLL,chemical,1,8
IL2L,AWCL,chemical,1,8
IL2L,CEPDL,chemical,1,2
IL2L,IL1DL,chemical,1,7
IL2L,IL1L,chemical,1,5
IL2L,IL1L,chemical,1,6
IL2L,IL2VL,chemical,1,5
IL2L,OLLL,chemical,1,4
IL2L,OLLL,chemical,1,5
IL2L,OLLL,chemical,1,6
IL2L,OLLL,chemical,2,7
IL2L,OLLL,chemical,2,8
IL2L,OLQDL,chemical,1,5
IL2L,OLQDL,chemical,2,2
IL2L,OLQDL,chemical,2,4
IL2L,OLQDL,chemical,3,3
IL2L,OLQDL,chemical,4,6
IL2L,OLQDL,chemical,7,7
IL2L,OLQDL,chemical,7,8
IL2L,OLQVL,chemical,2,1
IL2L,OLQVL,chemical,2,2
IL2L,OLQVL,chemical,2,4
IL2L,OLQVL,chemical,3,5
IL2L,OLQVL,chemical,4,3
IL2L,OLQVL,chemical,5,6
IL2L,OLQVL,chemical,5,8
IL2L,OLQVL,chemical,7,7
IL2L,RICR,chemical,1,7
IL2L,RICR,chemical,1,8
IL2L,RIH,chemical,2,1
IL2L,RIH,chemical,4,2
IL2L,RIH,chemical,4,4
IL2L,RIH,chemical,4,5
IL2L,RIH,chemical,6,3
IL2L,RIH,chemical,7,6
IL2L,RIH,chemical,8,7
IL2L,RIH,chemical,10,8
IL2L,RMDL,chemical,1,8
IL2L,RMDR,chemical,1,4
IL2L,RMDR,chemical,1,7
IL2L,RMDR,chemical,2,6
IL2L,RMDR,chemical,3,5
IL2L,RMDR,chemical,3,8
IL2L,RMEL,chemical,1,3
IL2L,RMEL,chemical,1,6
IL2L,RMER,chemical,3,7
IL2L,SIBDL,chemical,2,7
IL2L,SMBVL,chemical,1,7
IL2L,SMBVL,chemical,1,8
IL2L,URAVL,chemical,1,5
IL2L,URAVL,chemical,1,6
IL2L,URAVL,chemical,1,8
IL2L,URBL,chemical,1,8
IL2L,URXL,chemical,1,8
IL2R,ADER,chemical,1,6
IL2R,ADER,chemical,1,7
IL2R,ADER,chemical,2,8
IL2R,BWM-VR02,chemical,1,7
IL2R,BWM-VR04,chemical,1,7
IL2R,GLRR,chemical,1,7
IL2R,IL1DR,chemical,3,8
IL2R,IL1R,chemical,2,6
IL2R,IL1R,chemical,2,7
IL2R,IL1R,chemical,2,8
IL2R,IL1VR,chemical,1,7
IL2R,OLLR,chemical,1,3
IL2R,OLLR,chemical,1,7
IL2R,OLLR,chemical,2,4
IL2R,OLQDR,chemical,1,1
IL2R,OLQDR,chemical,4,2
IL2R,OLQDR,chemical,4,3
IL2R,OLQDR,chemical,4,4
IL2R,OLQDR,chemical,4,5
IL2R,OLQDR,chemical,5,6
IL2R,OLQDR,chemical,7,7
IL2R,OLQDR,chemical,7,8
IL2R,OLQVR,chemical,1,1
IL2R,OLQVR,chemical,2,2
IL2R,OLQVR,chemical,2,5
IL2R,OLQVR,chemical,3,3
IL2R,OLQVR,chemical,3,4
IL2R,OLQVR,chemical,4,6
IL2R,OLQVR,chemical,5,7
IL2R,OLQVR,chemical,6,8
IL2R,RICL,chemical,1,7
IL2R,RICL,chemical,1,8
IL2R,RICR,chemical,1,7
IL2R,RIH,chemical,2,1
IL2R,RIH,chemical,4,2
IL2R,RIH,chemical,5,4
IL2R,RIH,chemical,5,5
IL2R,RIH,chemical,6,3
IL2R,RIH,chemical,6,6
IL2R,RIH,chemical,6,7
IL2R,RIH,chemical,10,8
IL2R,RMDL,chemical,1,3
IL2R,RMDL,chemical,2,4
IL2R,RMDL,chemical,2,5
IL2R,RMDL,chemical,2,7
IL2R,RMDL,chemical,2,8
IL2R,RMDL,chemical,3,6
IL2R,RMED,chemical,2,8
IL2R,RMEL,chemical,2,8
IL2R,RMER,chemical,1,7
IL2R,RMER,chemical,1,8
IL2R,RMER,chemical,2,3
IL2R,RMEV,chemical,1,6
IL2R,RMEV,chemical,1,8
IL2R,RMEV,chemical,3,7
IL2R,RMHL,chemical,1,5
IL2R,RMHR,chemical,1,5
IL2R,SIBDR,chemical,1,3
IL2R,SMBVR,chemical,1,7
IL2R,URADR,chemical,1,3
IL2R,URADR,chemical,1,6
IL2R,URADR,chemical,1,8
IL2R,URAVR,chemical,1,7
IL2R,URBR,chemical,1,7
IL2R,URXR,chemical,1,7
IL2R,URXR,chemical,1,8
IL2VL,AIBR,chemical,1,8
IL2VL,BAGR,chemical,1,7
IL2VL,GLRVL,chemical,1,6
IL2VL,GLRVL,chemical,2,8
IL2VL,IL1VL,chemical,1,4
IL2VL,IL1VL,chemical,1,5
IL2VL,IL1VL,chemical,2,6
IL2VL,IL1VL,chemical,5,8
IL2VL,IL1VL,chemical,6,7
IL2VL,OLQVL,chemical,1,6
IL2VL,OLQVL,chemical,3,7
IL2VL,OLQVL,chemical,4,8
IL2VL,RIAL,chemical,1,5
IL2VL,RIAL,chemical,1,6
IL2VL,RIAL,chemical,3,7
IL2VL,RIAL,chemical,4,8
IL2VL,RIBL,chemical,2,8
IL2VL,RIH,chemical,1,3
IL2VL,RIH,chemical,1,5
IL2VL,RIH,chemical,1,6
IL2VL,RIH,chemical,2,7
IL2VL,RIPL,chemical,2,1
IL2VL,RIPL,chemical,4,2
IL2VL,RIPL,chemical,4,3
IL2VL,RIPL,chemical,7,4
IL2VL,RIPL,chemical,7,5
IL2VL,RIPL,chemical,9,6
IL2VL,RIPL,chemical,11,7
IL2VL,RIPL,chemical,15,8
IL2VL,RMDDL,chemical,1,7
IL2VL,RMED,chemical,1,1
IL2VL,RMED,chemical,1,3
IL2VL,RMED,chemical,1,4
IL2VL,RMED,chemical,1,8
IL2VL,RMED,chemical,2,5
IL2VL,RMED,chemical,2,6
IL2VL,RMED,chemical,2,7
IL2VL,RMEL,chemical,1,1
IL2VL,RMEL,chemical,2,3
IL2VL,RMEL,chemical,2,6
IL2VL,RMEL,chemical,3,2
IL2VL,RMEL,chemical,3,4
IL2VL,RMEL,chemical,4,7
IL2VL,RMEL,chemical,4,8
IL2VL,RMEL,chemical,5,5
IL2VL,RMER,chemical,1,1
IL2VL,RMER,chemical,2,2
IL2VL,RMER,chemical,2,3
IL2VL,RMER,chemical,2,4
IL2VL,RMER,chemical,2,5
IL2VL,RMER,chemical,4,6
IL2VL,RMER,chemical,4,7
IL2VL,RMER,chemical,6,8
IL2VL,RMEV,chemical,1,1
IL2VL,RMEV,chemical,1,8
IL2VL,RMEV,chemical,2,3
IL2VL,RMEV,chemical,2,6
IL2VL,RMEV,chemical,2,7
IL2VL,RMEV,chemical,3,2
IL2VL,RMEV,chemical,3,5
IL2VL,URAVL,chemical,1,4
IL2VL,URAVL,chemical,3,2
IL2VL,URAVL,chemical,3,6
IL2VL,URAVL,chemical,4,5
IL2VL,URAVL,chemical,4,7
IL2VL,URAVL,chemical,8,8
IL2VL,URXL,chemical,1,5
IL2VL,URXL,chemical,1,6
IL2VL,URXL,chemical,2,7
IL2VR,BAGL,chemical,2,5
IL2VR,BWM-VR01,chemical,2,4
IL2VR,BWM-VR01,chemical,2,7
IL2VR,CEPVR,chemical,1,5
IL2VR,CEPVR,chemical,1,8
IL2VR,GLRVR,chemical,1,2
IL2VR,GLRVR,chemical,1,7
IL2VR,GLRVR,chemical,2,6
IL2VR,IL1VR,chemical,1,3
IL2VR,IL1VR,chemical,2,6
IL2VR,IL1VR,chemical,4,7
IL2VR,IL1VR,chemical,4,8
IL2VR,IL2R,chemical,1,7
IL2VR,IL2R,chemical,1,8
IL2VR,OLQVR,chemical,5,7
IL2VR,OLQVR,chemical,5,8
IL2VR,RIAR,chemical,1,3
IL2VR,RIAR,chemical,1,5
IL2VR,RIAR,chemical,1,6
IL2VR,RIAR,chemical,2,7
IL2VR,RIAR,chemical,3,8
IL2VR,RIH,chemical,1,5
IL2VR,RIH,chemical,1,7
IL2VR,RIH,chemical,2,6
IL2VR,RIH,chemical,2,8
IL2VR,RIPR,chemical,3,1
IL2VR,RIPR,chemical,4,2
IL2VR,RIPR,chemical,4,3
IL2VR,RIPR,chemical,4,4
IL2VR,RIPR,chemical,4,5
IL2VR,RIPR,chemical,11,6
IL2VR,RIPR,chemical,16,7
IL2VR,RIPR,chemical,16,8
IL2VR,RMDDR,chemical,1,7
IL2VR,RMDVL,chemical,1,7
IL2VR,RMED,chemical,1,3
IL2VR,RMED,chemical,1,5
IL2VR,RMED,chemical,2,7
IL2VR,RMED,chemical,2,8
IL2VR,RMEL,chemical,2,1
IL2VR,RMEL,chemical,2,3
IL2VR,RMEL,chemical,2,4
IL2VR,RMEL,chemical,2,5
IL2VR,RMEL,chemical,3,2
IL2VR,RMEL,chemical,4,6
IL2VR,RMEL,chemical,5,8
IL2VR,RMEL,chemical,8,7
IL2VR,RMER,chemical,1,1
IL2VR,RMER,chemical,1,2
IL2VR,RMER,chemical,2,3
IL2VR,RMER,chemical,3,4
IL2VR,RMER,chemical,3,5
IL2VR,RMER,chemical,3,6
IL2VR,RMER,chemical,3,7
IL2VR,RMER,chemical,5,8
IL2VR,RMEV,chemical,1,1
IL2VR,RMEV,chemical,1,2
IL2VR,RMEV,chemical,1,3
IL2VR,RMEV,chemical,2,4
IL2VR,RMEV,chemical,2,5
IL2VR,RMEV,chemical,2,6
IL2VR,RMEV,chemical,2,7
IL2VR,RMEV,chemical,3,8
IL2VR,URAVR,chemical,1,3
IL2VR,URAVR,chemical,1,4
IL2VR,URAVR,chemical,2,2
IL2VR,URAVR,chemical,2,5
IL2VR,URAVR,chemical,4,7
IL2VR,URAVR,chemical,7,6
IL2VR,URAVR,chemical,7,8
IL2VR,URXR,chemical,2,8
IL2VR,URYVR,chemical,1,7
IL2VR,URYVR,chemical,1,8
OLLL,ADEL,chemical,1,7
OLLL,AVER,chemical,5,1
OLLL,AVER,chemical,11,2
OLLL,AVER,chemical,11,4
OLLL,AVER,chemical,14,3
OLLL,AVER,chemical,21,5
OLLL,AVER,chemical,21,6
OLLL,AVER,chemical,27,7
OLLL,AVER,chemical,32,8
OLLL,BWM-VR03,chemical,2,8
OLLL,CEPDL,chemical,1,1
OLLL,CEPDL,chemical,1,6
OLLL,CEPDL,chemical,2,2
OLLL,CEPDL,chemical,4,5
OLLL,CEPDL,chemical,5,4
OLLL,CEPDL,chemical,8,7
OLLL,CEPDL,chemical,8,8
OLLL,CEPVL,chemical,1,3
OLLL,CEPVL,chemical,2,1
OLLL,CEPVL,chemical,4,2
OLLL,CEPVL,chemical,4,5
OLLL,CEPVL,chemical,7,4
OLLL,CEPVL,chemical,8,6
OLLL,CEPVL,chemical,8,8
OLLL,CEPVL,chemical,9,7
OLLL,IL1DL,chemical,1,8
OLLL,IL1DL,chemical,2,7
OLLL,IL1L,chemical,1,6
OLLL,IL1L,chemical,1,8
OLLL,IL1VL,chemical,1,6
OLLL,IL1VL,chemical,1,8
OLLL,IL1VL,chemical,2,7
OLLL,OLLR,chemical,1,7
OLLL,OLQVL,chemical,1,7
OLLL,RIBL,chemical,3,1
OLLL,RIBL,chemical,5,2
OLLL,RIBL,chemical,9,4
OLLL,RIBL,chemical,10,3
OLLL,RIBL,chemical,12,6
OLLL,RIBL,chemical,13,5
OLLL,RIBL,chemical,13,7
OLLL,RIBL,chemical,14,8
OLLL,RIBR,chemical,1,7
OLLL,RIS,chemical,1,6
OLLL,RMDDL,chemical,2,3
OLLL,RMDDL,chemical,4,4
OLLL,RMDDL,chemical,7,6
OLLL,RMDDL,chemical,8,5
OLLL,RMDDL,chemical,9,7
OLLL,RMDDL,chemical,14,8
OLLL,RMDL,chemical,1,8
OLLL,RMDR,chemical,1,5
OLLL,RMDR,chemical,1,6
OLLL,RMDR,chemical,2,7
OLLL,RMDR,chemical,2,8
OLLL,RMDVL,chemical,1,2
OLLL,RMDVL,chemical,1,3
OLLL,RMDVL,chemical,4,4
OLLL,RMDVL,chemical,5,6
OLLL,RMDVL,chemical,8,5
OLLL,RMDVL,chemical,13,7
OLLL,RMDVL,chemical,15,8
OLLL,RMED,chemical,1,6
OLLL,RMED,chemical,3,7
OLLL,RMEL,chemical,1,8
OLLL,RMEL,chemical,2,7
OLLL,RMEL,chemical,3,6
OLLL,RMEV,chemical,1,5
OLLL,RMEV,chemical,1,6
OLLL,RMEV,chemical,1,7
OLLL,RMEV,chemical,1,8
OLLL,SMDDL,chemical,1,6
OLLL,SMDDL,chemical,2,7
OLLL,SMDDL,chemical,2,8
OLLL,SMDDR,chemical,3,1
OLLL,SMDDR,chemical,3,2
OLLL,SMDDR,chemical,3,3
OLLL,SMDDR,chemical,3,6
OLLL,SMDDR,chemical,4,4
OLLL,SMDDR,chemical,4,5
OLLL,SMDDR,chemical,5,7
OLLL,SMDDR,chemical,7,8
OLLL,SMDVL,chemical,1,3
OLLL,SMDVL,chemical,1,5
OLLL,SMDVL,chemical,2,7
OLLL,SMDVL,chemical,2,8
OLLL,SMDVR,chemical,2,1
OLLL,SMDVR,chemical,3,2
OLLL,SMDVR,chemical,3,5
OLLL,SMDVR,chemical,4,3
OLLL,SMDVR,chemical,4,4
OLLL,SMDVR,chemical,4,7
OLLL,SMDVR,chemical,5,6
OLLL,SMDVR,chemical,6,8
OLLL,URXL,chemical,1,7
OLLL,URYVL,chemical,1,5
OLLL,URYVL,chemical,1,8
OLLR,AVEL,chemical,3,1
OLLR,AVEL,chemical,9,2
OLLR,AVEL,chemical,12,3
OLLR,AVEL,chemical,13,4
OLLR,AVEL,chemical,18,5
OLLR,AVEL,chemical,19,6
OLLR,AVEL,chemical,29,7
OLLR,AVEL,chemical,32,8
OLLR,CEPDR,chemical,1,1
OLLR,CEPDR,chemical,1,2
OLLR,CEPDR,chemical,1,3
OLLR,CEPDR,chemical,2,4
OLLR,CEPDR,chemical,3,5
OLLR,CEPDR,chemical,3,6
OLLR,CEPDR,chemical,10,8
OLLR,CEPDR,chemical,11,7
OLLR,CEPVR,chemical,1,3
OLLR,CEPVR,chemical,3,4
OLLR,CEPVR,chemical,3,6
OLLR,CEPVR,chemical,4,7
OLLR,CEPVR,chemical,6,5
OLLR,CEPVR,chemical,7,8
OLLR,IL1DL,chemical,1,6
OLLR,IL1DR,chemical,1,6
OLLR,IL1DR,chemical,4,8
OLLR,IL1R,chemical,1,8
OLLR,IL1R,chemical,2,7
OLLR,IL1R,chemical,4,6
OLLR,IL1VR,chemical,2,7
OLLR,IL1VR,chemical,2,8
OLLR,IL2R,chemical,1,7
OLLR,OLQVR,chemical,1,6
OLLR,RIBR,chemical,3,1
OLLR,RIBR,chemical,3,2
OLLR,RIBR,chemical,3,4
OLLR,RIBR,chemical,6,3
OLLR,RIBR,chemical,9,5
OLLR,RIBR,chemical,10,7
OLLR,RIBR,chemical,11,6
OLLR,RIBR,chemical,13,8
OLLR,RMDDR,chemical,1,3
OLLR,RMDDR,chemical,2,4
OLLR,RMDDR,chemical,5,5
OLLR,RMDDR,chemical,6,6
OLLR,RMDDR,chemical,12,8
OLLR,RMDDR,chemical,13,7
OLLR,RMDL,chemical,1,3
OLLR,RMDL,chemical,1,4
OLLR,RMDL,chemical,1,5
OLLR,RMDL,chemical,1,6
OLLR,RMDL,chemical,3,7
OLLR,RMDL,chemical,4,8
OLLR,RMDR,chemical,1,8
OLLR,RMDVL,chemical,1,3
OLLR,RMDVR,chemical,1,2
OLLR,RMDVR,chemical,2,4
OLLR,RMDVR,chemical,3,3
OLLR,RMDVR,chemical,4,6
OLLR,RMDVR,chemical,7,5
OLLR,RMDVR,chemical,9,7
OLLR,RMDVR,chemical,17,8
OLLR,RMED,chemical,1,6
OLLR,RMEL,chemical,1,7
OLLR,RMER,chemical,1,5
OLLR,RMER,chemical,1,8
OLLR,RMER,chemical,2,6
OLLR,RMER,chemical,2,7
OLLR,RMGR,chemical,1,3
OLLR,RMGR,chemical,1,7
OLLR,SMDDL,chemical,1,1
OLLR,SMDDL,chemical,3,2
OLLR,SMDDL,chemical,3,3
OLLR,SMDDL,chemical,3,4
OLLR,SMDDL,chemical,4,5
OLLR,SMDDL,chemical,4,6
OLLR,SMDDL,chemical,4,7
OLLR,SMDDL,chemical,6,8
OLLR,SMDDR,chemical,1,3
OLLR,SMDDR,chemical,2,6
OLLR,SMDDR,chemical,4,7
OLLR,SMDVL,chemical,2,1
OLLR,SMDVL,chemical,3,3
OLLR,SMDVL,chemical,4,2
OLLR,SMDVL,chemical,4,5
OLLR,SMDVL,chemical,5,4
OLLR,SMDVL,chemical,5,6
OLLR,SMDVL,chemical,5,8
OLLR,SMDVL,chemical,6,7
OLLR,SMDVR,chemical,1,2
OLLR,SMDVR,chemical,1,7
OLLR,URYVR,chemical,1,7
OLQDL,CEPDL,chemical,1,8
OLQDL,IL1DL,chemical,2,8
OLQDL,IL2DL,chemical,1,7
OLQDL,IL2DL,chemical,1,8
OLQDL,IL2L,chemical,1,3
OLQDL,IL2L,chemical,1,4
OLQDL,IL2L,chemical,2,2
OLQDL,IL2L,chemical,2,5
OLQDL,IL2L,chemical,2,6
OLQDL,IL2L,chemical,5,7
OLQDL,IL2L,chemical,5,8
OLQDL,RICL,chemical,1,1
OLQDL,RICL,chemical,1,5
OLQDL,RICL,chemical,1,7
OLQDL,RICL,chemical,1,8
OLQDL,RICR,chemical,1,1
OLQDL,RICR,chemical,1,2
OLQDL,RICR,chemical,1,3
OLQDL,RICR,chemical,1,4
OLQDL,RICR,chemical,1,5
OLQDL,RICR,chemical,1,6
OLQDL,RICR,chemical,1,7
OLQDL,RICR,chemical,1,8
OLQDL,RIH,chemical,1,7
OLQDL,RIH,chemical,1,8
OLQDL,RMDDL,chemical,1,2
OLQDL,RMDDL,chemical,1,7
OLQDL,RMDDR,chemical,1,1
OLQDL,RMDDR,chemical,1,3
OLQDL,RMDDR,chemical,1,4
OLQDL,RMDDR,chemical,2,2
OLQDL,RMDDR,chemical,2,5
OLQDL,RMDDR,chemical,3,6
OLQDL,RMDDR,chemical,5,7
OLQDL,RMDDR,chemical,5,8
OLQDL,RMDVL,chemical,1,2
OLQDL,RMED,chemical,1,5
OLQDL,RMEV,chemical,1,8
OLQDL,RMHL,chemical,1,7
OLQDL,RMHL,chemical,2,8
OLQDL,SIBVL,chemical,1,1
OLQDL,SIBVL,chemical,1,3
OLQDL,SIBVL,chemical,1,4
OLQDL,SIBVL,chemical,2,2
OLQDL,SIBVL,chemical,2,5
OLQDL,SIBVL,chemical,3,6
OLQDL,SIBVL,chemical,5,8
OLQDL,SIBVL,chemical,6,7
OLQDL,SMBDR,chemical,1,6
OLQDL,SMBDR,chemical,1,8
OLQDL,URADL,chemical,1,5
OLQDL,URYDL,chemical,1,2
OLQDR,AVAR,chemical,1,1
OLQDR,IL1DR,chemical,1,6
OLQDR,IL1DR,chemical,1,7
OLQDR,IL2R,chemical,1,1
OLQDR,IL2R,chemical,1,2
OLQDR,IL2R,chemical,1,3
OLQDR,IL2R,chemical,1,4
OLQDR,IL2R,chemical,2,5
OLQDR,IL2R,chemical,4,8
OLQDR,IL2R,chemical,6,7
OLQDR,RICL,chemical,1,1
OLQDR,RICL,chemical,1,2
OLQDR,RICL,chemical,1,3
OLQDR,RICL,chemical,1,4
OLQDR,RICL,chemical,1,5
OLQDR,RICL,chemical,1,6
OLQDR,RICL,chemical,1,7
OLQDR,RICL,chemical,1,8
OLQDR,RICR,chemical,1,2
OLQDR,RICR,chemical,1,3
OLQDR,RICR,chemical,1,5
OLQDR,RICR,chemical,1,7
OLQDR,RICR,chemical,1,8
OLQDR,RICR,chemical,2,1
OLQDR,RIH,chemical,1,7
OLQDR,RMDDL,chemical,1,2
OLQDR,RMDDL,chemical,1,3
OLQDR,RMDDL,chemical,1,4
OLQDR,RMDDL,chemical,1,5
OLQDR,RMDDL,chemical,2,6
OLQDR,RMDDL,chemical,4,7
OLQDR,RMDDL,chemical,4,8
OLQDR,RMER,chemical,1,6
OLQDR,RMER,chemical,1,7
OLQDR,RMHR,chemical,1,7
OLQDR,RMHR,chemical,1,8
OLQDR,SIADL,chemical,1,8
OLQDR,SIBVR,chemical,1,2
OLQDR,SIBVR,chemical,1,3
OLQDR,SIBVR,chemical,1,4
OLQDR,SIBVR,chemical,1,5
OLQDR,SIBVR,chemical,2,6
OLQDR,SIBVR,chemical,4,7
OLQDR,SIBVR,chemical,4,8
OLQDR,SMBDL,chemical,1,7
OLQDR,SMBDL,chemical,1,8
OLQVL,IL1VL,chemical,1,6
OLQVL,IL1VL,chemical,1,7
OLQVL,IL2L,chemical,1,3
OLQVL,IL2L,chemical,1,4
OLQVL,IL2L,chemical,1,5
OLQVL,IL2L,chemical,2,1
OLQVL,IL2L,chemical,2,2
OLQVL,IL2L,chemical,2,6
OLQVL,IL2L,chemical,2,7
OLQVL,IL2L,chemical,4,8
OLQVL,RICL,chemical,1,1
OLQVL,RICL,chemical,1,2
OLQVL,RICL,chemical,1,3
OLQVL,RICL,chemical,1,4
OLQVL,RICL,chemical,1,5
OLQVL,RICL,chemical,1,6
OLQVL,RICL,chemical,1,7
OLQVL,RICL,chemical,1,8
OLQVL,RICR,chemical,1,1
OLQVL,RICR,chemical,1,8
OLQVL,RIH,chemical,1,2
OLQVL,RMDVR,chemical,1,1
OLQVL,RMDVR,chemical,1,2
OLQVL,RMDVR,chemical,1,3
OLQVL,RMDVR,chemical,2,4
OLQVL,RMDVR,chemical,3,5
OLQVL,RMDVR,chemical,3,6
OLQVL,RMDVR,chemical,5,8
OLQVL,RMDVR,chemical,6,7
OLQVL,RMED,chemical,1,7
OLQVL,RMED,chemical,1,8
OLQVL,RMEL,chemical,1,6
OLQVL,RMEL,chemical,1,7
OLQVL,RMHL,chemical,1,4
OLQVL,RMHL,chemical,1,8
OLQVL,SIBDL,chemical,1,2
OLQVL,SIBDL,chemical,1,3
OLQVL,SIBDL,chemical,2,4
OLQVL,SIBDL,chemical,3,5
OLQVL,SIBDL,chemical,3,6
OLQVL,SIBDL,chemical,5,8
OLQVL,SIBDL,chemical,7,7
OLQVL,URBL,chemical,1,8
OLQVR,IL1VR,chemical,1,7
OLQVR,IL2R,chemical,1,1
OLQVR,IL2R,chemical,1,2
OLQVR,IL2R,chemical,1,3
OLQVR,IL2R,chemical,1,4
OLQVR,IL2R,chemical,2,5
OLQVR,IL2R,chemical,2,6
OLQVR,IL2R,chemical,3,7
OLQVR,IL2R,chemical,3,8
OLQVR,IL2VR,chemical,1,8
OLQVR,PVPR,chemical,1,7
OLQVR,RICL,chemical,1,1
OLQVR,RICR,chemical,1,1
OLQVR,RICR,chemical,1,2
OLQVR,RICR,chemical,1,3
OLQVR,RICR,chemical,1,4
OLQVR,RICR,chemical,1,5
OLQVR,RICR,chemical,1,6
OLQVR,RICR,chemical,1,7
OLQVR,RICR,chemical,1,8
OLQVR,RIGR,chemical,1,7
OLQVR,RIH,chemical,1,1
OLQVR,RIH,chemical,1,8
OLQVR,RMDDR,chemical,1,2
OLQVR,RMDVL,chemical,1,1
OLQVR,RMDVL,chemical,1,3
OLQVR,RMDVL,chemical,2,2
OLQVR,RMDVL,chemical,2,4
OLQVR,RMDVL,chemical,4,5
OLQVR,RMDVL,chemical,5,6
OLQVR,RMDVL,chemical,5,7
OLQVR,RMDVL,chemical,7,8
OLQVR,RMED,chemical,1,8
OLQVR,RMER,chemical,1,7
OLQVR,RMER,chemical,1,8
OLQVR,RMHR,chemical,1,7
OLQVR,SIBDR,chemical,1,1
OLQVR,SIBDR,chemical,1,2
OLQVR,SIBDR,chemical,1,3
OLQVR,SIBDR,chemical,2,4
OLQVR,SIBDR,chemical,4,5
OLQVR,SIBDR,chemical,5,6
OLQVR,SIBDR,chemical,5,7
OLQVR,SIBDR,chemical,7,8
OLQVR,SMBVR,chemical,1,1
PLNL,AVBR,chemical,1,7
PLNL,BWM-VL03,chemical,1,7
PLNL,RID,chemical,1,7
PLNL,RMGL,chemical,1,8
PLNL,SAADL,chemical,2,7
PLNL,SAADL,chemical,9,8
PLNL,SAAVR,chemical,1,7
PLNL,SMBVL,chemical,6,7
PLNL,SMBVL,chemical,8,8
PLNL,SMDVR,chemical,2,7
PLNR,RMGR,chemical,2,8
PLNR,RMGR,chemical,3,7
PLNR,SAADR,chemical,6,7
PLNR,SAADR,chemical,9,8
PLNR,SAAVL,chemical,1,8
PLNR,SMBVR,chemical,5,7
PLNR,SMBVR,chemical,6,8
PLNR,SMDVL,chemical,1,7
PLNR,SMDVL,chemical,3,8
PVCL,ADAL,chemical,1,7
PVCL,ADAL,chemical,1,8
PVCL,ADEL,chemical,1,5
PVCL,AVAL,chemical,1,2
PVCL,AVAL,chemical,1,3
PVCL,AVAL,chemical,1,6
PVCL,AVAL,chemical,2,8
PVCL,AVAL,chemical,3,7
PVCL,AVAL,chemical,5,5
PVCL,AVAR,chemical,1,5
PVCL,AVAR,chemical,1,6
PVCL,AVAR,chemical,1,8
PVCL,AVBL,chemical,1,2
PVCL,AVBL,chemical,1,3
PVCL,AVBL,chemical,1,5
PVCL,AVBL,chemical,1,6
PVCL,AVBL,chemical,3,4
PVCL,AVBL,chemical,5,7
PVCL,AVBL,chemical,5,8
PVCL,AVBR,chemical,1,1
PVCL,AVBR,chemical,1,4
PVCL,AVBR,chemical,2,2
PVCL,AVBR,chemical,4,3
PVCL,AVBR,chemical,5,5
PVCL,AVBR,chemical,9,6
PVCL,AVBR,chemical,9,7
PVCL,AVBR,chemical,9,8
PVCL,AVDL,chemical,1,4
PVCL,AVDL,chemical,1,7
PVCL,AVDL,chemical,1,8
PVCL,AVDL,chemical,2,6
PVCL,AVDR,chemical,1,2
PVCL,AVDR,chemical,1,7
PVCL,AVDR,chemical,4,8
PVCL,AVDR,chemical,5,6
PVCL,AVEL,chemical,1,4
PVCL,AVEL,chemical,2,6
PVCL,AVEL,chemical,2,7
PVCL,AVEL,chemical,3,8
PVCL,AVER,chemical,1,1
PVCL,AVER,chemical,1,2
PVCL,AVER,chemical,1,4
PVCL,AVER,chemical,1,5
PVCL,AVER,chemical,1,6
PVCL,AVER,chemical,1,8
PVCL,AVER,chemical,2,3
PVCL,AVER,chemical,3,7
PVCL,AVHR,chemical,1,2
PVCL,AVHR,chemical,1,3
PVCL,AVHR,chemical,1,8
PVCL,AVJL,chemical,2,8
PVCL,AVJR,chemical,1,3
PVCL,AVJR,chemical,1,6
PVCL,AVJR,chemical,1,7
PVCL,AVJR,chemical,1,8
PVCL,DVA,chemical,1,5
PVCL,FLPL,chemical,1,6
PVCL,FLPR,chemical,1,4
PVCL,FLPR,chemical,1,8
PVCL,PVCR,chemical,1,4
PVCL,PVCR,chemical,1,8
PVCL,RID,chemical,1,2
PVCL,RID,chemical,1,5
PVCL,RID,chemical,3,3
PVCL,RID,chemical,6,8
PVCL,RID,chemical,8,6
PVCL,RID,chemical,10,7
PVCL,RIH,chemical,1,1
PVCL,RIS,chemical,1,1
PVCL,RIS,chemical,1,4
PVCL,RIS,chemical,1,8
PVCL,SAAVR,chemical,1,8
PVCL,SDQL,chemical,1,7
PVCL,SIAVL,chemical,1,2
PVCL,SIAVL,chemical,1,3
PVCL,SIAVL,chemical,1,6
PVCL,SIAVL,chemical,2,1
PVCL,SIAVR,chemical,1,1
PVCL,SIAVR,chemical,1,4
PVCL,SIBDL,chemical,1,4
PVCL,SIBDL,chemical,1,8
PVCL,SIBDL,chemical,2,7
PVCL,SIBDR,chemical,2,4
PVCL,SIBVL,chemical,1,1
PVCL,SIBVL,chemical,1,4
PVCL,SIBVL,chemical,1,7
PVCL,SIBVL,chemical,1,8
PVCL,SMBDR,chemical,1,1
PVCR,ADAR,chemical,1,5
PVCR,AQR,chemical,1,8
PVCR,AQR,chemical,2,5
PVCR,AVAL,chemical,1,5
PVCR,AVAL,chemical,1,6
PVCR,AVAL,chemical,1,8
PVCR,AVAL,chemical,2,4
PVCR,AVAR,chemical,1,6
PVCR,AVAR,chemical,2,5
PVCR,AVAR,chemical,4,7
PVCR,AVAR,chemical,4,8
PVCR,AVBL,chemical,1,1
PVCR,AVBL,chemical,1,2
PVCR,AVBL,chemical,1,5
PVCR,AVBL,chemical,2,3
PVCR,AVBL,chemical,10,6
PVCR,AVBL,chemical,11,8
PVCR,AVBL,chemical,12,7
PVCR,AVBR,chemical,1,1
PVCR,AVBR,chemical,1,3
PVCR,AVBR,chemical,1,6
PVCR,AVBR,chemical,3,4
PVCR,AVBR,chemical,8,7
PVCR,AVBR,chemical,8,8
PVCR,AVDL,chemical,1,4
PVCR,AVDL,chemical,2,3
PVCR,AVDL,chemical,2,5
PVCR,AVDL,chemical,5,6
PVCR,AVDL,chemical,6,8
PVCR,AVDL,chemical,9,7
PVCR,AVDR,chemical,1,1
PVCR,AVDR,chemical,1,6
PVCR,AVDR,chemical,1,8
PVCR,AVDR,chemical,2,4
PVCR,AVDR,chemical,2,7
PVCR,AVEL,chemical,1,2
PVCR,AVEL,chemical,1,3
PVCR,AVEL,chemical,1,4
PVCR,AVEL,chemical,2,6
PVCR,AVEL,chemical,3,7
PVCR,AVEL,chemical,3,8
PVCR,AVER,chemical,1,4
PVCR,AVER,chemical,1,6
PVCR,AVER,chemical,1,8
PVCR,AVER,chemical,2,5
PVCR,AVER,chemical,3,7
PVCR,AVHL,chemical,1,8
PVCR,AVJL,chemical,1,7
PVCR,AVJL,chemical,2,8
PVCR,AVKR,chemical,1,8
PVCR,BDUR,chemical,1,1
PVCR,FLPL,chemical,1,4
PVCR,PVCL,chemical,1,4
PVCR,PVCL,chemical,1,6
PVCR,RID,chemical,1,1
PVCR,RID,chemical,4,4
PVCR,RIS,chemical,1,6
PVCR,RIS,chemical,1,7
PVCR,SIAVL,chemical,1,4
PVCR,SIAVR,chemical,1,2
PVCR,SIAVR,chemical,1,7
PVCR,SIBDL,chemical,1,7
PVCR,SIBDR,chemical,2,6
PVCR,SIBDR,chemical,6,8
PVCR,SIBVL,chemical,1,6
PVCR,SIBVL,chemical,1,8
PVCR,SIBVL,chemical,2,7
PVCR,SIBVR,chemical,1,6
PVCR,SIBVR,chemical,4,8
PVNL,AIAL,chemical,1,7
PVNL,AIZR,chemical,1,7
PVNL,ASJL,chemical,2,7
PVNL,AVBL,chemical,2,7
PVNL,AVDR,chemical,2,7
PVNL,AVFL,chemical,1,7
PVNL,AVJL,chemical,2,8
PVNL,AVJR,chemical,2,8
PVNL,AVM,chemical,1,7
PVNL,BDUL,chemical,2,7
PVNL,BDUL,chemical,3,8
PVNL,BDUR,chemical,1,7
PVNL,BDUR,chemical,4,8
PVNL,CEPshVL,chemical,1,8
PVNL,CEPshVR,chemical,1,8
PVNL,HSNL,chemical,1,7
PVNL,HSNR,chemical,2,7
PVNL,PVNR,chemical,1,7
PVNL,PVNR,chemical,1,8
PVNL,RIFL,chemical,1,8
PVNL,SMBVL,chemical,1,7
PVNR,ALML,chemical,1,7
PVNR,ALMR,chemical,2,8
PVNR,AVBL,chemical,1,7
PVNR,AVER,chemical,1,8
PVNR,AVJL,chemical,1,7
PVNR,AVJL,chemical,2,8
PVNR,AVM,chemical,1,8
PVNR,BDUL,chemical,2,7
PVNR,BDUL,chemical,2,8
PVNR,BDUR,chemical,3,7
PVNR,BDUR,chemical,5,8
PVNR,CEPVR,chemical,1,8
PVNR,PVNL,chemical,1,7
PVNR,PVNL,chemical,3,8
PVNR,RIFR,chemical,1,8
PVNR,RIFR,chemical,2,7
PVNR,RMGL,chemical,1,8
PVNR,SDQL,chemical,1,7
PVPL,ADAL,chemical,1,6
PVPL,ADAL,chemical,1,7
PVPL,ADAL,chemical,1,8
PVPL,AIBR,chemical,1,4
PVPL,AIBR,chemical,1,7
PVPL,AIBR,chemical,2,2
PVPL,AQR,chemical,1,6
PVPL,AQR,chemical,3,5
PVPL,AQR,chemical,3,7
PVPL,AQR,chemical,3,8
PVPL,ASHL,chemical,1,8
PVPL,AVAL,chemical,1,1
PVPL,AVAL,chemical,1,3
PVPL,AVAL,chemical,1,4
PVPL,AVAL,chemical,2,6
PVPL,AVAL,chemical,2,7
PVPL,AVAL,chemical,3,5
PVPL,AVAL,chemical,3,8
PVPL,AVAR,chemical,1,2
PVPL,AVAR,chemical,1,7
PVPL,AVAR,chemical,2,5
PVPL,AVAR,chemical,2,6
PVPL,AVAR,chemical,2,8
PVPL,AVBL,chemical,1,2
PVPL,AVBL,chemical,3,5
PVPL,AVBL,chemical,5,6
PVPL,AVBL,chemical,8,7
PVPL,AVBL,chemical,9,8
PVPL,AVBR,chemical,2,1
PVPL,AVBR,chemical,2,5
PVPL,AVBR,chemical,2,6
PVPL,AVBR,chemical,4,7
PVPL,AVBR,chemical,4,8
PVPL,AVDR,chemical,1,8
PVPL,AVER,chemical,2,8
PVPL,AVFL,chemical,1,7
PVPL,AVFR,chemical,1,5
PVPL,AVFR,chemical,1,7
PVPL,AVHR,chemical,1,1
PVPL,AVHR,chemical,1,2
PVPL,AVHR,chemical,1,3
PVPL,AVHR,chemical,1,4
PVPL,AVHR,chemical,1,8
PVPL,AVHR,chemical,4,7
PVPL,DVA,chemical,1,4
PVPL,DVA,chemical,1,7
PVPL,DVC,chemical,1,6
PVPL,PVCL,chemical,1,3
PVPL,PVCL,chemical,3,5
PVPL,PVCL,chemical,5,8
PVPL,PVCL,chemical,6,7
PVPL,PVCL,chemical,7,6
PVPL,PVCR,chemical,1,1
PVPL,RID,chemical,1,1
PVPL,RID,chemical,1,2
PVPL,RID,chemical,1,6
PVPL,RIFL,chemical,1,8
PVPL,RIGL,chemical,1,2
PVPL,RIGL,chemical,1,4
PVPL,RIGL,chemical,1,5
PVPL,RIGL,chemical,1,8
PVPL,RIR,chemical,1,2
PVPL,RIR,chemical,1,8
PVPL,RMFL,chemical,1,8
PVPL,SAADL,chemical,1,5
PVPL,SIADL,chemical,1,7
PVPL,URXL,chemical,1,2
PVPL,URXL,chemical,1,5
PVPL,URYVL,chemical,1,2
PVPR,ADAR,chemical,1,1
PVPR,ADAR,chemical,1,8
PVPR,AIBL,chemical,1,4
PVPR,AIBL,chemical,1,8
PVPR,AIBL,chemical,2,7
PVPR,AQR,chemical,1,6
PVPR,AQR,chemical,1,8
PVPR,AQR,chemical,2,7
PVPR,AQR,chemical,4,5
PVPR,ASHR,chemical,1,5
PVPR,AVAL,chemical,1,1
PVPR,AVAR,chemical,1,3
PVPR,AVAR,chemical,2,2
PVPR,AVAR,chemical,2,6
PVPR,AVAR,chemical,2,8
PVPR,AVAR,chemical,4,7
PVPR,AVBL,chemical,1,3
PVPR,AVBL,chemical,1,4
PVPR,AVBL,chemical,2,2
PVPR,AVBL,chemical,2,5
PVPR,AVBL,chemical,3,6
PVPR,AVBL,chemical,5,7
PVPR,AVBL,chemical,5,8
PVPR,AVBR,chemical,1,1
PVPR,AVBR,chemical,1,2
PVPR,AVBR,chemical,1,3
PVPR,AVBR,chemical,1,4
PVPR,AVBR,chemical,4,5
PVPR,AVBR,chemical,5,6
PVPR,AVBR,chemical,5,7
PVPR,AVBR,chemical,7,8
PVPR,AVDL,chemical,1,2
PVPR,AVDR,chemical,1,2
PVPR,AVEL,chemical,1,4
PVPR,AVEL,chemical,1,7
PVPR,AVEL,chemical,1,8
PVPR,AVHL,chemical,1,8
PVPR,AVJL,chemical,1,1
PVPR,AVJL,chemical,1,8
PVPR,AVJL,chemical,2,5
PVPR,AVKL,chemical,1,7
PVPR,DVA,chemical,1,2
PVPR,DVA,chemical,1,5
PVPR,DVA,chemical,1,7
PVPR,PVCL,chemical,1,6
PVPR,PVCL,chemical,3,8
PVPR,PVCR,chemical,1,4
PVPR,PVCR,chemical,2,3
PVPR,PVCR,chemical,4,6
PVPR,PVCR,chemical,4,7
PVPR,PVCR,chemical,4,8
PVPR,PVCR,chemical,5,5
PVPR,RIAR,chemical,2,8
PVPR,RIFR,chemical,1,6
PVPR,RIFR,chemical,2,8
PVPR,RIGR,chemical,1,1
PVPR,RIGR,chemical,1,2
PVPR,RIGR,chemical,1,3
PVPR,RIGR,chemical,1,4
PVPR,RIGR,chemical,1,6
PVPR,RIGR,chemical,1,7
PVPR,RIR,chemical,1,1
PVPR,RIR,chemical,1,2
PVPR,RIR,chemical,1,7
PVPR,RIR,chemical,1,8
PVPR,RIS,chemical,1,5
PVPR,RMFR,chemical,1,7
PVPR,SMBDR,chemical,1,5
PVPR,URXR,chemical,1,1
PVPR,URXR,chemical,1,2
PVPR,URXR,chemical,1,3
PVPR,URXR,chemical,1,5
PVQL,ADLL,chemical,1,6
PVQL,ADLL,chemical,2,8
PVQL,AIAL,chemical,3,1
PVQL,AIAL,chemical,3,3
PVQL,AIAL,chemical,5,2
PVQL,AIAL,chemical,6,4
PVQL,AIAL,chemical,6,5
PVQL,AIAL,chemical,9,7
PVQL,AIAL,chemical,10,6
PVQL,AIAL,chemical,10,8
PVQL,AIAR,chemical,1,3
PVQL,AIBL,chemical,1,2
PVQL,AIML,chemical,1,3
PVQL,AIML,chemical,1,5
PVQL,AIML,chemical,1,6
PVQL,ALA,chemical,1,7
PVQL,ALA,chemical,1,8
PVQL,ASHL,chemical,1,2
PVQL,ASHL,chemical,3,6
PVQL,ASJL,chemical,1,2
PVQL,ASJL,chemical,1,3
PVQL,ASJL,chemical,1,4
PVQL,ASJL,chemical,1,7
PVQL,ASJL,chemical,2,1
PVQL,ASJL,chemical,2,5
PVQL,ASJL,chemical,2,8
PVQL,ASKL,chemical,2,1
PVQL,ASKL,chemical,2,3
PVQL,ASKL,chemical,4,7
PVQL,ASKL,chemical,5,2
PVQL,ASKL,chemical,5,5
PVQL,ASKL,chemical,6,6
PVQL,ASKL,chemical,7,4
PVQL,ASKL,chemical,8,8
PVQL,AVFL,chemical,1,5
PVQL,AVFL,chemical,1,6
PVQL,AVFR,chemical,2,6
PVQL,AVM,chemical,1,7
PVQL,AWAL,chemical,1,3
PVQL,AWAL,chemical,1,5
PVQL,AWAL,chemical,1,8
PVQL,CEPVL,chemical,1,3
PVQL,CEPshDL,chemical,1,6
PVQL,CEPshVL,chemical,1,3
PVQL,CEPshVL,chemical,1,7
PVQL,HSNR,chemical,1,8
PVQL,PVCL,chemical,1,7
PVQL,RIFL,chemical,1,6
PVQL,RMGL,chemical,1,6
PVQR,ADAR,chemical,1,6
PVQR,ADLR,chemical,1,6
PVQR,ADLR,chemical,1,8
PVQR,AIAL,chemical,1,2
PVQR,AIAL,chemical,1,4
PVQR,AIAR,chemical,2,3
PVQR,AIAR,chemical,3,4
PVQR,AIAR,chemical,4,1
PVQR,AIAR,chemical,5,2
PVQR,AIAR,chemical,7,5
PVQR,AIAR,chemical,8,8
PVQR,AIAR,chemical,9,7
PVQR,AIAR,chemical,10,6
PVQR,AIBR,chemical,1,2
PVQR,AIMR,chemical,1,2
PVQR,AIMR,chemical,1,3
PVQR,AIMR,chemical,1,5
PVQR,AIMR,chemical,1,6
PVQR,AIMR,chemical,1,7
PVQR,AIMR,chemical,1,8
PVQR,ALA,chemical,1,8
PVQR,ASER,chemical,1,7
PVQR,ASER,chemical,2,8
PVQR,ASGR,chemical,1,7
PVQR,ASHR,chemical,1,5
PVQR,ASHR,chemical,1,6
PVQR,ASJR,chemical,1,3
PVQR,ASJR,chemical,1,5
PVQR,ASJR,chemical,1,6
PVQR,ASJR,chemical,1,7
PVQR,ASJR,chemical,2,4
PVQR,ASKL,chemical,1,4
PVQR,ASKR,chemical,1,1
PVQR,ASKR,chemical,1,3
PVQR,ASKR,chemical,2,2
PVQR,ASKR,chemical,4,4
PVQR,ASKR,chemical,4,6
PVQR,ASKR,chemical,5,7
PVQR,ASKR,chemical,6,5
PVQR,ASKR,chemical,8,8
PVQR,AVFL,chemical,1,6
PVQR,AVFL,chemical,2,8
PVQR,AVFR,chemical,1,6
PVQR,AVFR,chemical,2,8
PVQR,AWAL,chemical,1,4
PVQR,AWAR,chemical,1,7
PVQR,CEPshVR,chemical,1,1
PVQR,CEPshVR,chemical,1,2
PVQR,CEPshVR,chemical,1,3
PVQR,CEPshVR,chemical,1,7
PVQR,CEPshVR,chemical,1,8
PVQR,CEPshVR,chemical,2,5
PVQR,HSNL,chemical,1,7
PVQR,HSNR,chemical,1,7
PVQR,HSNR,chemical,4,8
PVQR,PVNL,chemical,1,7
PVQR,RMGR,chemical,2,7
PVR,AVBL,chemical,1,3
PVR,AVBL,chemical,1,6
PVR,AVBL,chemical,2,1
PVR,AVBL,chemical,2,2
PVR,AVBL,chemical,4,5
PVR,AVBL,chemical,5,4
PVR,AVBL,chemical,10,8
PVR,AVBL,chemical,12,7
PVR,AVBR,chemical,1,1
PVR,AVBR,chemical,1,2
PVR,AVBR,chemical,3,3
PVR,AVBR,chemical,3,4
PVR,AVBR,chemical,8,7
PVR,AVBR,chemical,9,5
PVR,AVBR,chemical,9,8
PVR,AVDL,chemical,1,2
PVR,AVJL,chemical,1,3
PVR,AVJL,chemical,1,8
PVR,AVJL,chemical,2,1
PVR,AVJL,chemical,2,6
PVR,AVJL,chemical,3,4
PVR,AVJL,chemical,3,7
PVR,AVJL,chemical,5,5
PVR,AVJR,chemical,1,2
PVR,AVJR,chemical,2,3
PVR,AVJR,chemical,4,4
PVR,AVJR,chemical,4,7
PVR,AVJR,chemical,11,8
PVR,BDUR,chemical,1,6
PVR,CEPDL,chemical,1,6
PVR,CEPVL,chemical,1,2
PVR,CEPVL,chemical,1,5
PVR,CEPVR,chemical,1,1
PVR,CEPVR,chemical,1,4
PVR,IL1DL,chemical,1,3
PVR,IL1DL,chemical,1,4
PVR,IL1DL,chemical,1,5
PVR,IL1DL,chemical,1,6
PVR,IL1DL,chemical,1,7
PVR,IL1DR,chemical,1,4
PVR,IL1DR,chemical,1,8
PVR,IL1DR,chemical,2,5
PVR,IL1DR,chemical,2,7
PVR,IL1VL,chemical,1,2
PVR,IL1VL,chemical,1,4
PVR,IL1VL,chemical,2,5
PVR,IL1VL,chemical,4,7
PVR,IL1VL,chemical,4,8
PVR,IL1VR,chemical,1,1
PVR,IL1VR,chemical,2,4
PVR,IL1VR,chemical,2,5
PVR,IL1VR,chemical,2,7
PVR,IL1VR,chemical,3,8
PVR,RIPL,chemical,1,1
PVR,RIPL,chemical,1,3
PVR,RIPL,chemical,1,4
PVR,RIPL,chemical,7,5
PVR,RIPL,chemical,8,8
PVR,RIPL,chemical,11,7
PVR,RIPR,chemical,1,1
PVR,RIPR,chemical,1,2
PVR,RIPR,chemical,1,3
PVR,RIPR,chemical,1,6
PVR,RIPR,chemical,4,4
PVR,RIPR,chemical,7,5
PVR,RIPR,chemical,7,8
PVR,RIPR,chemical,8,7
PVR,RIVR,chemical,1,5
PVR,SIBVL,chemical,1,5
PVR,URADL,chemical,1,5
PVR,URADR,chemical,1,3
PVR,URYVL,chemical,1,2
PVR,URYVR,chemical,1,1
PVR,URYVR,chemical,1,4
PVR,URYVR,chemical,1,5
PVT,AIBL,chemical,1,1
PVT,AIBL,chemical,1,4
PVT,AIBL,chemical,2,3
PVT,AIBL,chemical,2,5
PVT,AIBL,chemical,2,6
PVT,AIBL,chemical,3,8
PVT,AIBL,chemical,5,7
PVT,AIBR,chemical,1,3
PVT,AIBR,chemical,1,4
PVT,AIBR,chemical,3,5
PVT,AIBR,chemical,4,6
PVT,AIBR,chemical,4,7
PVT,AIBR,chemical,5,8
PVT,AVEL,chemical,1,2
PVT,AVEL,chemical,1,7
PVT,AVKL,chemical,1,1
PVT,AVKL,chemical,2,2
PVT,AVKL,chemical,2,3
PVT,AVKL,chemical,5,6
PVT,AVKL,chemical,6,7
PVT,AVKL,chemical,7,4
PVT,AVKL,chemical,9,5
PVT,AVKL,chemical,11,8
PVT,AVKR,chemical,2,1
PVT,AVKR,chemical,3,2
PVT,AVKR,chemical,3,3
PVT,AVKR,chemical,3,6
PVT,AVKR,chemical,6,4
PVT,AVKR,chemical,8,5
PVT,AVKR,chemical,15,7
PVT,AVKR,chemical,15,8
PVT,AVL,chemical,1,6
PVT,AVL,chemical,2,4
PVT,AVL,chemical,2,5
PVT,AVL,chemical,6,7
PVT,AVL,chemical,7,8
PVT,CEPshDL,chemical,1,2
PVT,CEPshDL,chemical,2,8
PVT,CEPshVL,chemical,1,3
PVT,CEPshVL,chemical,1,8
PVT,CEPshVL,chemical,2,2
PVT,CEPshVL,chemical,2,6
PVT,CEPshVR,chemical,1,3
PVT,CEPshVR,chemical,1,8
PVT,DVC,chemical,1,2
PVT,DVC,chemical,2,4
PVT,DVC,chemical,2,7
PVT,DVC,chemical,4,5
PVT,DVC,chemical,4,6
PVT,DVC,chemical,13,8
PVT,IL1VL,chemical,1,5
PVT,IL2VL,chemical,1,5
PVT,IL2VL,chemical,1,7
PVT,IL2VL,chemical,1,8
PVT,IL2VR,chemical,1,5
PVT,IL2VR,chemical,1,8
PVT,OLLL,chemical,1,3
PVT,OLQVL,chemical,1,2
PVT,OLQVL,chemical,1,4
PVT,OLQVL,chemical,1,6
PVT,RID,chemical,1,6
PVT,RIGL,chemical,1,1
PVT,RIGL,chemical,1,3
PVT,RIGL,chemical,2,2
PVT,RIGL,chemical,2,4
PVT,RIGL,chemical,2,5
PVT,RIGL,chemical,2,6
PVT,RIGL,chemical,3,8
PVT,RIGL,chemical,5,7
PVT,RIGR,chemical,2,1
PVT,RIGR,chemical,2,2
PVT,RIGR,chemical,2,5
PVT,RIGR,chemical,2,6
PVT,RIGR,chemical,3,4
PVT,RIGR,chemical,3,7
PVT,RIGR,chemical,4,8
PVT,RIH,chemical,1,3
PVT,RIH,chemical,1,5
PVT,RIH,chemical,3,7
PVT,RIML,chemical,1,3
PVT,RIR,chemical,1,3
PVT,RIR,chemical,1,4
PVT,RIR,chemical,1,6
PVT,RMEV,chemical,1,2
PVT,RMEV,chemical,1,4
PVT,RMEV,chemical,1,6
PVT,RMEV,chemical,1,7
PVT,RMFL,chemical,5,6
PVT,RMFL,chemical,6,8
PVT,RMFL,chemical,9,7
PVT,RMFR,chemical,2,6
PVT,RMFR,chemical,2,8
PVT,RMFR,chemical,4,7
PVT,SAADL,chemical,1,2
PVT,SAADL,chemical,1,4
PVT,SMBDL,chemical,1,3
PVT,SMBDL,chemical,1,7
PVT,SMBDR,chemical,1,5
PVT,SMBVR,chemical,1,3
PVT,URAVL,chemical,1,5
PVT,URAVL,chemical,1,6
PVT,URAVL,chemical,1,7
PVT,URAVL,chemical,1,8
PVT,URAVR,chemical,1,5
PVT,URAVR,chemical,1,8
PVT,URBL,chemical,1,3
PVT,URYVL,chemical,1,5
PVT,URYVL,chemical,1,8
RIAL,CEPDL,chemical,1,2
RIAL,CEPDL,chemical,1,6
RIAL,CEPDL,chemical,1,7
RIAL,CEPDL,chemical,1,8
RIAL,CEPDL,chemical,3,5
RIAL,CEPDR,chemical,1,4
RIAL,CEPVL,chemical,1,1
RIAL,CEPVL,chemical,1,6
RIAL,CEPVL,chemical,3,8
RIAL,CEPVL,chemical,5,5
RIAL,CEPVR,chemical,1,4
RIAL,IL1L,chemical,1,3
RIAL,IL1L,chemical,1,8
RIAL,IL1L,chemical,2,7
RIAL,OLQDL,chemical,1,6
RIAL,RIAR,chemical,3,1
RIAL,RIAR,chemical,5,2
RIAL,RIAR,chemical,9,3
RIAL,RIAR,chemical,17,4
RIAL,RIAR,chemical,19,6
RIAL,RIAR,chemical,22,7
RIAL,RIAR,chemical,23,5
RIAL,RIAR,chemical,48,8
RIAL,RIVL,chemical,1,3
RIAL,RIVL,chemical,2,6
RIAL,RIVL,chemical,3,5
RIAL,RIVL,chemical,3,7
RIAL,RIVL,chemical,3,8
RIAL,RIVR,chemical,1,2
RIAL,RIVR,chemical,1,4
RIAL,RIVR,chemical,2,7
RIAL,RIVR,chemical,2,8
RIAL,RIVR,chemical,3,5
RIAL,RIVR,chemical,4,6
RIAL,RMDDL,chemical,6,1
RIAL,RMDDL,chemical,9,2
RIAL,RMDDL,chemical,9,3
RIAL,RMDDL,chemical,11,4
RIAL,RMDDL,chemical,15,5
RIAL,RMDDL,chemical,16,6
RIAL,RMDDL,chemical,19,8
RIAL,RMDDL,chemical,22,7
RIAL,RMDDR,chemical,4,2
RIAL,RMDDR,chemical,5,1
RIAL,RMDDR,chemical,7,5
RIAL,RMDDR,chemical,9,3
RIAL,RMDDR,chemical,11,4
RIAL,RMDDR,chemical,14,6
RIAL,RMDDR,chemical,17,7
RIAL,RMDDR,chemical,18,8
RIAL,RMDL,chemical,3,1
RIAL,RMDL,chemical,4,2
RIAL,RMDL,chemical,5,3
RIAL,RMDL,chemical,9,6
RIAL,RMDL,chemical,10,4
RIAL,RMDL,chemical,14,5
RIAL,RMDL,chemical,14,7
RIAL,RMDL,chemical,26,8
RIAL,RMDR,chemical,2,1
RIAL,RMDR,chemical,3,2
RIAL,RMDR,chemical,5,3
RIAL,RMDR,chemical,6,4
RIAL,RMDR,chemical,12,5
RIAL,RMDR,chemical,13,6
RIAL,RMDR,chemical,14,7
RIAL,RMDR,chemical,28,8
RIAL,RMDVL,chemical,5,1
RIAL,RMDVL,chemical,8,2
RIAL,RMDVL,chemical,8,3
RIAL,RMDVL,chemical,12,4
RIAL,RMDVL,chemical,17,5
RIAL,RMDVL,chemical,20,6
RIAL,RMDVL,chemical,23,7
RIAL,RMDVL,chemical,24,8
RIAL,RMDVR,chemical,6,1
RIAL,RMDVR,chemical,8,3
RIAL,RMDVR,chemical,9,2
RIAL,RMDVR,chemical,10,4
RIAL,RMDVR,chemical,11,5
RIAL,RMDVR,chemical,14,6
RIAL,RMDVR,chemical,15,7
RIAL,RMDVR,chemical,16,8
RIAL,RMHL,chemical,1,5
RIAL,RMHL,chemical,1,6
RIAL,SDQR,chemical,1,7
RIAL,SIADL,chemical,1,3
RIAL,SIADL,chemical,2,2
RIAL,SIADL,chemical,2,6
RIAL,SIADL,chemical,5,5
RIAL,SIADL,chemical,7,4
RIAL,SIADL,chemical,9,7
RIAL,SIADL,chemical,12,8
RIAL,SIADR,chemical,2,5
RIAL,SIADR,chemical,2,8
RIAL,SIAVL,chemical,1,2
RIAL,SIAVR,chemical,1,1
RIAL,SIAVR,chemical,2,3
RIAL,SIAVR,chemical,2,4
RIAL,SIAVR,chemical,3,2
RIAL,SIAVR,chemical,4,6
RIAL,SIAVR,chemical,6,5
RIAL,SIAVR,chemical,7,7
RIAL,SIAVR,chemical,9,8
RIAL,SMBDL,chemical,1,7
RIAL,SMBDL,chemical,1,8
RIAL,SMBDR,chemical,1,7
RIAL,SMBVL,chemical,1,8
RIAL,SMBVR,chemical,1,7
RIAL,SMDDL,chemical,3,1
RIAL,SMDDL,chemical,3,2
RIAL,SMDDL,chemical,5,3
RIAL,SMDDL,chemical,7,4
RIAL,SMDDL,chemical,9,5
RIAL,SMDDL,chemical,11,8
RIAL,SMDDL,chemical,15,6
RIAL,SMDDL,chemical,20,7
RIAL,SMDDR,chemical,2,1
RIAL,SMDDR,chemical,5,2
RIAL,SMDDR,chemical,6,3
RIAL,SMDDR,chemical,6,4
RIAL,SMDDR,chemical,10,6
RIAL,SMDDR,chemical,13,5
RIAL,SMDDR,chemical,14,7
RIAL,SMDDR,chemical,18,8
RIAL,SMDVL,chemical,2,1
RIAL,SMDVL,chemical,2,3
RIAL,SMDVL,chemical,4,2
RIAL,SMDVL,chemical,8,5
RIAL,SMDVL,chemical,8,6
RIAL,SMDVL,chemical,9,4
RIAL,SMDVL,chemical,17,8
RIAL,SMDVL,chemical,19,7
RIAL,SMDVR,chemical,3,1
RIAL,SMDVR,chemical,5,2
RIAL,SMDVR,chemical,5,3
RIAL,SMDVR,chemical,10,4
RIAL,SMDVR,chemical,13,6
RIAL,SMDVR,chemical,14,5
RIAL,SMDVR,chemical,17,8
RIAL,SMDVR,chemical,19,7
RIAR,CEPDL,chemical,1,8
RIAR,CEPDR,chemical,1,2
RIAR,CEPDR,chemical,1,3
RIAR,CEPDR,chemical,1,7
RIAR,CEPDR,chemical,2,6
RIAR,CEPDR,chemical,3,5
RIAR,CEPVL,chemical,1,1
RIAR,CEPVL,chemical,1,2
RIAR,CEPVL,chemical,1,5
RIAR,CEPVL,chemical,1,7
RIAR,CEPVL,chemical,1,8
RIAR,CEPVR,chemical,1,3
RIAR,CEPVR,chemical,1,7
RIAR,CEPVR,chemical,1,8
RIAR,CEPVR,chemical,2,4
RIAR,CEPVR,chemical,2,6
RIAR,GLRVL,chemical,1,1
RIAR,GLRVL,chemical,1,2
RIAR,GLRVL,chemical,1,5
RIAR,IL1R,chemical,1,4
RIAR,IL1R,chemical,1,7
RIAR,IL1R,chemical,2,8
RIAR,RIAL,chemical,3,1
RIAR,RIAL,chemical,7,2
RIAR,RIAL,chemical,10,3
RIAR,RIAL,chemical,15,4
RIAR,RIAL,chemical,20,5
RIAR,RIAL,chemical,21,6
RIAR,RIAL,chemical,22,7
RIAR,RIAL,chemical,51,8
RIAR,RICR,chemical,1,1
RIAR,RIVL,chemical,1,4
RIAR,RIVL,chemical,2,8
RIAR,RIVR,chemical,1,3
RIAR,RIVR,chemical,2,5
RIAR,RIVR,chemical,3,6
RIAR,RIVR,chemical,4,7
RIAR,RIVR,chemical,6,8
RIAR,RMDDL,chemical,4,1
RIAR,RMDDL,chemical,5,2
RIAR,RMDDL,chemical,6,3
RIAR,RMDDL,chemical,10,5
RIAR,RMDDL,chemical,11,4
RIAR,RMDDL,chemical,13,6
RIAR,RMDDL,chemical,20,8
RIAR,RMDDL,chemical,21,7
RIAR,RMDDR,chemical,7,2
RIAR,RMDDR,chemical,9,1
RIAR,RMDDR,chemical,10,4
RIAR,RMDDR,chemical,11,5
RIAR,RMDDR,chemical,12,3
RIAR,RMDDR,chemical,13,6
RIAR,RMDDR,chemical,21,7
RIAR,RMDDR,chemical,29,8
RIAR,RMDL,chemical,3,1
RIAR,RMDL,chemical,7,2
RIAR,RMDL,chemical,7,4
RIAR,RMDL,chemical,10,3
RIAR,RMDL,chemical,12,5
RIAR,RMDL,chemical,14,6
RIAR,RMDL,chemical,17,7
RIAR,RMDL,chemical,22,8
RIAR,RMDR,chemical,1,1
RIAR,RMDR,chemical,4,2
RIAR,RMDR,chemical,7,3
RIAR,RMDR,chemical,9,4
RIAR,RMDR,chemical,9,5
RIAR,RMDR,chemical,12,6
RIAR,RMDR,chemical,20,7
RIAR,RMDR,chemical,26,8
RIAR,RMDVL,chemical,5,1
RIAR,RMDVL,chemical,7,2
RIAR,RMDVL,chemical,7,4
RIAR,RMDVL,chemical,7,5
RIAR,RMDVL,chemical,9,3
RIAR,RMDVL,chemical,12,6
RIAR,RMDVL,chemical,18,7
RIAR,RMDVL,chemical,22,8
RIAR,RMDVR,chemical,5,3
RIAR,RMDVR,chemical,6,1
RIAR,RMDVR,chemical,9,2
RIAR,RMDVR,chemical,13,4
RIAR,RMDVR,chemical,16,5
RIAR,RMDVR,chemical,19,6
RIAR,RMDVR,chemical,27,8
RIAR,RMDVR,chemical,30,7
RIAR,RMFR,chemical,1,8
RIAR,SIADL,chemical,1,2
RIAR,SIADL,chemical,2,4
RIAR,SIADL,chemical,2,7
RIAR,SIADL,chemical,2,8
RIAR,SIADR,chemical,1,1
RIAR,SIADR,chemical,1,4
RIAR,SIADR,chemical,2,2
RIAR,SIADR,chemical,4,3
RIAR,SIADR,chemical,5,6
RIAR,SIADR,chemical,6,5
RIAR,SIADR,chemical,12,7
RIAR,SIADR,chemical,12,8
RIAR,SIAVL,chemical,2,1
RIAR,SIAVL,chemical,4,2
RIAR,SIAVL,chemical,4,4
RIAR,SIAVL,chemical,7,5
RIAR,SIAVL,chemical,7,6
RIAR,SIAVL,chemical,10,8
RIAR,SIAVL,chemical,12,7
RIAR,SIBDL,chemical,1,7
RIAR,SMBDL,chemical,1,7
RIAR,SMBDR,chemical,1,2
RIAR,SMBVL,chemical,1,7
RIAR,SMDDL,chemical,2,1
RIAR,SMDDL,chemical,3,2
RIAR,SMDDL,chemical,5,3
RIAR,SMDDL,chemical,8,4
RIAR,SMDDL,chemical,10,5
RIAR,SMDDL,chemical,11,7
RIAR,SMDDL,chemical,14,6
RIAR,SMDDL,chemical,20,8
RIAR,SMDDR,chemical,3,2
RIAR,SMDDR,chemical,4,1
RIAR,SMDDR,chemical,5,3
RIAR,SMDDR,chemical,5,5
RIAR,SMDDR,chemical,11,4
RIAR,SMDDR,chemical,13,6
RIAR,SMDDR,chemical,13,7
RIAR,SMDDR,chemical,25,8
RIAR,SMDVL,chemical,4,1
RIAR,SMDVL,chemical,4,2
RIAR,SMDVL,chemical,9,3
RIAR,SMDVL,chemical,12,5
RIAR,SMDVL,chemical,13,4
RIAR,SMDVL,chemical,18,6
RIAR,SMDVL,chemical,21,7
RIAR,SMDVL,chemical,22,8
RIAR,SMDVR,chemical,1,1
RIAR,SMDVR,chemical,2,3
RIAR,SMDVR,chemical,4,2
RIAR,SMDVR,chemical,6,4
RIAR,SMDVR,chemical,12,5
RIAR,SMDVR,chemical,12,7
RIAR,SMDVR,chemical,13,6
RIAR,SMDVR,chemical,15,8
RIBL,AIBL,chemical,1,7
RIBL,AIBR,chemical,1,1
RIBL,AIBR,chemical,1,2
RIBL,AIBR,chemical,1,4
RIBL,AIBR,chemical,1,6
RIBL,AIBR,chemical,3,5
RIBL,AIBR,chemical,6,7
RIBL,AIBR,chemical,8,8
RIBL,AIZL,chemical,1,5
RIBL,AIZL,chemical,1,8
RIBL,AUAL,chemical,1,2
RIBL,AUAL,chemical,1,3
RIBL,AUAL,chemical,1,5
RIBL,AUAL,chemical,2,7
RIBL,AUAL,chemical,2,8
RIBL,AUAR,chemical,1,7
RIBL,AVAL,chemical,1,1
RIBL,AVAL,chemical,1,3
RIBL,AVAL,chemical,1,4
RIBL,AVAL,chemical,1,5
RIBL,AVAL,chemical,1,6
RIBL,AVAL,chemical,2,8
RIBL,AVAL,chemical,3,2
RIBL,AVAL,chemical,4,7
RIBL,AVAR,chemical,2,8
RIBL,AVDR,chemical,1,1
RIBL,AVDR,chemical,1,2
RIBL,AVDR,chemical,1,3
RIBL,AVDR,chemical,1,4
RIBL,AVDR,chemical,1,7
RIBL,AVEL,chemical,1,1
RIBL,AVEL,chemical,2,2
RIBL,AVEL,chemical,2,3
RIBL,AVEL,chemical,2,4
RIBL,AVEL,chemical,2,5
RIBL,AVEL,chemical,3,7
RIBL,AVEL,chemical,4,6
RIBL,AVEL,chemical,6,8
RIBL,AVER,chemical,1,1
RIBL,AVER,chemical,2,6
RIBL,AVER,chemical,3,2
RIBL,AVER,chemical,4,4
RIBL,AVER,chemical,5,5
RIBL,AVER,chemical,9,7
RIBL,AVER,chemical,10,8
RIBL,BAGL,chemical,1,6
RIBL,BAGR,chemical,2,2
RIBL,BAGR,chemical,2,3
RIBL,BAGR,chemical,2,4
RIBL,BAGR,chemical,3,5
RIBL,BAGR,chemical,6,6
RIBL,BAGR,chemical,7,8
RIBL,BAGR,chemical,8,7
RIBL,CEPDL,chemical,1,3
RIBL,CEPDL,chemical,1,8
RIBL,CEPVL,chemical,1,8
RIBL,DVA,chemical,1,5
RIBL,DVA,chemical,1,6
RIBL,DVA,chemical,1,7
RIBL,DVA,chemical,1,8
RIBL,OLLL,chemical,1,4
RIBL,OLLL,chemical,1,7
RIBL,OLLL,chemical,1,8
RIBL,RIAL,chemical,1,1
RIBL,RIAL,chemical,1,2
RIBL,RIAL,chemical,1,6
RIBL,RIAL,chemical,1,7
RIBL,RIAL,chemical,2,3
RIBL,RIAL,chemical,2,4
RIBL,RIAL,chemical,2,5
RIBL,RIAL,chemical,4,8
RIBL,RIGL,chemical,1,6
RIBL,RIGL,chemical,1,8
RIBL,RIH,chemical,1,7
RIBL,RIML,chemical,1,2
RIBL,RIML,chemical,2,7
RIBL,RIS,chemical,1,1
RIBL,RIS,chemical,1,2
RIBL,RIS,chemical,1,3
RIBL,RIS,chemical,1,4
RIBL,RIS,chemical,1,5
RIBL,RIS,chemical,2,7
RIBL,RIS,chemical,3,8
RIBL,RMDR,chemical,1,5
RIBL,RMDR,chemical,1,8
RIBL,SMDDL,chemical,1,5
RIBL,SMDDR,chemical,1,4
RIBL,SMDDR,chemical,1,5
RIBL,SMDDR,chemical,1,7
RIBL,SMDDR,chemical,1,8
RIBL,SMDVR,chemical,1,2
RIBL,SMDVR,chemical,1,4
RIBL,SMDVR,chemical,2,5
RIBL,SMDVR,chemical,2,6
RIBL,SMDVR,chemical,2,7
RIBL,SMDVR,chemical,2,8
RIBL,URYDL,chemical,1,7
RIBL,URYDL,chemical,1,8
RIBL,URYVL,chemical,1,7
RIBL,URYVL,chemical,1,8
RIBR,AIBL,chemical,1,4
RIBR,AIBL,chemical,2,8
RIBR,AIBL,chemical,3,3
RIBR,AIBL,chemical,3,5
RIBR,AIBL,chemical,3,6
RIBR,AIBL,chemical,4,7
RIBR,AIZR,chemical,1,4
RIBR,AIZR,chemical,1,5
RIBR,AUAR,chemical,1,5
RIBR,AUAR,chemical,1,6
RIBR,AUAR,chemical,1,8
RIBR,AVAR,chemical,1,3
RIBR,AVAR,chemical,1,4
RIBR,AVAR,chemical,1,6
RIBR,AVAR,chemical,1,7
RIBR,AVAR,chemical,2,1
RIBR,AVAR,chemical,2,2
RIBR,AVAR,chemical,2,8
RIBR,AVBL,chemical,1,2
RIBR,AVDL,chemical,1,2
RIBR,AVDL,chemical,1,3
RIBR,AVDL,chemical,1,5
RIBR,AVDL,chemical,1,6
RIBR,AVDL,chemical,2,7
RIBR,AVDR,chemical,1,4
RIBR,AVEL,chemical,2,2
RIBR,AVEL,chemical,2,3
RIBR,AVEL,chemical,2,6
RIBR,AVEL,chemical,4,4
RIBR,AVEL,chemical,6,5
RIBR,AVEL,chemical,10,7
RIBR,AVEL,chemical,10,8
RIBR,AVER,chemical,2,2
RIBR,AVER,chemical,2,4
RIBR,AVER,chemical,3,3
RIBR,AVER,chemical,3,7
RIBR,AVER,chemical,3,8
RIBR,AVER,chemical,4,5
RIBR,AVER,chemical,4,6
RIBR,AWBR,chemical,1,8
RIBR,BAGL,chemical,1,2
RIBR,BAGL,chemical,2,1
RIBR,BAGL,chemical,3,3
RIBR,BAGL,chemical,3,4
RIBR,BAGL,chemical,3,5
RIBR,BAGL,chemical,4,6
RIBR,BAGL,chemical,6,7
RIBR,BAGL,chemical,9,8
RIBR,BAGR,chemical,1,1
RIBR,CEPshVR,chemical,1,1
RIBR,DVA,chemical,1,2
RIBR,DVA,chemical,1,6
RIBR,OLLR,chemical,1,3
RIBR,OLLR,chemical,1,7
RIBR,OLQVR,chemical,1,4
RIBR,RIAR,chemical,2,1
RIBR,RIAR,chemical,2,3
RIBR,RIAR,chemical,3,4
RIBR,RIAR,chemical,3,5
RIBR,RIAR,chemical,3,6
RIBR,RIAR,chemical,3,7
RIBR,RIAR,chemical,4,8
RIBR,RID,chemical,1,4
RIBR,RIGR,chemical,1,3
RIBR,RIGR,chemical,1,7
RIBR,RIGR,chemical,2,8
RIBR,RIH,chemical,1,8
RIBR,RIMR,chemical,1,6
RIBR,RIMR,chemical,1,7
RIBR,RIS,chemical,1,2
RIBR,RIS,chemical,1,3
RIBR,RIS,chemical,1,6
RIBR,RIS,chemical,1,7
RIBR,RIS,chemical,2,4
RIBR,RIS,chemical,2,8
RIBR,RMDL,chemical,1,5
RIBR,RMDL,chemical,2,8
RIBR,RMFL,chemical,1,8
RIBR,RMFR,chemical,1,8
RIBR,SMDDL,chemical,1,4
RIBR,SMDDL,chemical,1,5
RIBR,SMDDL,chemical,1,7
RIBR,SMDDL,chemical,1,8
RIBR,SMDDR,chemical,1,8
RIBR,SMDVL,chemical,1,2
RIBR,SMDVL,chemical,1,3
RIBR,SMDVL,chemical,1,6
RIBR,SMDVL,chemical,2,5
RIBR,SMDVL,chemical,2,7
RIBR,SMDVL,chemical,2,8
RIBR,SMDVL,chemical,3,4
RIBR,URYDR,chemical,1,5
RIBR,URYDR,chemical,1,7
RIBR,URYDR,chemical,1,8
RIBR,URYVR,chemical,1,5
RIBR,URYVR,chemical,1,7
RIBR,URYVR,chemical,2,4
RIBR,URYVR,chemical,2,8
RICL,ADAL,chemical,1,4
RICL,ADAL,chemical,1,6
RICL,ADAL,chemical,1,7
RICL,ADAL,chemical,1,8
RICL,ADAR,chemical,1,1
RICL,ADAR,chemical,1,2
RICL,ADAR,chemical,1,4
RICL,ADAR,chemical,1,6
RICL,ADAR,chemical,1,7
RICL,ADAR,chemical,1,8
RICL,AIBR,chemical,1,3
RICL,AIBR,chemical,1,5
RICL,AIBR,chemical,4,8
RICL,AVAL,chemical,1,3
RICL,AVAL,chemical,2,1
RICL,AVAL,chemical,2,2
RICL,AVAL,chemical,5,4
RICL,AVAL,chemical,7,5
RICL,AVAL,chemical,8,6
RICL,AVAL,chemical,9,7
RICL,AVAL,chemical,13,8
RICL,AVAR,chemical,1,1
RICL,AVAR,chemical,2,4
RICL,AVAR,chemical,3,2
RICL,AVAR,chemical,3,5
RICL,AVAR,chemical,4,3
RICL,AVAR,chemical,6,6
RICL,AVAR,chemical,7,7
RICL,AVAR,chemical,8,8
RICL,AVBR,chemical,1,7
RICL,AVDL,chemical,1,7
RICL,BWM-VL04,chemical,1,5
RICL,CEPDL,chemical,1,3
RICL,CEPDL,chemical,1,8
RICL,CEPDL,chemical,2,7
RICL,CEPDR,chemical,1,7
RICL,CEPVL,chemical,1,5
RICL,CEPVL,chemical,1,7
RICL,CEPVL,chemical,1,8
RICL,CEPVR,chemical,1,3
RICL,CEPVR,chemical,1,6
RICL,PVCR,chemical,1,7
RICL,RICR,chemical,1,3
RICL,RICR,chemical,2,8
RICL,RIML,chemical,1,5
RICL,RIML,chemical,1,6
RICL,RIML,chemical,4,7
RICL,RIML,chemical,4,8
RICL,RIMR,chemical,1,5
RICL,RIMR,chemical,1,7
RICL,RIMR,chemical,1,8
RICL,RIVL,chemical,1,8
RICL,RIVR,chemical,1,6
RICL,RIVR,chemical,1,8
RICL,RMDL,chemical,1,5
RICL,RMDR,chemical,1,5
RICL,RMHL,chemical,1,4
RICL,RMHL,chemical,1,5
RICL,RMHR,chemical,1,4
RICL,RMHR,chemical,1,7
RICL,RMHR,chemical,1,8
RICL,SAADL,chemical,1,6
RICL,SAADL,chemical,1,8
RICL,SIBDL,chemical,1,6
RICL,SIBVR,chemical,1,5
RICL,SMBDL,chemical,2,4
RICL,SMBDL,chemical,2,6
RICL,SMBDR,chemical,3,5
RICL,SMBDR,chemical,3,8
RICL,SMDDL,chemical,1,1
RICL,SMDDL,chemical,1,3
RICL,SMDDL,chemical,2,2
RICL,SMDDL,chemical,3,6
RICL,SMDDL,chemical,4,8
RICL,SMDDL,chemical,6,7
RICL,SMDDR,chemical,1,1
RICL,SMDDR,chemical,1,3
RICL,SMDDR,chemical,1,4
RICL,SMDDR,chemical,2,2
RICL,SMDDR,chemical,3,5
RICL,SMDDR,chemical,3,6
RICL,SMDDR,chemical,3,7
RICL,SMDDR,chemical,8,8
RICL,SMDVL,chemical,1,2
RICL,SMDVL,chemical,1,4
RICL,SMDVL,chemical,2,6
RICL,SMDVR,chemical,1,2
RICL,SMDVR,chemical,1,4
RICL,SMDVR,chemical,1,7
RICL,SMDVR,chemical,2,8
RICL,SMDVR,chemical,4,6
RICL,URBL,chemical,1,8
RICL,URBR,chemical,1,6
RICL,URXL,chemical,1,7
RICL,URXR,chemical,1,8
RICL,URYVL,chemical,1,3
RICR,ADAL,chemical,1,1
RICR,ADAL,chemical,1,3
RICR,ADAL,chemical,1,4
RICR,ADAL,chemical,1,5
RICR,ADAL,chemical,1,7
RICR,ADAL,chemical,1,8
RICR,ADAR,chemical,1,2
RICR,ADAR,chemical,1,3
RICR,ADAR,chemical,1,4
RICR,ADAR,chemical,1,5
RICR,ADAR,chemical,2,6
RICR,ADAR,chemical,2,8
RICR,AIBL,chemical,3,6
RICR,AIBL,chemical,4,7
RICR,AIBR,chemical,3,7
RICR,AVAL,chemical,1,3
RICR,AVAL,chemical,2,1
RICR,AVAL,chemical,2,5
RICR,AVAL,chemical,3,2
RICR,AVAL,chemical,3,8
RICR,AVAL,chemical,4,4
RICR,AVAL,chemical,7,6
RICR,AVAL,chemical,12,7
RICR,AVAR,chemical,2,1
RICR,AVAR,chemical,2,3
RICR,AVAR,chemical,3,2
RICR,AVAR,chemical,4,4
RICR,AVAR,chemical,5,6
RICR,AVAR,chemical,8,5
RICR,AVAR,chemical,8,7
RICR,AVAR,chemical,9,8
RICR,AVBL,chemical,1,7
RICR,BWM-VR04,chemical,1,1
RICR,CEPDL,chemical,1,7
RICR,CEPVL,chemical,1,6
RICR,CEPVL,chemical,1,8
RICR,CEPVL,chemical,2,7
RICR,CEPVR,chemical,1,1
RICR,CEPVR,chemical,1,8
RICR,CEPVR,chemical,2,7
RICR,RICL,chemical,1,7
RICR,RICL,chemical,2,2
RICR,RICL,chemical,3,8
RICR,RIML,chemical,2,5
RICR,RIML,chemical,2,7
RICR,RIMR,chemical,1,5
RICR,RIMR,chemical,1,6
RICR,RIMR,chemical,2,8
RICR,RIMR,chemical,3,7
RICR,RIS,chemical,1,8
RICR,RIVL,chemical,1,4
RICR,RIVL,chemical,1,8
RICR,RIVL,chemical,2,7
RICR,RIVR,chemical,1,8
RICR,RMDDL,chemical,1,1
RICR,RMDR,chemical,1,6
RICR,RMGL,chemical,1,7
RICR,RMHL,chemical,1,5
RICR,RMHL,chemical,1,8
RICR,RMHL,chemical,3,4
RICR,RMHR,chemical,1,4
RICR,RMHR,chemical,1,5
RICR,RMHR,chemical,1,7
RICR,RMHR,chemical,1,8
RICR,SAADR,chemical,1,5
RICR,SAADR,chemical,1,8
RICR,SAAVL,chemical,1,3
RICR,SAAVR,chemical,2,5
RICR,SIBVL,chemical,1,2
RICR,SMBDR,chemical,2,4
RICR,SMBDR,chemical,2,7
RICR,SMBDR,chemical,2,8
RICR,SMDDL,chemical,1,1
RICR,SMDDL,chemical,1,2
RICR,SMDDL,chemical,1,3
RICR,SMDDL,chemical,2,6
RICR,SMDDL,chemical,4,4
RICR,SMDDL,chemical,4,5
RICR,SMDDL,chemical,6,8
RICR,SMDDR,chemical,1,1
RICR,SMDDR,chemical,1,2
RICR,SMDDR,chemical,1,3
RICR,SMDDR,chemical,2,4
RICR,SMDDR,chemical,2,5
RICR,SMDDR,chemical,3,7
RICR,SMDDR,chemical,5,6
RICR,SMDVL,chemical,1,2
RICR,SMDVL,chemical,1,4
RICR,SMDVL,chemical,2,8
RICR,SMDVL,chemical,3,6
RICR,SMDVL,chemical,4,5
RICR,SMDVL,chemical,4,7
RICR,SMDVR,chemical,1,2
RICR,SMDVR,chemical,1,5
RICR,SMDVR,chemical,1,6
RICR,SMDVR,chemical,1,7
RICR,SMDVR,chemical,1,8
RICR,URBL,chemical,1,8
RIFL,ADAL,chemical,1,4
RIFL,ADAL,chemical,1,5
RIFL,ADAL,chemical,1,8
RIFL,ADAL,chemical,2,3
RIFL,AIBR,chemical,1,7
RIFL,AIMR,chemical,1,7
RIFL,ALML,chemical,1,2
RIFL,ALML,chemical,1,4
RIFL,ALML,chemical,1,5
RIFL,ALML,chemical,1,6
RIFL,ALML,chemical,2,8
RIFL,ALMR,chemical,1,7
RIFL,ASHL,chemical,1,3
RIFL,ASHL,chemical,1,4
RIFL,ASHL,chemical,1,6
RIFL,ASHL,chemical,1,8
RIFL,ASHL,chemical,2,5
RIFL,ASHL,chemical,2,7
RIFL,ASHL,chemical,3,1
RIFL,ASHL,chemical,3,2
RIFL,AVBL,chemical,3,1
RIFL,AVBL,chemical,3,3
RIFL,AVBL,chemical,5,4
RIFL,AVBL,chemical,6,2
RIFL,AVBL,chemical,7,7
RIFL,AVBL,chemical,9,6
RIFL,AVBL,chemical,10,5
RIFL,AVBL,chemical,13,8
RIFL,AVBR,chemical,1,2
RIFL,AVBR,chemical,1,4
RIFL,AVBR,chemical,1,8
RIFL,AVBR,chemical,9,7
RIFL,AVDR,chemical,1,7
RIFL,AVEL,chemical,1,1
RIFL,AVEL,chemical,1,8
RIFL,AVFL,chemical,1,6
RIFL,AVFL,chemical,1,7
RIFL,AVFR,chemical,1,6
RIFL,AVFR,chemical,4,7
RIFL,AVHL,chemical,1,6
RIFL,AVHL,chemical,2,5
RIFL,AVHL,chemical,2,8
RIFL,AVHR,chemical,1,6
RIFL,AVHR,chemical,1,8
RIFL,AVHR,chemical,2,7
RIFL,AVJL,chemical,1,2
RIFL,AVJL,chemical,1,4
RIFL,AVJL,chemical,1,6
RIFL,AVJL,chemical,1,7
RIFL,AVJL,chemical,2,8
RIFL,AVJR,chemical,1,1
RIFL,AVJR,chemical,1,7
RIFL,AVJR,chemical,2,5
RIFL,AVJR,chemical,3,4
RIFL,AVJR,chemical,3,8
RIFL,AVJR,chemical,4,2
RIFL,AVJR,chemical,4,3
RIFL,AVJR,chemical,4,6
RIFL,BDUL,chemical,1,4
RIFL,BDUL,chemical,1,8
RIFL,CEPshVL,chemical,1,1
RIFL,PVCR,chemical,1,4
RIFL,PVNL,chemical,1,7
RIFL,PVPL,chemical,2,4
RIFL,PVPL,chemical,3,6
RIFL,PVPL,chemical,5,8
RIFL,PVQR,chemical,1,1
RIFL,RIML,chemical,2,2
RIFL,RIML,chemical,2,3
RIFL,RIML,chemical,2,4
RIFL,RIML,chemical,3,8
RIFL,RIML,chemical,4,5
RIFL,RIML,chemical,4,6
RIFL,RIML,chemical,8,7
RIFL,RIMR,chemical,8,7
RIFL,SDQL,chemical,2,5
RIFL,URXL,chemical,1,8
RIFR,ADAR,chemical,1,3
RIFR,ADAR,chemical,1,8
RIFR,ADAR,chemical,2,6
RIFR,AIAR,chemical,2,7
RIFR,AIMR,chemical,1,7
RIFR,ALMR,chemical,1,1
RIFR,ALMR,chemical,1,5
RIFR,ALMR,chemical,2,7
RIFR,AQR,chemical,1,7
RIFR,ASHR,chemical,1,2
RIFR,ASHR,chemical,1,4
RIFR,ASHR,chemical,1,7
RIFR,ASHR,chemical,2,1
RIFR,ASHR,chemical,2,3
RIFR,ASHR,chemical,2,6
RIFR,AUAR,chemical,1,6
RIFR,AVBL,chemical,2,3
RIFR,AVBL,chemical,3,7
RIFR,AVBR,chemical,3,1
RIFR,AVBR,chemical,3,2
RIFR,AVBR,chemical,4,3
RIFR,AVBR,chemical,4,4
RIFR,AVBR,chemical,8,5
RIFR,AVBR,chemical,8,6
RIFR,AVBR,chemical,11,7
RIFR,AVBR,chemical,17,8
RIFR,AVFL,chemical,1,7
RIFR,AVFR,chemical,1,8
RIFR,AVHL,chemical,2,8
RIFR,AVHR,chemical,1,7
RIFR,AVHR,chemical,2,8
RIFR,AVJL,chemical,1,4
RIFR,AVJL,chemical,1,6
RIFR,AVJL,chemical,2,1
RIFR,AVJL,chemical,2,2
RIFR,AVJL,chemical,3,3
RIFR,AVJL,chemical,3,5
RIFR,AVJL,chemical,3,7
RIFR,AVJR,chemical,1,6
RIFR,AVJR,chemical,2,2
RIFR,AVJR,chemical,2,5
RIFR,BDUL,chemical,1,4
RIFR,BDUL,chemical,1,6
RIFR,BDUL,chemical,1,7
RIFR,BDUR,chemical,1,8
RIFR,BDUR,chemical,2,4
RIFR,HSNL,chemical,1,8
RIFR,HSNR,chemical,1,8
RIFR,HSNR,chemical,2,7
RIFR,PVNR,chemical,2,7
RIFR,PVPL,chemical,1,7
RIFR,PVPR,chemical,1,2
RIFR,PVPR,chemical,1,5
RIFR,PVPR,chemical,2,7
RIFR,PVPR,chemical,3,6
RIFR,PVPR,chemical,4,8
RIFR,RIMR,chemical,1,2
RIFR,RIMR,chemical,1,4
RIFR,RIMR,chemical,1,7
RIFR,RIMR,chemical,2,3
RIFR,RIMR,chemical,3,6
RIFR,RIMR,chemical,5,5
RIFR,RIMR,chemical,8,8
RIFR,RMGR,chemical,1,7
RIGL,ADEL,chemical,1,4
RIGL,AIBR,chemical,1,3
RIGL,AIBR,chemical,2,5
RIGL,AIBR,chemical,2,6
RIGL,AIBR,chemical,3,4
RIGL,AIBR,chemical,4,7
RIGL,AIBR,chemical,4,8
RIGL,AIZL,chemical,1,3
RIGL,AIZL,chemical,3,4
RIGL,AIZL,chemical,5,6
RIGL,AIZL,chemical,7,5
RIGL,AIZL,chemical,8,8
RIGL,AIZL,chemical,13,7
RIGL,AIZR,chemical,1,8
RIGL,ALNL,chemical,2,7
RIGL,ASHL,chemical,1,7
RIGL,AVBR,chemical,1,7
RIGL,AVEL,chemical,2,4
RIGL,AVEL,chemical,4,5
RIGL,AVEL,chemical,4,6
RIGL,AVEL,chemical,8,8
RIGL,AVEL,chemical,10,7
RIGL,AVER,chemical,1,2
RIGL,AVER,chemical,1,5
RIGL,AVER,chemical,3,4
RIGL,AVER,chemical,3,6
RIGL,AVER,chemical,3,7
RIGL,AVER,chemical,3,8
RIGL,AVHR,chemical,1,4
RIGL,AVKL,chemical,2,4
RIGL,AVKL,chemical,3,3
RIGL,AVKR,chemical,1,1
RIGL,AVKR,chemical,1,2
RIGL,AVKR,chemical,2,4
RIGL,AVKR,chemical,3,5
RIGL,AVKR,chemical,3,6
RIGL,AVKR,chemical,3,8
RIGL,AVKR,chemical,6,7
RIGL,BAGL,chemical,1,6
RIGL,BAGR,chemical,1,3
RIGL,BAGR,chemical,2,1
RIGL,BAGR,chemical,2,2
RIGL,BAGR,chemical,2,4
RIGL,BAGR,chemical,2,6
RIGL,BAGR,chemical,3,5
RIGL,BAGR,chemical,6,7
RIGL,BAGR,chemical,7,8
RIGL,CEPshVL,chemical,1,1
RIGL,DVC,chemical,1,2
RIGL,DVC,chemical,1,4
RIGL,DVC,chemical,1,5
RIGL,DVC,chemical,1,6
RIGL,DVC,chemical,2,8
RIGL,IL1DL,chemical,1,2
RIGL,OLQDL,chemical,1,2
RIGL,OLQDL,chemical,1,7
RIGL,OLQVL,chemical,1,1
RIGL,OLQVL,chemical,1,2
RIGL,OLQVL,chemical,1,3
RIGL,OLQVL,chemical,1,5
RIGL,OLQVL,chemical,1,6
RIGL,OLQVL,chemical,1,8
RIGL,OLQVL,chemical,2,4
RIGL,OLQVL,chemical,2,7
RIGL,PLNL,chemical,1,8
RIGL,PVQL,chemical,1,7
RIGL,PVT,chemical,1,8
RIGL,RIAL,chemical,1,2
RIGL,RIAL,chemical,1,5
RIGL,RIAL,chemical,1,7
RIGL,RIAL,chemical,3,1
RIGL,RIAL,chemical,6,8
RIGL,RIBL,chemical,2,2
RIGL,RIBL,chemical,2,4
RIGL,RIBL,chemical,3,5
RIGL,RIBL,chemical,4,3
RIGL,RIBL,chemical,4,6
RIGL,RIBL,chemical,5,8
RIGL,RIGR,chemical,1,6
RIGL,RIML,chemical,1,3
RIGL,RIML,chemical,1,7
RIGL,RIR,chemical,1,1
RIGL,RIR,chemical,1,2
RIGL,RIR,chemical,1,5
RIGL,RIR,chemical,1,6
RIGL,RIR,chemical,1,7
RIGL,RIR,chemical,2,4
RIGL,RIR,chemical,2,8
RIGL,RIVR,chemical,1,6
RIGL,RIVR,chemical,3,8
RIGL,RMEL,chemical,1,2
RIGL,RMFL,chemical,2,6
RIGL,RMFL,chemical,5,7
RIGL,RMFL,chemical,5,8
RIGL,RMFR,chemical,2,7
RIGL,RMGL,chemical,1,1
RIGL,RMGL,chemical,1,2
RIGL,RMGL,chemical,1,4
RIGL,RMGL,chemical,1,6
RIGL,RMGL,chemical,3,5
RIGL,RMGL,chemical,3,7
RIGL,RMGL,chemical,4,3
RIGL,RMHL,chemical,1,7
RIGL,RMHR,chemical,4,6
RIGL,RMHR,chemical,5,7
RIGL,RMHR,chemical,7,8
RIGL,SAADL,chemical,1,8
RIGL,SAADR,chemical,1,3
RIGL,URXL,chemical,1,7
RIGL,URYDL,chemical,1,3
RIGL,URYDL,chemical,1,5
RIGL,URYDL,chemical,1,8
RIGL,URYDL,chemical,2,2
RIGL,URYVL,chemical,1,1
RIGL,URYVL,chemical,1,2
RIGL,URYVL,chemical,1,6
RIGL,URYVL,chemical,1,7
RIGL,URYVL,chemical,1,8
RIGL,URYVL,chemical,2,5
RIGL,URYVL,chemical,3,4
RIGR,ADFR,chemical,1,8
RIGR,AIBL,chemical,1,1
RIGR,AIBL,chemical,1,5
RIGR,AIBL,chemical,2,4
RIGR,AIBL,chemical,2,7
RIGR,AIBL,chemical,3,2
RIGR,AIBL,chemical,4,8
RIGR,AIZL,chemical,1,8
RIGR,AIZR,chemical,1,1
RIGR,AIZR,chemical,1,2
RIGR,AIZR,chemical,2,4
RIGR,AIZR,chemical,3,5
RIGR,AIZR,chemical,3,6
RIGR,AIZR,chemical,9,8
RIGR,AIZR,chemical,10,7
RIGR,ALNR,chemical,1,7
RIGR,ALNR,chemical,1,8
RIGR,AVDL,chemical,1,3
RIGR,AVEL,chemical,1,1
RIGR,AVEL,chemical,1,4
RIGR,AVEL,chemical,1,8
RIGR,AVEL,chemical,2,7
RIGR,AVER,chemical,1,2
RIGR,AVER,chemical,1,3
RIGR,AVER,chemical,2,5
RIGR,AVER,chemical,3,4
RIGR,AVER,chemical,3,6
RIGR,AVER,chemical,7,8
RIGR,AVER,chemical,8,7
RIGR,AVKL,chemical,1,1
RIGR,AVKL,chemical,2,2
RIGR,AVKL,chemical,3,4
RIGR,AVKL,chemical,3,6
RIGR,AVKL,chemical,4,5
RIGR,AVKL,chemical,4,7
RIGR,AVKL,chemical,4,8
RIGR,AVKR,chemical,1,1
RIGR,AVKR,chemical,1,2
RIGR,AVKR,chemical,1,8
RIGR,AVKR,chemical,3,3
RIGR,BAGL,chemical,1,2
RIGR,BAGL,chemical,1,5
RIGR,BAGL,chemical,2,1
RIGR,BAGL,chemical,2,6
RIGR,BAGL,chemical,3,3
RIGR,BAGL,chemical,3,4
RIGR,BAGL,chemical,11,7
RIGR,BAGL,chemical,13,8
RIGR,BAGR,chemical,1,7
RIGR,CEPshVR,chemical,1,2
RIGR,CEPshVR,chemical,1,6
RIGR,DVC,chemical,1,2
RIGR,DVC,chemical,2,4
RIGR,DVC,chemical,3,8
RIGR,OLQVR,chemical,1,1
RIGR,OLQVR,chemical,1,2
RIGR,OLQVR,chemical,1,3
RIGR,OLQVR,chemical,1,4
RIGR,OLQVR,chemical,1,5
RIGR,OLQVR,chemical,2,6
RIGR,OLQVR,chemical,2,8
RIGR,OLQVR,chemical,3,7
RIGR,PLNR,chemical,2,7
RIGR,PVPR,chemical,1,7
RIGR,PVT,chemical,1,1
RIGR,PVT,chemical,1,2
RIGR,PVT,chemical,1,6
RIGR,RIAR,chemical,1,2
RIGR,RIAR,chemical,1,3
RIGR,RIAR,chemical,1,4
RIGR,RIBR,chemical,1,5
RIGR,RIBR,chemical,2,1
RIGR,RIBR,chemical,2,2
RIGR,RIBR,chemical,2,3
RIGR,RIBR,chemical,2,4
RIGR,RIBR,chemical,2,6
RIGR,RIBR,chemical,4,7
RIGR,RIBR,chemical,5,8
RIGR,RIML,chemical,1,5
RIGR,RIR,chemical,1,1
RIGR,RIR,chemical,1,4
RIGR,RIR,chemical,1,5
RIGR,RIR,chemical,1,7
RIGR,RIR,chemical,1,8
RIGR,RIR,chemical,2,2
RIGR,RIR,chemical,3,6
RIGR,RMFR,chemical,2,6
RIGR,RMFR,chemical,2,7
RIGR,RMFR,chemical,5,8
RIGR,RMGR,chemical,1,1
RIGR,RMGR,chemical,1,2
RIGR,RMGR,chemical,1,4
RIGR,RMGR,chemical,1,5
RIGR,RMGR,chemical,1,6
RIGR,RMGR,chemical,1,7
RIGR,RMGR,chemical,1,8
RIGR,RMGR,chemical,3,3
RIGR,RMHL,chemical,1,4
RIGR,RMHL,chemical,3,5
RIGR,RMHL,chemical,3,6
RIGR,RMHL,chemical,5,7
RIGR,RMHL,chemical,5,8
RIGR,RMHR,chemical,5,5
RIGR,SAADR,chemical,1,8
RIGR,URXR,chemical,1,2
RIGR,URXR,chemical,1,4
RIGR,URXR,chemical,1,6
RIGR,URYDR,chemical,1,8
RIGR,URYVR,chemical,1,1
RIGR,URYVR,chemical,1,3
RIGR,URYVR,chemical,1,4
RIGR,URYVR,chemical,1,5
RIGR,URYVR,chemical,1,6
RIGR,URYVR,chemical,1,7
RIGR,URYVR,chemical,1,8
RIGR,URYVR,chemical,2,2
RIH,ADFR,chemical,1,5
RIH,AIYL,chemical,2,7
RIH,AIYR,chemical,1,8
RIH,AIZL,chemical,1,1
RIH,AIZL,chemical,3,2
RIH,AIZL,chemical,3,5
RIH,AIZL,chemical,4,3
RIH,AIZL,chemical,4,6
RIH,AIZL,chemical,5,7
RIH,AIZL,chemical,8,8
RIH,AIZR,chemical,1,2
RIH,AIZR,chemical,1,4
RIH,AIZR,chemical,2,1
RIH,AIZR,chemical,3,6
RIH,AIZR,chemical,4,3
RIH,AIZR,chemical,5,5
RIH,AIZR,chemical,5,7
RIH,AIZR,chemical,5,8
RIH,AUAL,chemical,1,6
RIH,AUAL,chemical,2,5
RIH,AUAL,chemical,2,8
RIH,AUAR,chemical,2,7
RIH,AVEL,chemical,1,6
RIH,AVEL,chemical,1,8
RIH,AVER,chemical,1,7
RIH,BAGL,chemical,1,6
RIH,BAGL,chemical,1,7
RIH,BAGL,chemical,1,8
RIH,BAGL,chemical,2,5
RIH,BAGR,chemical,1,5
RIH,BAGR,chemical,1,6
RIH,BAGR,chemical,1,7
RIH,BAGR,chemical,3,3
RIH,BWM-VL01,chemical,1,3
RIH,CEPDL,chemical,1,2
RIH,CEPDL,chemical,1,3
RIH,CEPDL,chemical,1,5
RIH,CEPDL,chemical,2,4
RIH,CEPDL,chemical,2,6
RIH,CEPDL,chemical,3,7
RIH,CEPDL,chemical,3,8
RIH,CEPDR,chemical,1,4
RIH,CEPDR,chemical,2,3
RIH,CEPDR,chemical,2,8
RIH,CEPDR,chemical,3,6
RIH,CEPDR,chemical,4,7
RIH,CEPVL,chemical,1,2
RIH,CEPVL,chemical,1,8
RIH,CEPVL,chemical,3,7
RIH,CEPVR,chemical,2,6
RIH,CEPVR,chemical,3,7
RIH,CEPVR,chemical,5,8
RIH,CEPshDR,chemical,1,3
RIH,CEPshDR,chemical,1,4
RIH,CEPshVL,chemical,1,8
RIH,CEPshVL,chemical,2,1
RIH,CEPshVL,chemical,2,2
RIH,CEPshVL,chemical,2,7
RIH,CEPshVR,chemical,1,2
RIH,CEPshVR,chemical,1,8
RIH,CEPshVR,chemical,2,6
RIH,GLRDL,chemical,1,4
RIH,GLRDR,chemical,1,4
RIH,GLRDR,chemical,1,5
RIH,GLRDR,chemical,1,8
RIH,GLRL,chemical,1,5
RIH,GLRL,chemical,1,7
RIH,GLRL,chemical,2,1
RIH,GLRL,chemical,2,6
RIH,GLRR,chemical,1,2
RIH,GLRR,chemical,1,6
RIH,GLRR,chemical,1,7
RIH,GLRVL,chemical,1,2
RIH,GLRVL,chemical,1,3
RIH,GLRVL,chemical,1,5
RIH,GLRVL,chemical,1,6
RIH,GLRVR,chemical,1,2
RIH,GLRVR,chemical,1,3
RIH,GLRVR,chemical,1,5
RIH,IL1VL,chemical,1,7
RIH,IL1VR,chemical,1,6
RIH,IL1VR,chemical,2,8
RIH,IL2DL,chemical,1,5
RIH,IL2DL,chemical,3,4
RIH,IL2DR,chemical,1,4
RIH,IL2DR,chemical,1,5
RIH,IL2L,chemical,1,5
RIH,IL2L,chemical,1,7
RIH,IL2L,chemical,1,8
RIH,IL2L,chemical,2,4
RIH,IL2L,chemical,3,1
RIH,IL2R,chemical,1,6
RIH,IL2R,chemical,1,7
RIH,IL2R,chemical,2,8
RIH,IL2VL,chemical,1,3
RIH,IL2VL,chemical,1,5
RIH,IL2VL,chemical,1,7
RIH,IL2VL,chemical,2,2
RIH,IL2VL,chemical,2,6
RIH,IL2VR,chemical,1,2
RIH,IL2VR,chemical,1,3
RIH,IL2VR,chemical,1,5
RIH,IL2VR,chemical,1,6
RIH,IL2VR,chemical,1,7
RIH,OLQDL,chemical,1,1
RIH,OLQDL,chemical,1,2
RIH,OLQDL,chemical,2,3
RIH,OLQDL,chemical,2,6
RIH,OLQDL,chemical,3,4
RIH,OLQDL,chemical,3,5
RIH,OLQDL,chemical,6,8
RIH,OLQDL,chemical,9,7
RIH,OLQDR,chemical,1,2
RIH,OLQDR,chemical,2,1
RIH,OLQDR,chemical,2,5
RIH,OLQDR,chemical,3,4
RIH,OLQDR,chemical,4,3
RIH,OLQDR,chemical,4,6
RIH,OLQDR,chemical,6,8
RIH,OLQDR,chemical,7,7
RIH,OLQVL,chemical,1,3
RIH,OLQVL,chemical,2,1
RIH,OLQVL,chemical,2,2
RIH,OLQVL,chemical,2,4
RIH,OLQVL,chemical,2,5
RIH,OLQVL,chemical,3,6
RIH,OLQVL,chemical,4,8
RIH,OLQVL,chemical,8,7
RIH,OLQVR,chemical,1,4
RIH,OLQVR,chemical,1,5
RIH,OLQVR,chemical,2,1
RIH,OLQVR,chemical,2,2
RIH,OLQVR,chemical,2,3
RIH,OLQVR,chemical,2,6
RIH,OLQVR,chemical,3,7
RIH,OLQVR,chemical,4,8
RIH,RIAL,chemical,1,4
RIH,RIAL,chemical,2,1
RIH,RIAL,chemical,3,8
RIH,RIAL,chemical,4,2
RIH,RIAL,chemical,6,3
RIH,RIAL,chemical,8,5
RIH,RIAL,chemical,10,6
RIH,RIAL,chemical,11,7
RIH,RIAR,chemical,1,4
RIH,RIAR,chemical,2,1
RIH,RIAR,chemical,2,2
RIH,RIAR,chemical,3,3
RIH,RIAR,chemical,10,5
RIH,RIAR,chemical,10,6
RIH,RIAR,chemical,10,7
RIH,RIAR,chemical,12,8
RIH,RIBL,chemical,1,2
RIH,RIBL,chemical,1,3
RIH,RIBL,chemical,1,4
RIH,RIBL,chemical,2,1
RIH,RIBL,chemical,4,5
RIH,RIBL,chemical,4,7
RIH,RIBL,chemical,5,6
RIH,RIBL,chemical,6,8
RIH,RIBR,chemical,1,2
RIH,RIBR,chemical,2,3
RIH,RIBR,chemical,3,6
RIH,RIBR,chemical,4,5
RIH,RIBR,chemical,4,7
RIH,RIBR,chemical,7,8
RIH,RIGR,chemical,1,8
RIH,RIPL,chemical,2,2
RIH,RIPL,chemical,3,1
RIH,RIPL,chemical,3,3
RIH,RIPL,chemical,4,4
RIH,RIPL,chemical,4,6
RIH,RIPL,chemical,4,7
RIH,RIPL,chemical,7,5
RIH,RIPL,chemical,7,8
RIH,RIPR,chemical,2,1
RIH,RIPR,chemical,4,2
RIH,RIPR,chemical,4,3
RIH,RIPR,chemical,4,4
RIH,RIPR,chemical,4,6
RIH,RIPR,chemical,4,7
RIH,RIPR,chemical,5,5
RIH,RIPR,chemical,9,8
RIH,RIR,chemical,1,2
RIH,RIR,chemical,1,3
RIH,RIR,chemical,1,5
RIH,RIR,chemical,1,7
RIH,RIR,chemical,2,6
RIH,RIS,chemical,1,2
RIH,RMED,chemical,1,4
RIH,RMED,chemical,1,7
RIH,RMEL,chemical,1,1
RIH,RMEL,chemical,1,3
RIH,RMER,chemical,1,2
RIH,RMER,chemical,1,7
RIH,RMER,chemical,2,6
RIH,RMEV,chemical,1,6
RIH,RMEV,chemical,1,7
RIH,RMEV,chemical,1,8
RIH,URADL,chemical,2,6
RIH,URADR,chemical,1,6
RIH,URAVL,chemical,1,7
RIH,URAVR,chemical,1,7
RIH,URYVL,chemical,2,7
RIH,URYVR,chemical,1,2
RIH,URYVR,chemical,1,5
RIH,URYVR,chemical,1,6
RIH,URYVR,chemical,2,8
RIML,ADAL,chemical,1,6
RIML,ADAL,chemical,1,8
RIML,ADAL,chemical,2,7
RIML,AIBL,chemical,1,1
RIML,AIBR,chemical,1,2
RIML,AIBR,chemical,1,4
RIML,AIBR,chemical,2,1
RIML,AIBR,chemical,2,3
RIML,AIBR,chemical,2,5
RIML,AIBR,chemical,6,6
RIML,AIBR,chemical,7,7
RIML,AIBR,chemical,7,8
RIML,AIZL,chemical,1,8
RIML,AVAL,chemical,1,7
RIML,AVAR,chemical,1,1
RIML,AVAR,chemical,1,2
RIML,AVAR,chemical,1,6
RIML,AVBL,chemical,1,1
RIML,AVBL,chemical,1,2
RIML,AVBL,chemical,1,3
RIML,AVBL,chemical,1,4
RIML,AVBL,chemical,1,5
RIML,AVBL,chemical,2,6
RIML,AVBL,chemical,2,7
RIML,AVBL,chemical,2,8
RIML,AVBR,chemical,2,1
RIML,AVBR,chemical,2,5
RIML,AVBR,chemical,3,2
RIML,AVBR,chemical,3,3
RIML,AVBR,chemical,3,4
RIML,AVBR,chemical,3,7
RIML,AVBR,chemical,4,6
RIML,AVBR,chemical,7,8
RIML,AVDL,chemical,1,2
RIML,AVDL,chemical,1,6
RIML,AVDR,chemical,1,6
RIML,AVEL,chemical,1,8
RIML,AVER,chemical,2,7
RIML,AVHR,chemical,1,3
RIML,AVJR,chemical,1,6
RIML,AVJR,chemical,1,8
RIML,AVKL,chemical,1,8
RIML,AVKR,chemical,1,6
RIML,AVKR,chemical,1,8
RIML,BWM-DR04,chemical,1,1
RIML,BWM-DR04,chemical,1,3
RIML,BWM-DR04,chemical,1,5
RIML,BWM-DR04,chemical,2,4
RIML,BWM-DR04,chemical,2,6
RIML,BWM-DR04,chemical,4,8
RIML,BWM-DR06,chemical,1,3
RIML,BWM-DR06,chemical,1,4
RIML,BWM-DR06,chemical,1,5
RIML,BWM-DR06,chemical,1,7
RIML,BWM-DR06,chemical,1,8
RIML,BWM-DR06,chemical,2,6
RIML,BWM-DR08,chemical,1,6
RIML,BWM-DR08,chemical,1,7
RIML,BWM-VR04,chemical,1,1
RIML,BWM-VR04,chemical,1,2
RIML,BWM-VR04,chemical,1,3
RIML,BWM-VR04,chemical,1,4
RIML,BWM-VR04,chemical,1,5
RIML,BWM-VR04,chemical,1,8
RIML,BWM-VR04,chemical,2,6
RIML,BWM-VR04,chemical,3,7
RIML,BWM-VR06,chemical,1,4
RIML,BWM-VR06,chemical,1,5
RIML,BWM-VR06,chemical,1,7
RIML,BWM-VR06,chemical,1,8
RIML,BWM-VR08,chemical,1,6
RIML,OLLR,chemical,1,7
RIML,PVCL,chemical,1,2
RIML,RIBL,chemical,1,1
RIML,RIBL,chemical,1,2
RIML,RIBL,chemical,2,3
RIML,RIBL,chemical,2,5
RIML,RIBL,chemical,3,6
RIML,RIBL,chemical,4,4
RIML,RIBL,chemical,4,7
RIML,RIBL,chemical,7,8
RIML,RIBR,chemical,1,3
RIML,RIBR,chemical,1,5
RIML,RIBR,chemical,1,7
RIML,RIBR,chemical,1,8
RIML,RIBR,chemical,2,4
RIML,RIGL,chemical,1,3
RIML,RIGL,chemical,1,4
RIML,RIGL,chemical,1,5
RIML,RIGL,chemical,1,6
RIML,RIS,chemical,1,2
RIML,RIS,chemical,1,3
RIML,RIS,chemical,1,6
RIML,RIS,chemical,1,7
RIML,RIS,chemical,2,4
RIML,RIS,chemical,2,8
RIML,RIVL,chemical,1,5
RIML,RMDL,chemical,1,2
RIML,RMDL,chemical,1,3
RIML,RMDL,chemical,1,5
RIML,RMDL,chemical,2,6
RIML,RMDL,chemical,5,8
RIML,RMDL,chemical,6,7
RIML,RMDR,chemical,2,1
RIML,RMDR,chemical,2,2
RIML,RMDR,chemical,3,3
RIML,RMDR,chemical,3,4
RIML,RMDR,chemical,3,5
RIML,RMDR,chemical,6,6
RIML,RMDR,chemical,7,7
RIML,RMDR,chemical,7,8
RIML,RMFL,chemical,3,7
RIML,RMFL,chemical,3,8
RIML,RMFR,chemical,2,7
RIML,RMFR,chemical,3,6
RIML,SAADL,chemical,1,1
RIML,SAADL,chemical,2,8
RIML,SAADL,chemical,3,6
RIML,SAADL,chemical,5,7
RIML,SAADR,chemical,1,3
RIML,SAADR,chemical,1,4
RIML,SAADR,chemical,1,6
RIML,SAADR,chemical,3,7
RIML,SAADR,chemical,4,8
RIML,SAAVL,chemical,1,2
RIML,SAAVL,chemical,2,5
RIML,SAAVL,chemical,2,6
RIML,SAAVL,chemical,2,8
RIML,SAAVL,chemical,3,4
RIML,SAAVL,chemical,3,7
RIML,SAAVR,chemical,2,2
RIML,SAAVR,chemical,2,3
RIML,SAAVR,chemical,3,4
RIML,SAAVR,chemical,3,5
RIML,SAAVR,chemical,3,6
RIML,SAAVR,chemical,3,7
RIML,SAAVR,chemical,6,8
RIML,SIADL,chemical,1,2
RIML,SIADL,chemical,1,7
RIML,SIADL,chemical,1,8
RIML,SIADL,chemical,2,4
RIML,SIADL,chemical,2,6
RIML,SIADR,chemical,1,2
RIML,SIBDR,chemical,1,8
RIML,SIBVR,chemical,1,2
RIML,SMDDL,chemical,3,1
RIML,SMDDL,chemical,3,2
RIML,SMDDL,chemical,3,3
RIML,SMDDL,chemical,4,5
RIML,SMDDL,chemical,4,7
RIML,SMDDL,chemical,5,6
RIML,SMDDL,chemical,6,4
RIML,SMDDL,chemical,10,8
RIML,SMDDR,chemical,1,1
RIML,SMDDR,chemical,1,2
RIML,SMDDR,chemical,1,4
RIML,SMDDR,chemical,2,3
RIML,SMDDR,chemical,2,6
RIML,SMDDR,chemical,2,8
RIML,SMDDR,chemical,3,5
RIML,SMDDR,chemical,3,7
RIML,SMDVL,chemical,1,3
RIML,SMDVL,chemical,2,2
RIML,SMDVL,chemical,2,6
RIML,SMDVL,chemical,3,4
RIML,SMDVL,chemical,5,5
RIML,SMDVL,chemical,5,7
RIML,SMDVL,chemical,5,8
RIML,SMDVR,chemical,1,1
RIML,SMDVR,chemical,1,4
RIML,SMDVR,chemical,1,5
RIML,SMDVR,chemical,2,2
RIML,SMDVR,chemical,3,6
RIML,SMDVR,chemical,3,7
RIML,SMDVR,chemical,3,8
RIMR,ADAR,chemical,1,3
RIMR,AIBL,chemical,3,5
RIMR,AIBL,chemical,4,2
RIMR,AIBL,chemical,4,3
RIMR,AIBL,chemical,4,4
RIMR,AIBL,chemical,9,6
RIMR,AIBL,chemical,10,8
RIMR,AIBL,chemical,13,7
RIMR,AUAR,chemical,1,7
RIMR,AVAL,chemical,1,5
RIMR,AVAL,chemical,1,6
RIMR,AVAL,chemical,2,7
RIMR,AVAL,chemical,2,8
RIMR,AVAR,chemical,1,8
RIMR,AVBL,chemical,1,1
RIMR,AVBL,chemical,1,2
RIMR,AVBL,chemical,3,3
RIMR,AVBL,chemical,3,4
RIMR,AVBL,chemical,4,5
RIMR,AVBL,chemical,5,6
RIMR,AVBL,chemical,5,7
RIMR,AVBL,chemical,5,8
RIMR,AVBR,chemical,1,3
RIMR,AVBR,chemical,1,5
RIMR,AVBR,chemical,1,8
RIMR,AVBR,chemical,2,6
RIMR,AVBR,chemical,2,7
RIMR,AVEL,chemical,1,6
RIMR,AVEL,chemical,1,7
RIMR,AVKL,chemical,1,8
RIMR,BWM-DL04,chemical,1,1
RIMR,BWM-DL04,chemical,1,3
RIMR,BWM-DL04,chemical,1,4
RIMR,BWM-DL04,chemical,1,5
RIMR,BWM-DL04,chemical,1,6
RIMR,BWM-DL04,chemical,2,7
RIMR,BWM-DL04,chemical,2,8
RIMR,BWM-DL06,chemical,1,4
RIMR,BWM-DL06,chemical,1,8
RIMR,BWM-DL06,chemical,2,5
RIMR,BWM-DL06,chemical,3,7
RIMR,BWM-VL04,chemical,1,2
RIMR,BWM-VL04,chemical,1,4
RIMR,BWM-VL04,chemical,1,7
RIMR,BWM-VL04,chemical,2,3
RIMR,BWM-VL04,chemical,3,6
RIMR,BWM-VL04,chemical,3,8
RIMR,BWM-VL06,chemical,1,3
RIMR,BWM-VL06,chemical,1,4
RIMR,BWM-VL06,chemical,1,6
RIMR,BWM-VL06,chemical,2,8
RIMR,BWM-VL06,chemical,3,7
RIMR,CEPVL,chemical,1,1
RIMR,RIAL,chemical,1,7
RIMR,RIBL,chemical,1,1
RIMR,RIBL,chemical,1,2
RIMR,RIBL,chemical,2,3
RIMR,RIBL,chemical,2,6
RIMR,RIBL,chemical,3,8
RIMR,RIBL,chemical,4,5
RIMR,RIBR,chemical,2,2
RIMR,RIBR,chemical,2,7
RIMR,RIBR,chemical,4,3
RIMR,RIBR,chemical,4,4
RIMR,RIBR,chemical,4,5
RIMR,RIBR,chemical,4,6
RIMR,RIBR,chemical,4,8
RIMR,RIFR,chemical,1,7
RIMR,RIGR,chemical,1,4
RIMR,RIGR,chemical,1,8
RIMR,RIML,chemical,1,8
RIMR,RIS,chemical,1,1
RIMR,RIS,chemical,1,4
RIMR,RIS,chemical,1,8
RIMR,RMDL,chemical,3,2
RIMR,RMDL,chemical,3,3
RIMR,RMDL,chemical,4,4
RIMR,RMDL,chemical,4,5
RIMR,RMDL,chemical,5,1
RIMR,RMDL,chemical,6,6
RIMR,RMDL,chemical,6,8
RIMR,RMDL,chemical,7,7
RIMR,RMDR,chemical,1,1
RIMR,RMDR,chemical,1,2
RIMR,RMDR,chemical,3,5
RIMR,RMDR,chemical,3,6
RIMR,RMDR,chemical,3,8
RIMR,RMDR,chemical,6,7
RIMR,RMEV,chemical,1,5
RIMR,RMFL,chemical,1,8
RIMR,RMFL,chemical,2,6
RIMR,RMFR,chemical,1,6
RIMR,RMFR,chemical,3,7
RIMR,RMFR,chemical,4,8
RIMR,RMGL,chemical,1,3
RIMR,SAADL,chemical,2,6
RIMR,SAADL,chemical,2,7
RIMR,SAADL,chemical,3,5
RIMR,SAADL,chemical,5,8
RIMR,SAADR,chemical,1,1
RIMR,SAADR,chemical,1,2
RIMR,SAADR,chemical,1,4
RIMR,SAADR,chemical,1,5
RIMR,SAADR,chemical,2,8
RIMR,SAAVL,chemical,1,2
RIMR,SAAVL,chemical,2,3
RIMR,SAAVL,chemical,3,5
RIMR,SAAVL,chemical,3,6
RIMR,SAAVL,chemical,5,7
RIMR,SAAVL,chemical,5,8
RIMR,SAAVR,chemical,1,1
RIMR,SAAVR,chemical,1,2
RIMR,SAAVR,chemical,1,3
RIMR,SAAVR,chemical,1,4
RIMR,SAAVR,chemical,2,5
RIMR,SAAVR,chemical,3,6
RIMR,SAAVR,chemical,5,7
RIMR,SAAVR,chemical,6,8
RIMR,SIADL,chemical,1,5
RIMR,SIADR,chemical,1,5
RIMR,SMDDL,chemical,1,2
RIMR,SMDDL,chemical,1,4
RIMR,SMDDL,chemical,1,5
RIMR,SMDDL,chemical,2,1
RIMR,SMDDL,chemical,2,3
RIMR,SMDDL,chemical,3,6
RIMR,SMDDL,chemical,5,8
RIMR,SMDDL,chemical,7,7
RIMR,SMDDR,chemical,2,1
RIMR,SMDDR,chemical,2,3
RIMR,SMDDR,chemical,3,4
RIMR,SMDDR,chemical,4,2
RIMR,SMDDR,chemical,5,5
RIMR,SMDDR,chemical,5,7
RIMR,SMDDR,chemical,6,8
RIMR,SMDDR,chemical,8,6
RIMR,SMDVL,chemical,1,1
RIMR,SMDVL,chemical,1,5
RIMR,SMDVL,chemical,1,7
RIMR,SMDVL,chemical,2,2
RIMR,SMDVL,chemical,2,4
RIMR,SMDVL,chemical,2,6
RIMR,SMDVL,chemical,2,8
RIMR,SMDVR,chemical,3,3
RIMR,SMDVR,chemical,3,4
RIMR,SMDVR,chemical,4,1
RIMR,SMDVR,chemical,5,2
RIMR,SMDVR,chemical,5,5
RIMR,SMDVR,chemical,5,6
RIMR,SMDVR,chemical,6,8
RIMR,SMDVR,chemical,7,7
RIPL,IL2DR,chemical,1,3
RIPL,RIH,chemical,1,3
RIPL,RIPR,chemical,1,3
RIR,ADFL,chemical,1,3
RIR,ADFL,chemical,1,8
RIR,ADFL,chemical,3,6
RIR,ADFL,chemical,3,7
RIR,ADFR,chemical,1,7
RIR,ADFR,chemical,2,6
RIR,ADFR,chemical,2,8
RIR,AIYL,chemical,1,3
RIR,AIYL,chemical,1,7
RIR,AIYL,chemical,2,6
RIR,AIYL,chemical,2,8
RIR,AIYR,chemical,1,7
RIR,AIYR,chemical,2,6
RIR,AIZL,chemical,2,2
RIR,AIZL,chemical,4,3
RIR,AIZL,chemical,4,4
RIR,AIZL,chemical,4,5
RIR,AIZL,chemical,7,6
RIR,AIZL,chemical,7,7
RIR,AIZL,chemical,10,8
RIR,AIZR,chemical,1,1
RIR,AIZR,chemical,2,3
RIR,AIZR,chemical,3,2
RIR,AIZR,chemical,3,4
RIR,AIZR,chemical,5,5
RIR,AIZR,chemical,7,6
RIR,AIZR,chemical,8,7
RIR,AIZR,chemical,11,8
RIR,AQR,chemical,1,5
RIR,AQR,chemical,1,7
RIR,AQR,chemical,5,8
RIR,AUAL,chemical,1,2
RIR,AUAL,chemical,1,5
RIR,AUAL,chemical,2,7
RIR,AUAR,chemical,1,3
RIR,AUAR,chemical,1,6
RIR,AUAR,chemical,2,8
RIR,AVAL,chemical,1,3
RIR,AVEL,chemical,1,2
RIR,AVEL,chemical,1,6
RIR,AVEL,chemical,1,8
RIR,AVER,chemical,1,2
RIR,AVER,chemical,1,6
RIR,AVER,chemical,1,8
RIR,AVER,chemical,2,5
RIR,AVER,chemical,2,7
RIR,AVHL,chemical,1,8
RIR,AVHR,chemical,1,6
RIR,AVHR,chemical,2,7
RIR,BAGL,chemical,1,2
RIR,BAGL,chemical,1,3
RIR,BAGL,chemical,1,7
RIR,BAGR,chemical,1,2
RIR,BAGR,chemical,4,7
RIR,CEPshVR,chemical,1,2
RIR,DVA,chemical,1,1
RIR,DVA,chemical,1,6
RIR,DVA,chemical,2,2
RIR,DVA,chemical,2,7
RIR,DVA,chemical,3,3
RIR,DVA,chemical,3,5
RIR,DVA,chemical,4,4
RIR,DVA,chemical,5,8
RIR,OLQVR,chemical,1,6
RIR,OLQVR,chemical,1,7
RIR,PVPL,chemical,2,8
RIR,PVPR,chemical,1,1
RIR,PVPR,chemical,1,8
RIR,RIAL,chemical,2,1
RIR,RIAL,chemical,2,4
RIR,RIAL,chemical,3,2
RIR,RIAL,chemical,4,3
RIR,RIAL,chemical,5,5
RIR,RIAL,chemical,6,7
RIR,RIAL,chemical,7,6
RIR,RIAL,chemical,7,8
RIR,RIAR,chemical,2,1
RIR,RIAR,chemical,2,2
RIR,RIAR,chemical,3,4
RIR,RIAR,chemical,4,3
RIR,RIAR,chemical,5,6
RIR,RIAR,chemical,8,5
RIR,RIAR,chemical,9,8
RIR,RIAR,chemical,13,7
RIR,RIGL,chemical,1,5
RIR,RIGL,chemical,2,6
RIR,RIGL,chemical,2,8
RIR,RIGR,chemical,1,3
RIR,RIGR,chemical,1,6
RIR,RIGR,chemical,1,8
RIR,RIGR,chemical,2,7
RIR,RIH,chemical,1,2
RIR,RIH,chemical,1,5
RIR,RIH,chemical,1,6
RIR,SMBVL,chemical,2,8
RIR,SMBVR,chemical,1,7
RIR,URXL,chemical,2,1
RIR,URXL,chemical,4,2
RIR,URXL,chemical,4,4
RIR,URXL,chemical,5,3
RIR,URXL,chemical,5,5
RIR,URXL,chemical,6,8
RIR,URXL,chemical,7,6
RIR,URXL,chemical,7,7
RIR,URXR,chemical,1,1
RIR,URXR,chemical,1,2
RIR,URXR,chemical,3,3
RIR,URXR,chemical,5,4
RIR,URXR,chemical,5,5
RIR,URXR,chemical,5,6
RIR,URXR,chemical,8,8
RIR,URXR,chemical,12,7
RIR,URYVR,chemical,1,3
RIS,AIBL,chemical,1,6
RIS,AIBL,chemical,1,8
RIS,AVEL,chemical,2,1
RIS,AVEL,chemical,2,2
RIS,AVEL,chemical,4,3
RIS,AVEL,chemical,4,4
RIS,AVEL,chemical,5,6
RIS,AVEL,chemical,6,5
RIS,AVEL,chemical,8,7
RIS,AVEL,chemical,10,8
RIS,AVER,chemical,3,1
RIS,AVER,chemical,3,2
RIS,AVER,chemical,3,3
RIS,AVER,chemical,6,5
RIS,AVER,chemical,7,4
RIS,AVER,chemical,7,6
RIS,AVER,chemical,7,8
RIS,AVER,chemical,8,7
RIS,AVKL,chemical,2,6
RIS,AVKL,chemical,3,4
RIS,AVKL,chemical,3,5
RIS,AVKL,chemical,9,8
RIS,AVKL,chemical,10,7
RIS,AVKR,chemical,1,2
RIS,AVKR,chemical,2,4
RIS,AVKR,chemical,3,5
RIS,AVKR,chemical,3,6
RIS,AVKR,chemical,7,7
RIS,AVKR,chemical,9,8
RIS,AVL,chemical,2,5
RIS,AVL,chemical,2,6
RIS,AVL,chemical,3,7
RIS,CEPDL,chemical,1,1
RIS,CEPDL,chemical,1,2
RIS,CEPDL,chemical,1,3
RIS,CEPDL,chemical,1,6
RIS,CEPDL,chemical,2,5
RIS,CEPDL,chemical,2,7
RIS,CEPDL,chemical,4,8
RIS,CEPDR,chemical,1,2
RIS,CEPDR,chemical,1,3
RIS,CEPDR,chemical,1,4
RIS,CEPDR,chemical,1,5
RIS,CEPDR,chemical,1,6
RIS,CEPDR,chemical,3,7
RIS,CEPVL,chemical,1,1
RIS,CEPVL,chemical,1,2
RIS,CEPVL,chemical,1,3
RIS,CEPVL,chemical,2,4
RIS,CEPVL,chemical,2,5
RIS,CEPVL,chemical,2,6
RIS,CEPVL,chemical,3,7
RIS,CEPVL,chemical,3,8
RIS,CEPVR,chemical,1,1
RIS,CEPVR,chemical,1,2
RIS,CEPVR,chemical,1,3
RIS,CEPVR,chemical,1,4
RIS,CEPVR,chemical,2,5
RIS,CEPVR,chemical,2,8
RIS,CEPVR,chemical,3,6
RIS,CEPVR,chemical,3,7
RIS,CEPshDL,chemical,2,8
RIS,OLLR,chemical,1,5
RIS,OLQDR,chemical,1,8
RIS,RIBL,chemical,2,1
RIS,RIBL,chemical,2,2
RIS,RIBL,chemical,2,5
RIS,RIBL,chemical,4,6
RIS,RIBL,chemical,5,3
RIS,RIBL,chemical,6,4
RIS,RIBL,chemical,6,7
RIS,RIBL,chemical,11,8
RIS,RIBR,chemical,1,2
RIS,RIBR,chemical,3,1
RIS,RIBR,chemical,3,3
RIS,RIBR,chemical,3,4
RIS,RIBR,chemical,3,5
RIS,RIBR,chemical,3,6
RIS,RIBR,chemical,6,7
RIS,RIBR,chemical,11,8
RIS,RICL,chemical,1,8
RIS,RICR,chemical,1,4
RIS,RICR,chemical,3,7
RIS,RIML,chemical,1,2
RIS,RIML,chemical,1,3
RIS,RIML,chemical,3,4
RIS,RIML,chemical,3,5
RIS,RIML,chemical,6,6
RIS,RIML,chemical,8,7
RIS,RIML,chemical,9,8
RIS,RIMR,chemical,1,2
RIS,RIMR,chemical,1,3
RIS,RIMR,chemical,2,4
RIS,RIMR,chemical,4,5
RIS,RIMR,chemical,7,6
RIS,RIMR,chemical,8,8
RIS,RIMR,chemical,9,7
RIS,RIVL,chemical,1,6
RIS,RMDL,chemical,1,2
RIS,RMDL,chemical,1,3
RIS,RMDL,chemical,1,6
RIS,RMDL,chemical,1,8
RIS,RMDL,chemical,4,5
RIS,RMDL,chemical,4,7
RIS,RMDR,chemical,1,4
RIS,RMDR,chemical,2,8
RIS,RMDR,chemical,3,3
RIS,RMDR,chemical,4,7
RIS,RMDR,chemical,6,6
RIS,RMEV,chemical,1,8
RIS,RMFL,chemical,1,8
RIS,RMGR,chemical,1,2
RIS,SMDDL,chemical,1,5
RIS,SMDDL,chemical,2,1
RIS,SMDDL,chemical,2,6
RIS,SMDDL,chemical,2,7
RIS,SMDDL,chemical,2,8
RIS,SMDDR,chemical,1,2
RIS,SMDDR,chemical,1,3
RIS,SMDDR,chemical,1,4
RIS,SMDDR,chemical,1,5
RIS,SMDDR,chemical,2,6
RIS,SMDDR,chemical,2,8
RIS,SMDDR,chemical,3,7
RIS,SMDVL,chemical,1,7
RIS,SMDVL,chemical,1,8
RIS,SMDVR,chemical,1,3
RIS,SMDVR,chemical,1,6
RIS,SMDVR,chemical,1,7
RIS,URYDL,chemical,1,4
RIS,URYDL,chemical,2,8
RIS,URYDR,chemical,1,7
RIS,URYDR,chemical,2,8
RIS,URYVL,chemical,2,7
RIS,URYVL,chemical,2,8
RIVL,AVAL,chemical,1,2
RIVL,BWM-VL07,chemical,1,8
RIVL,BWM-VR03,chemical,1,8
RIVL,BWM-VR04,chemical,1,6
RIVL,BWM-VR04,chemical,4,8
RIVL,BWM-VR05,chemical,3,4
RIVL,BWM-VR05,chemical,4,6
RIVL,BWM-VR05,chemical,4,8
RIVL,BWM-VR05,chemical,5,7
RIVL,BWM-VR06,chemical,2,7
RIVL,BWM-VR06,chemical,3,6
RIVL,BWM-VR06,chemical,4,8
RIVL,BWM-VR07,chemical,1,4
RIVL,BWM-VR07,chemical,4,6
RIVL,BWM-VR07,chemical,5,8
RIVL,BWM-VR07,chemical,15,7
RIVL,BWM-VR08,chemical,1,7
RIVL,BWM-VR08,chemical,1,8
RIVL,BWM-VR08,chemical,2,6
RIVL,GLRVL,chemical,1,3
RIVL,GLRVL,chemical,2,6
RIVL,GLRVR,chemical,1,1
RIVL,GLRVR,chemical,1,5
RIVL,GLRVR,chemical,1,6
RIVL,GLRVR,chemical,2,3
RIVL,GLRVR,chemical,2,4
RIVL,RIAL,chemical,1,3
RIVL,RIAL,chemical,1,5
RIVL,RIAL,chemical,1,6
RIVL,RIAL,chemical,4,4
RIVL,RIAL,chemical,4,7
RIVL,RIAL,chemical,5,8
RIVL,RIAR,chemical,1,6
RIVL,RIAR,chemical,2,3
RIVL,RIAR,chemical,2,4
RIVL,RIAR,chemical,2,7
RIVL,RIAR,chemical,3,2
RIVL,RIAR,chemical,3,8
RIVL,RIAR,chemical,4,5
RIVL,RIH,chemical,1,1
RIVL,RIH,chemical,1,2
RIVL,RIH,chemical,1,6
RIVL,RIR,chemical,1,4
RIVL,RIS,chemical,1,5
RIVL,RMDDR,chemical,1,1
RIVL,RMDDR,chemical,1,2
RIVL,RMDDR,chemical,1,3
RIVL,RMDDR,chemical,1,6
RIVL,RMDDR,chemical,2,8
RIVL,RMDDR,chemical,3,4
RIVL,RMDDR,chemical,3,5
RIVL,RMDL,chemical,1,1
RIVL,RMDL,chemical,1,8
RIVL,RMDL,chemical,3,4
RIVL,RMDL,chemical,3,6
RIVL,RMDL,chemical,3,7
RIVL,RMDVL,chemical,1,1
RIVL,RMDVL,chemical,1,3
RIVL,RMDVL,chemical,1,5
RIVL,RMDVL,chemical,1,6
RIVL,RMDVL,chemical,2,7
RIVL,RMDVL,chemical,3,8
RIVL,SAADR,chemical,2,1
RIVL,SAADR,chemical,2,2
RIVL,SAADR,chemical,2,3
RIVL,SAADR,chemical,3,6
RIVL,SAADR,chemical,3,7
RIVL,SAADR,chemical,4,4
RIVL,SAADR,chemical,4,5
RIVL,SAADR,chemical,4,8
RIVL,SDQR,chemical,2,7
RIVL,SIAVR,chemical,1,5
RIVL,SIAVR,chemical,2,4
RIVL,SIAVR,chemical,4,6
RIVL,SIAVR,chemical,6,8
RIVL,SIAVR,chemical,8,7
RIVL,SMDDL,chemical,2,5
RIVL,SMDDR,chemical,1,2
RIVL,SMDDR,chemical,1,4
RIVL,SMDDR,chemical,1,5
RIVL,SMDDR,chemical,1,6
RIVL,SMDDR,chemical,2,8
RIVL,SMDVL,chemical,1,4
RIVL,SMDVL,chemical,1,6
RIVL,SMDVL,chemical,2,5
RIVL,SMDVL,chemical,2,8
RIVR,BWM-VL03,chemical,1,3
RIVR,BWM-VL04,chemical,1,6
RIVR,BWM-VL04,chemical,1,8
RIVR,BWM-VL05,chemical,2,5
RIVR,BWM-VL05,chemical,3,6
RIVR,BWM-VL05,chemical,4,8
RIVR,BWM-VL05,chemical,6,7
RIVR,BWM-VL06,chemical,1,5
RIVR,BWM-VL06,chemical,1,7
RIVR,BWM-VL06,chemical,2,6
RIVR,BWM-VL06,chemical,5,8
RIVR,BWM-VL07,chemical,1,5
RIVR,BWM-VL07,chemical,2,4
RIVR,BWM-VL07,chemical,2,6
RIVR,BWM-VL07,chemical,4,7
RIVR,BWM-VL07,chemical,5,8
RIVR,BWM-VL08,chemical,1,5
RIVR,BWM-VL08,chemical,1,6
RIVR,BWM-VL08,chemical,6,8
RIVR,BWM-VR07,chemical,3,7
RIVR,CEPshVL,chemical,1,6
RIVR,GLRDL,chemical,1,7
RIVR,GLRVL,chemical,1,2
RIVR,GLRVL,chemical,1,6
RIVR,GLRVL,chemical,2,3
RIVR,GLRVL,chemical,2,4
RIVR,GLRVL,chemical,2,5
RIVR,GLRVL,chemical,3,1
RIVR,GLRVR,chemical,1,1
RIVR,RIAL,chemical,1,1
RIVR,RIAL,chemical,1,5
RIVR,RIAL,chemical,1,8
RIVR,RIAL,chemical,2,2
RIVR,RIAL,chemical,2,3
RIVR,RIAL,chemical,3,4
RIVR,RIAL,chemical,3,6
RIVR,RIAL,chemical,3,7
RIVR,RIAR,chemical,1,3
RIVR,RIAR,chemical,2,5
RIVR,RIAR,chemical,2,6
RIVR,RIAR,chemical,3,7
RIVR,RIAR,chemical,3,8
RIVR,RIAR,chemical,5,4
RIVR,RICR,chemical,1,7
RIVR,RIH,chemical,1,3
RIVR,RIMR,chemical,1,5
RIVR,RIR,chemical,1,4
RIVR,RMDDL,chemical,1,2
RIVR,RMDDL,chemical,1,5
RIVR,RMDDL,chemical,1,6
RIVR,RMDDL,chemical,1,7
RIVR,RMDDL,chemical,2,8
RIVR,RMDDL,chemical,3,3
RIVR,RMDDL,chemical,3,4
RIVR,RMDR,chemical,1,4
RIVR,RMDR,chemical,1,5
RIVR,RMDR,chemical,1,7
RIVR,RMDR,chemical,2,6
RIVR,RMDR,chemical,2,8
RIVR,RMDVR,chemical,2,6
RIVR,RMDVR,chemical,2,7
RIVR,RMDVR,chemical,7,8
RIVR,RMGL,chemical,1,8
RIVR,SAADL,chemical,1,1
RIVR,SAADL,chemical,1,2
RIVR,SAADL,chemical,2,3
RIVR,SAADL,chemical,2,8
RIVR,SAADL,chemical,3,4
RIVR,SAADL,chemical,3,5
RIVR,SAADL,chemical,3,7
RIVR,SAADL,chemical,6,6
RIVR,SDQR,chemical,1,6
RIVR,SIAVL,chemical,1,4
RIVR,SIAVL,chemical,2,5
RIVR,SIAVL,chemical,3,6
RIVR,SIAVL,chemical,4,7
RIVR,SIAVL,chemical,10,8
RIVR,SMBVL,chemical,1,7
RIVR,SMDDL,chemical,1,1
RIVR,SMDDL,chemical,1,3
RIVR,SMDDL,chemical,1,8
RIVR,SMDDL,chemical,2,4
RIVR,SMDDL,chemical,2,7
RIVR,SMDDL,chemical,3,6
RIVR,SMDDL,chemical,4,5
RIVR,SMDVL,chemical,1,2
RIVR,SMDVR,chemical,1,2
RIVR,SMDVR,chemical,1,4
RIVR,SMDVR,chemical,1,6
RIVR,SMDVR,chemical,1,8
RIVR,SMDVR,chemical,2,3
RIVR,SMDVR,chemical,2,7
RMDDL,BWM-DL01,chemical,1,4
RMDDL,BWM-DL01,chemical,1,6
RMDDL,BWM-DL01,chemical,1,8
RMDDL,BWM-DL03,chemical,1,4
RMDDL,BWM-DL03,chemical,1,6
RMDDL,BWM-DL03,chemical,1,7
RMDDL,BWM-DL03,chemical,3,8
RMDDL,BWM-DL05,chemical,1,6
RMDDL,BWM-DL05,chemical,1,7
RMDDL,BWM-DL05,chemical,1,8
RMDDL,BWM-DL07,chemical,1,7
RMDDL,BWM-DR01,chemical,1,1
RMDDL,BWM-DR01,chemical,1,4
RMDDL,BWM-DR01,chemical,2,3
RMDDL,BWM-DR01,chemical,3,2
RMDDL,BWM-DR01,chemical,3,6
RMDDL,BWM-DR01,chemical,5,5
RMDDL,BWM-DR01,chemical,5,7
RMDDL,BWM-DR01,chemical,7,8
RMDDL,BWM-DR02,chemical,2,4
RMDDL,BWM-DR02,chemical,3,1
RMDDL,BWM-DR02,chemical,3,2
RMDDL,BWM-DR02,chemical,3,5
RMDDL,BWM-DR02,chemical,4,3
RMDDL,BWM-DR02,chemical,4,6
RMDDL,BWM-DR02,chemical,5,8
RMDDL,BWM-DR02,chemical,7,7
RMDDL,BWM-DR03,chemical,1,1
RMDDL,BWM-DR03,chemical,1,4
RMDDL,BWM-DR03,chemical,2,3
RMDDL,BWM-DR03,chemical,2,7
RMDDL,BWM-DR03,chemical,3,2
RMDDL,BWM-DR03,chemical,3,5
RMDDL,BWM-DR03,chemical,5,6
RMDDL,BWM-DR03,chemical,8,8
RMDDL,BWM-DR04,chemical,2,2
RMDDL,BWM-DR04,chemical,2,4
RMDDL,BWM-DR04,chemical,3,3
RMDDL,BWM-DR04,chemical,4,5
RMDDL,BWM-DR04,chemical,4,6
RMDDL,BWM-DR04,chemical,8,8
RMDDL,BWM-DR04,chemical,9,7
RMDDL,BWM-DR05,chemical,1,6
RMDDL,BWM-DR05,chemical,2,5
RMDDL,BWM-DR05,chemical,3,7
RMDDL,BWM-DR05,chemical,7,8
RMDDL,BWM-DR06,chemical,1,7
RMDDL,BWM-DR07,chemical,3,7
RMDDL,BWM-DR07,chemical,3,8
RMDDL,IL1DR,chemical,1,7
RMDDL,IL1R,chemical,1,5
RMDDL,IL1R,chemical,2,7
RMDDL,RMDDL,chemical,1,7
RMDDL,RMDDR,chemical,1,5
RMDDL,RMDVR,chemical,3,4
RMDDL,RMDVR,chemical,4,1
RMDDL,RMDVR,chemical,6,2
RMDDL,RMDVR,chemical,6,3
RMDDL,RMDVR,chemical,6,6
RMDDL,RMDVR,chemical,8,7
RMDDL,RMDVR,chemical,9,5
RMDDL,RMDVR,chemical,11,8
RMDDL,RMEV,chemical,1,7
RMDDL,RMEV,chemical,3,8
RMDDL,SMBDL,chemical,1,6
RMDDL,SMBDL,chemical,1,7
RMDDL,URADR,chemical,1,8
RMDDL,URYDR,chemical,1,6
RMDDL,URYDR,chemical,1,8
RMDDR,BWM-DL01,chemical,1,1
RMDDR,BWM-DL01,chemical,2,2
RMDDR,BWM-DL01,chemical,2,3
RMDDR,BWM-DL01,chemical,4,4
RMDDR,BWM-DL01,chemical,4,5
RMDDR,BWM-DL01,chemical,5,6
RMDDR,BWM-DL01,chemical,5,7
RMDDR,BWM-DL01,chemical,5,8
RMDDR,BWM-DL02,chemical,2,1
RMDDR,BWM-DL02,chemical,3,2
RMDDR,BWM-DL02,chemical,3,3
RMDDR,BWM-DL02,chemical,4,4
RMDDR,BWM-DL02,chemical,5,5
RMDDR,BWM-DL02,chemical,7,6
RMDDR,BWM-DL02,chemical,10,7
RMDDR,BWM-DL02,chemical,10,8
RMDDR,BWM-DL03,chemical,1,1
RMDDR,BWM-DL03,chemical,2,2
RMDDR,BWM-DL03,chemical,2,3
RMDDR,BWM-DL03,chemical,3,6
RMDDR,BWM-DL03,chemical,3,7
RMDDR,BWM-DL03,chemical,4,4
RMDDR,BWM-DL03,chemical,5,5
RMDDR,BWM-DL03,chemical,5,8
RMDDR,BWM-DL04,chemical,1,2
RMDDR,BWM-DL04,chemical,2,3
RMDDR,BWM-DL04,chemical,4,4
RMDDR,BWM-DL04,chemical,5,5
RMDDR,BWM-DL04,chemical,6,6
RMDDR,BWM-DL04,chemical,6,8
RMDDR,BWM-DL04,chemical,10,7
RMDDR,BWM-DL05,chemical,1,3
RMDDR,BWM-DL05,chemical,1,5
RMDDR,BWM-DL05,chemical,3,6
RMDDR,BWM-DL05,chemical,3,7
RMDDR,BWM-DL05,chemical,3,8
RMDDR,BWM-DL07,chemical,1,6
RMDDR,BWM-DL07,chemical,1,8
RMDDR,BWM-DL07,chemical,2,7
RMDDR,BWM-DR01,chemical,1,6
RMDDR,BWM-DR03,chemical,1,5
RMDDR,BWM-DR03,chemical,1,8
RMDDR,BWM-DR05,chemical,1,5
RMDDR,BWM-DR05,chemical,3,8
RMDDR,BWM-VL04,chemical,1,7
RMDDR,IL1DL,chemical,2,7
RMDDR,RMDDL,chemical,1,5
RMDDR,RMDDL,chemical,1,6
RMDDR,RMDDL,chemical,1,8
RMDDR,RMDDR,chemical,2,7
RMDDR,RMDL,chemical,1,7
RMDDR,RMDVL,chemical,4,1
RMDDR,RMDVL,chemical,5,2
RMDDR,RMDVL,chemical,5,4
RMDDR,RMDVL,chemical,6,3
RMDDR,RMDVL,chemical,9,5
RMDDR,RMDVL,chemical,10,6
RMDDR,RMDVL,chemical,12,8
RMDDR,RMDVL,chemical,14,7
RMDDR,RMED,chemical,2,8
RMDDR,RMER,chemical,1,5
RMDDR,RMEV,chemical,1,8
RMDDR,SMBDR,chemical,1,6
RMDDR,SMBDR,chemical,1,7
RMDDR,SMBDR,chemical,1,8
RMDDR,URADL,chemical,1,6
RMDDR,URYDL,chemical,1,8
RMDL,ADER,chemical,1,8
RMDL,AVEL,chemical,1,3
RMDL,AVEL,chemical,1,4
RMDL,AVEL,chemical,1,8
RMDL,BWM-DR02,chemical,1,6
RMDL,BWM-DR02,chemical,1,7
RMDL,BWM-DR02,chemical,1,8
RMDL,BWM-DR02,chemical,2,2
RMDL,BWM-DR04,chemical,1,2
RMDL,BWM-DR04,chemical,1,3
RMDL,BWM-DR04,chemical,1,5
RMDL,BWM-DR04,chemical,4,6
RMDL,BWM-DR04,chemical,4,7
RMDL,BWM-DR04,chemical,6,8
RMDL,BWM-DR06,chemical,1,4
RMDL,BWM-DR06,chemical,1,8
RMDL,BWM-DR06,chemical,3,7
RMDL,BWM-DR08,chemical,1,8
RMDL,BWM-DR08,chemical,3,7
RMDL,BWM-VR02,chemical,1,1
RMDL,BWM-VR02,chemical,1,2
RMDL,BWM-VR02,chemical,1,4
RMDL,BWM-VR02,chemical,1,5
RMDL,BWM-VR02,chemical,1,6
RMDL,BWM-VR02,chemical,2,3
RMDL,BWM-VR02,chemical,2,7
RMDL,BWM-VR02,chemical,2,8
RMDL,BWM-VR04,chemical,2,3
RMDL,BWM-VR04,chemical,2,5
RMDL,BWM-VR04,chemical,3,6
RMDL,BWM-VR04,chemical,6,7
RMDL,BWM-VR04,chemical,9,8
RMDL,BWM-VR06,chemical,1,8
RMDL,BWM-VR06,chemical,4,7
RMDL,IL1R,chemical,2,1
RMDL,IL1R,chemical,2,2
RMDL,IL1R,chemical,2,3
RMDL,IL1R,chemical,2,4
RMDL,IL1R,chemical,2,5
RMDL,IL1R,chemical,2,6
RMDL,IL1R,chemical,2,7
RMDL,IL1R,chemical,3,8
RMDL,IL2R,chemical,1,1
RMDL,IL2R,chemical,1,2
RMDL,IL2R,chemical,1,3
RMDL,IL2R,chemical,1,5
RMDL,IL2R,chemical,1,6
RMDL,IL2R,chemical,1,7
RMDL,OLLR,chemical,1,2
RMDL,OLLR,chemical,1,3
RMDL,OLLR,chemical,1,4
RMDL,RIAL,chemical,2,1
RMDL,RIAL,chemical,2,2
RMDL,RIAL,chemical,2,3
RMDL,RIAL,chemical,6,6
RMDL,RIAL,chemical,7,4
RMDL,RIAL,chemical,8,5
RMDL,RIAL,chemical,10,7
RMDL,RIAL,chemical,15,8
RMDL,RIAR,chemical,2,1
RMDL,RIAR,chemical,2,2
RMDL,RIAR,chemical,3,4
RMDL,RIAR,chemical,4,3
RMDL,RIAR,chemical,4,6
RMDL,RIAR,chemical,5,5
RMDL,RIAR,chemical,8,7
RMDL,RIAR,chemical,8,8
RMDL,RIML,chemical,1,7
RMDL,RIML,chemical,1,8
RMDL,RIVL,chemical,1,8
RMDL,RMDDL,chemical,1,1
RMDL,RMDDL,chemical,1,5
RMDL,RMDDL,chemical,1,6
RMDL,RMDDL,chemical,1,7
RMDL,RMDDL,chemical,2,2
RMDL,RMDDR,chemical,1,1
RMDL,RMDDR,chemical,1,2
RMDL,RMDDR,chemical,1,7
RMDL,RMDDR,chemical,2,3
RMDL,RMDDR,chemical,2,4
RMDL,RMDDR,chemical,2,6
RMDL,RMDDR,chemical,3,8
RMDL,RMDR,chemical,2,1
RMDL,RMDR,chemical,4,2
RMDL,RMDR,chemical,5,3
RMDL,RMDR,chemical,7,5
RMDL,RMDR,chemical,7,6
RMDL,RMDR,chemical,7,7
RMDL,RMDR,chemical,8,4
RMDL,RMDR,chemical,12,8
RMDL,RMDVL,chemical,1,1
RMDL,RMDVL,chemical,1,5
RMDL,RMDVL,chemical,1,8
RMDL,RMDVR,chemical,1,1
RMDL,RMDVR,chemical,1,2
RMDL,RMDVR,chemical,1,5
RMDL,RMDVR,chemical,1,6
RMDL,RMDVR,chemical,1,7
RMDL,RMDVR,chemical,2,4
RMDL,RMEL,chemical,1,6
RMDL,RMEL,chemical,2,8
RMDL,RMFL,chemical,5,8
RMDL,RMGR,chemical,1,2
RMDL,RMGR,chemical,1,5
RMDL,RMGR,chemical,1,7
RMDL,RMHL,chemical,1,6
RMDL,RMHL,chemical,1,7
RMDL,RMHL,chemical,1,8
RMDL,RMHL,chemical,2,5
RMDL,SIAVR,chemical,2,7
RMDL,SIBDR,chemical,1,8
RMDL,SMBVR,chemical,1,8
RMDL,SMDVL,chemical,2,8
RMDR,AVER,chemical,1,4
RMDR,BWM-DL02,chemical,1,2
RMDR,BWM-DL02,chemical,1,4
RMDR,BWM-DL02,chemical,1,5
RMDR,BWM-DL02,chemical,2,1
RMDR,BWM-DL02,chemical,2,3
RMDR,BWM-DL02,chemical,2,7
RMDR,BWM-DL02,chemical,2,8
RMDR,BWM-DL04,chemical,1,1
RMDR,BWM-DL04,chemical,1,4
RMDR,BWM-DL04,chemical,1,5
RMDR,BWM-DL04,chemical,2,2
RMDR,BWM-DL04,chemical,2,3
RMDR,BWM-DL04,chemical,3,6
RMDR,BWM-DL04,chemical,3,7
RMDR,BWM-DL04,chemical,6,8
RMDR,BWM-DL06,chemical,1,2
RMDR,BWM-DL06,chemical,1,4
RMDR,BWM-DL06,chemical,1,6
RMDR,BWM-DL06,chemical,2,7
RMDR,BWM-DL06,chemical,2,8
RMDR,BWM-DL08,chemical,1,7
RMDR,BWM-VL02,chemical,1,1
RMDR,BWM-VL02,chemical,1,2
RMDR,BWM-VL02,chemical,1,6
RMDR,BWM-VL02,chemical,2,3
RMDR,BWM-VL02,chemical,2,4
RMDR,BWM-VL02,chemical,2,7
RMDR,BWM-VL02,chemical,3,5
RMDR,BWM-VL02,chemical,5,8
RMDR,BWM-VL04,chemical,1,2
RMDR,BWM-VL04,chemical,1,3
RMDR,BWM-VL04,chemical,1,4
RMDR,BWM-VL04,chemical,3,5
RMDR,BWM-VL04,chemical,4,6
RMDR,BWM-VL04,chemical,5,8
RMDR,BWM-VL04,chemical,6,7
RMDR,BWM-VL06,chemical,1,8
RMDR,BWM-VL06,chemical,2,7
RMDR,CEPVL,chemical,1,3
RMDR,CEPVL,chemical,1,5
RMDR,CEPVL,chemical,1,7
RMDR,GLRL,chemical,1,7
RMDR,IL1L,chemical,1,5
RMDR,IL1L,chemical,1,8
RMDR,IL1L,chemical,2,1
RMDR,IL1L,chemical,2,3
RMDR,IL1L,chemical,2,7
RMDR,IL1L,chemical,3,2
RMDR,IL1L,chemical,3,4
RMDR,IL1L,chemical,3,6
RMDR,IL2L,chemical,1,1
RMDR,IL2L,chemical,1,2
RMDR,IL2L,chemical,1,3
RMDR,IL2L,chemical,1,5
RMDR,IL2L,chemical,1,6
RMDR,OLLL,chemical,1,1
RMDR,OLLL,chemical,1,3
RMDR,OLLL,chemical,1,6
RMDR,OLLL,chemical,1,7
RMDR,OLLL,chemical,3,4
RMDR,RIAL,chemical,2,1
RMDR,RIAL,chemical,3,2
RMDR,RIAL,chemical,3,3
RMDR,RIAL,chemical,3,4
RMDR,RIAL,chemical,5,5
RMDR,RIAL,chemical,5,7
RMDR,RIAL,chemical,6,6
RMDR,RIAL,chemical,7,8
RMDR,RIAR,chemical,1,1
RMDR,RIAR,chemical,2,2
RMDR,RIAR,chemical,3,3
RMDR,RIAR,chemical,6,4
RMDR,RIAR,chemical,8,5
RMDR,RIAR,chemical,9,6
RMDR,RIAR,chemical,13,7
RMDR,RIAR,chemical,14,8
RMDR,RIMR,chemical,1,7
RMDR,RMDDL,chemical,1,2
RMDR,RMDDL,chemical,1,7
RMDR,RMDDL,chemical,2,3
RMDR,RMDDL,chemical,2,8
RMDR,RMDDL,chemical,3,4
RMDR,RMDDL,chemical,3,6
RMDR,RMDDR,chemical,1,3
RMDR,RMDDR,chemical,1,7
RMDR,RMDDR,chemical,1,8
RMDR,RMDDR,chemical,2,5
RMDR,RMDL,chemical,2,1
RMDR,RMDL,chemical,3,2
RMDR,RMDL,chemical,5,7
RMDR,RMDL,chemical,6,4
RMDR,RMDL,chemical,7,3
RMDR,RMDL,chemical,7,8
RMDR,RMDL,chemical,8,6
RMDR,RMDL,chemical,9,5
RMDR,RMDVL,chemical,1,2
RMDR,RMDVL,chemical,1,3
RMDR,RMDVL,chemical,1,4
RMDR,RMDVL,chemical,1,6
RMDR,RMDVL,chemical,1,8
RMDR,RMDVL,chemical,2,1
RMDR,RMDVL,chemical,2,5
RMDR,RMDVL,chemical,3,7
RMDR,RMDVR,chemical,1,6
RMDR,RMDVR,chemical,1,8
RMDR,RMDVR,chemical,2,4
RMDR,RMER,chemical,1,5
RMDR,RMER,chemical,2,7
RMDR,RMER,chemical,2,8
RMDR,RMGL,chemical,1,2
RMDR,RMGL,chemical,1,6
RMDR,RMGL,chemical,2,3
RMDR,RMHR,chemical,1,6
RMDR,RMHR,chemical,3,7
RMDR,RMHR,chemical,3,8
RMDR,SIAVL,chemical,2,5
RMDR,SIBDL,chemical,1,5
RMDR,SMDDR,chemical,1,8
RMDR,SMDVR,chemical,1,5
RMDVL,BWM-DR02,chemical,1,8
RMDVL,BWM-VL01,chemical,1,5
RMDVL,BWM-VL01,chemical,1,8
RMDVL,BWM-VL03,chemical,2,6
RMDVL,BWM-VL03,chemical,2,8
RMDVL,BWM-VL03,chemical,4,7
RMDVL,BWM-VL05,chemical,1,6
RMDVL,BWM-VL05,chemical,1,8
RMDVL,BWM-VL05,chemical,3,7
RMDVL,BWM-VL07,chemical,1,7
RMDVL,BWM-VR01,chemical,1,1
RMDVL,BWM-VR01,chemical,2,2
RMDVL,BWM-VR01,chemical,2,4
RMDVL,BWM-VR01,chemical,3,3
RMDVL,BWM-VR01,chemical,3,8
RMDVL,BWM-VR01,chemical,4,5
RMDVL,BWM-VR01,chemical,6,6
RMDVL,BWM-VR01,chemical,8,7
RMDVL,BWM-VR02,chemical,2,1
RMDVL,BWM-VR02,chemical,3,2
RMDVL,BWM-VR02,chemical,3,4
RMDVL,BWM-VR02,chemical,5,3
RMDVL,BWM-VR02,chemical,5,6
RMDVL,BWM-VR02,chemical,5,7
RMDVL,BWM-VR02,chemical,6,8
RMDVL,BWM-VR02,chemical,7,5
RMDVL,BWM-VR03,chemical,1,4
RMDVL,BWM-VR03,chemical,2,2
RMDVL,BWM-VR03,chemical,3,3
RMDVL,BWM-VR03,chemical,5,5
RMDVL,BWM-VR03,chemical,7,6
RMDVL,BWM-VR03,chemical,8,8
RMDVL,BWM-VR03,chemical,16,7
RMDVL,BWM-VR04,chemical,1,4
RMDVL,BWM-VR04,chemical,2,1
RMDVL,BWM-VR04,chemical,2,2
RMDVL,BWM-VR04,chemical,2,3
RMDVL,BWM-VR04,chemical,4,6
RMDVL,BWM-VR04,chemical,7,5
RMDVL,BWM-VR04,chemical,10,7
RMDVL,BWM-VR04,chemical,10,8
RMDVL,BWM-VR05,chemical,1,3
RMDVL,BWM-VR05,chemical,3,6
RMDVL,BWM-VR05,chemical,7,7
RMDVL,BWM-VR05,chemical,8,8
RMDVL,BWM-VR06,chemical,2,7
RMDVL,BWM-VR06,chemical,3,8
RMDVL,BWM-VR07,chemical,3,7
RMDVL,BWM-VR07,chemical,4,8
RMDVL,GLRVL,chemical,1,3
RMDVL,GLRVR,chemical,1,7
RMDVL,IL1VR,chemical,1,8
RMDVL,RMDDR,chemical,4,1
RMDVL,RMDDR,chemical,5,2
RMDVL,RMDDR,chemical,5,4
RMDVL,RMDDR,chemical,6,3
RMDVL,RMDDR,chemical,9,6
RMDVL,RMDDR,chemical,10,5
RMDVL,RMDDR,chemical,11,8
RMDVL,RMDDR,chemical,16,7
RMDVL,RMDVR,chemical,1,6
RMDVL,RMDVR,chemical,1,7
RMDVL,RMDVR,chemical,2,5
RMDVL,RMED,chemical,1,6
RMDVL,RMED,chemical,1,8
RMDVL,RMED,chemical,2,7
RMDVL,SIBDR,chemical,1,8
RMDVL,SMBVR,chemical,1,8
RMDVL,SMBVR,chemical,2,7
RMDVR,BWM-VL01,chemical,1,1
RMDVR,BWM-VL01,chemical,2,2
RMDVR,BWM-VL01,chemical,2,3
RMDVR,BWM-VL01,chemical,3,4
RMDVR,BWM-VL01,chemical,5,5
RMDVR,BWM-VL01,chemical,6,6
RMDVR,BWM-VL01,chemical,7,7
RMDVR,BWM-VL01,chemical,8,8
RMDVR,BWM-VL02,chemical,2,3
RMDVR,BWM-VL02,chemical,3,1
RMDVR,BWM-VL02,chemical,4,4
RMDVR,BWM-VL02,chemical,4,8
RMDVR,BWM-VL02,chemical,5,2
RMDVR,BWM-VL02,chemical,6,5
RMDVR,BWM-VL02,chemical,6,6
RMDVR,BWM-VL02,chemical,8,7
RMDVR,BWM-VL03,chemical,1,1
RMDVR,BWM-VL03,chemical,1,2
RMDVR,BWM-VL03,chemical,2,3
RMDVR,BWM-VL03,chemical,2,4
RMDVR,BWM-VL03,chemical,4,5
RMDVR,BWM-VL03,chemical,6,6
RMDVR,BWM-VL03,chemical,7,7
RMDVR,BWM-VL03,chemical,9,8
RMDVR,BWM-VL04,chemical,1,1
RMDVR,BWM-VL04,chemical,1,3
RMDVR,BWM-VL04,chemical,1,4
RMDVR,BWM-VL04,chemical,3,2
RMDVR,BWM-VL04,chemical,5,6
RMDVR,BWM-VL04,chemical,7,7
RMDVR,BWM-VL04,chemical,9,8
RMDVR,BWM-VL04,chemical,10,5
RMDVR,BWM-VL05,chemical,2,6
RMDVR,BWM-VL05,chemical,6,7
RMDVR,BWM-VL05,chemical,7,8
RMDVR,BWM-VL06,chemical,1,5
RMDVR,BWM-VL06,chemical,1,6
RMDVR,BWM-VL06,chemical,2,7
RMDVR,BWM-VL06,chemical,3,8
RMDVR,BWM-VL07,chemical,1,6
RMDVR,BWM-VL07,chemical,2,7
RMDVR,BWM-VL07,chemical,2,8
RMDVR,BWM-VR01,chemical,1,5
RMDVR,BWM-VR01,chemical,1,6
RMDVR,BWM-VR03,chemical,1,6
RMDVR,BWM-VR03,chemical,2,8
RMDVR,BWM-VR03,chemical,3,5
RMDVR,BWM-VR03,chemical,4,7
RMDVR,BWM-VR05,chemical,2,5
RMDVR,BWM-VR05,chemical,3,8
RMDVR,BWM-VR05,chemical,4,6
RMDVR,GLRVL,chemical,1,3
RMDVR,GLRVL,chemical,1,6
RMDVR,RMDDL,chemical,3,1
RMDVR,RMDDL,chemical,5,3
RMDVR,RMDDL,chemical,6,2
RMDVR,RMDDL,chemical,6,4
RMDVR,RMDDL,chemical,10,5
RMDVR,RMDDL,chemical,10,8
RMDVR,RMDDL,chemical,11,6
RMDVR,RMDDL,chemical,14,7
RMDVR,RMDVL,chemical,1,5
RMDVR,RMDVL,chemical,3,6
RMDVR,RMDVL,chemical,4,8
RMDVR,RMED,chemical,1,6
RMDVR,RMED,chemical,3,8
RMDVR,RMED,chemical,4,7
RMDVR,SMBVL,chemical,1,5
RMDVR,SMBVL,chemical,2,7
RMDVR,SMBVL,chemical,2,8
RMED,BWM-VL01,chemical,3,3
RMED,BWM-VL01,chemical,4,1
RMED,BWM-VL01,chemical,4,4
RMED,BWM-VL01,chemical,6,2
RMED,BWM-VL01,chemical,7,5
RMED,BWM-VL01,chemical,9,7
RMED,BWM-VL01,chemical,10,6
RMED,BWM-VL01,chemical,11,8
RMED,BWM-VL03,chemical,1,2
RMED,BWM-VL03,chemical,1,3
RMED,BWM-VL03,chemical,2,5
RMED,BWM-VL03,chemical,3,4
RMED,BWM-VL03,chemical,6,8
RMED,BWM-VL03,chemical,7,6
RMED,BWM-VL03,chemical,10,7
RMED,BWM-VL05,chemical,2,7
RMED,BWM-VL05,chemical,2,8
RMED,BWM-VR01,chemical,3,1
RMED,BWM-VR01,chemical,3,3
RMED,BWM-VR01,chemical,4,2
RMED,BWM-VR01,chemical,6,4
RMED,BWM-VR01,chemical,6,6
RMED,BWM-VR01,chemical,7,5
RMED,BWM-VR01,chemical,10,7
RMED,BWM-VR01,chemical,11,8
RMED,BWM-VR03,chemical,1,2
RMED,BWM-VR03,chemical,2,1
RMED,BWM-VR03,chemical,2,5
RMED,BWM-VR03,chemical,4,4
RMED,BWM-VR03,chemical,5,7
RMED,BWM-VR03,chemical,8,6
RMED,BWM-VR03,chemical,8,8
RMED,BWM-VR05,chemical,2,6
RMED,BWM-VR05,chemical,2,7
RMED,BWM-VR05,chemical,3,8
RMED,RMDVL,chemical,1,4
RMED,RMDVL,chemical,1,5
RMED,RMDVL,chemical,1,8
RMED,RMDVL,chemical,2,6
RMED,RMDVL,chemical,4,2
RMED,RMDVL,chemical,4,3
RMED,RMDVL,chemical,6,1
RMED,RMDVR,chemical,1,7
RMED,RMDVR,chemical,2,1
RMED,RMDVR,chemical,3,4
RMED,RMDVR,chemical,3,5
RMED,RMDVR,chemical,3,6
RMED,RMDVR,chemical,4,2
RMED,RMDVR,chemical,4,3
RMED,RMED,chemical,1,7
RMED,RMER,chemical,1,3
RMED,RMER,chemical,1,4
RMED,RMEV,chemical,2,2
RMED,RMEV,chemical,2,3
RMED,SMDDL,chemical,1,1
RMED,SMDDL,chemical,1,2
RMED,SMDDL,chemical,1,8
RMED,SMDDL,chemical,2,3
RMED,SMDDL,chemical,2,4
RMED,SMDDL,chemical,2,5
RMED,SMDDL,chemical,2,6
RMED,SMDDL,chemical,2,7
RMED,SMDDR,chemical,1,1
RMED,SMDDR,chemical,1,2
RMED,SMDDR,chemical,1,3
RMED,SMDDR,chemical,2,4
RMED,SMDDR,chemical,2,5
RMED,SMDDR,chemical,2,7
RMED,SMDDR,chemical,2,8
RMED,SMDDR,chemical,3,6
RMEL,BWM-DR02,chemical,2,1
RMEL,BWM-DR02,chemical,2,2
RMEL,BWM-DR02,chemical,5,3
RMEL,BWM-DR02,chemical,5,4
RMEL,BWM-DR02,chemical,6,8
RMEL,BWM-DR02,chemical,9,5
RMEL,BWM-DR02,chemical,12,6
RMEL,BWM-DR02,chemical,15,7
RMEL,BWM-DR04,chemical,1,6
RMEL,BWM-DR04,chemical,4,8
RMEL,BWM-DR04,chemical,11,7
RMEL,BWM-VR02,chemical,3,1
RMEL,BWM-VR02,chemical,4,2
RMEL,BWM-VR02,chemical,4,4
RMEL,BWM-VR02,chemical,5,3
RMEL,BWM-VR02,chemical,8,5
RMEL,BWM-VR02,chemical,10,6
RMEL,BWM-VR02,chemical,11,7
RMEL,BWM-VR02,chemical,19,8
RMEL,BWM-VR04,chemical,1,6
RMEL,BWM-VR04,chemical,7,7
RMEL,BWM-VR04,chemical,8,8
RMEL,GLRR,chemical,1,7
RMEL,GLRVR,chemical,1,5
RMEL,IL1R,chemical,1,5
RMEL,IL1R,chemical,1,8
RMEL,RMEL,chemical,1,7
RMEL,URAVR,chemical,1,1
RMER,BWM-DL02,chemical,2,1
RMER,BWM-DL02,chemical,2,2
RMER,BWM-DL02,chemical,7,3
RMER,BWM-DL02,chemical,9,4
RMER,BWM-DL02,chemical,10,6
RMER,BWM-DL02,chemical,12,7
RMER,BWM-DL02,chemical,14,5
RMER,BWM-DL02,chemical,16,8
RMER,BWM-DL04,chemical,2,6
RMER,BWM-DL04,chemical,3,8
RMER,BWM-DL04,chemical,15,7
RMER,BWM-VL02,chemical,3,1
RMER,BWM-VL02,chemical,5,2
RMER,BWM-VL02,chemical,7,3
RMER,BWM-VL02,chemical,7,4
RMER,BWM-VL02,chemical,11,5
RMER,BWM-VL02,chemical,11,6
RMER,BWM-VL02,chemical,12,7
RMER,BWM-VL02,chemical,12,8
RMER,BWM-VL04,chemical,1,8
RMER,BWM-VL04,chemical,2,5
RMER,BWM-VL04,chemical,2,6
RMER,BWM-VL04,chemical,13,7
RMER,GLRL,chemical,1,2
RMER,GLRL,chemical,1,6
RMER,GLRL,chemical,1,7
RMER,GLRVL,chemical,1,3
RMER,IL1L,chemical,1,3
RMER,IL1L,chemical,1,5
RMER,IL1L,chemical,1,7
RMER,RMDDR,chemical,1,7
RMER,RMER,chemical,1,7
RMER,URADL,chemical,1,5
RMER,URAVL,chemical,1,2
RMEV,BWM-DL01,chemical,3,3
RMEV,BWM-DL01,chemical,4,1
RMEV,BWM-DL01,chemical,4,2
RMEV,BWM-DL01,chemical,5,4
RMEV,BWM-DL01,chemical,6,5
RMEV,BWM-DL01,chemical,6,6
RMEV,BWM-DL01,chemical,6,7
RMEV,BWM-DL01,chemical,8,8
RMEV,BWM-DL03,chemical,1,2
RMEV,BWM-DL03,chemical,1,4
RMEV,BWM-DL03,chemical,3,3
RMEV,BWM-DL03,chemical,4,5
RMEV,BWM-DL03,chemical,4,6
RMEV,BWM-DL03,chemical,6,7
RMEV,BWM-DL03,chemical,9,8
RMEV,BWM-DL05,chemical,2,7
RMEV,BWM-DR01,chemical,1,1
RMEV,BWM-DR01,chemical,3,2
RMEV,BWM-DR01,chemical,5,5
RMEV,BWM-DR01,chemical,5,6
RMEV,BWM-DR01,chemical,6,3
RMEV,BWM-DR01,chemical,7,4
RMEV,BWM-DR01,chemical,7,7
RMEV,BWM-DR01,chemical,8,8
RMEV,BWM-DR02,chemical,1,6
RMEV,BWM-DR02,chemical,1,8
RMEV,BWM-DR03,chemical,2,2
RMEV,BWM-DR03,chemical,2,3
RMEV,BWM-DR03,chemical,4,5
RMEV,BWM-DR03,chemical,5,4
RMEV,BWM-DR03,chemical,5,6
RMEV,BWM-DR03,chemical,5,7
RMEV,BWM-DR03,chemical,7,8
RMEV,BWM-DR05,chemical,2,7
RMEV,BWM-DR05,chemical,4,8
RMEV,CEPDL,chemical,1,3
RMEV,RMDDL,chemical,1,2
RMEV,RMDDL,chemical,1,6
RMEV,RMDDL,chemical,2,3
RMEV,RMDDL,chemical,2,4
RMEV,RMDDL,chemical,4,1
RMEV,RMDDL,chemical,5,5
RMEV,RMDDR,chemical,1,1
RMEV,RMDDR,chemical,1,3
RMEV,RMDDR,chemical,1,4
RMEV,RMDDR,chemical,1,8
RMEV,RMDDR,chemical,2,5
RMEV,RMDDR,chemical,3,2
RMEV,RMED,chemical,1,1
RMEV,RMED,chemical,1,3
RMEV,RMED,chemical,1,4
RMEV,RMED,chemical,1,6
RMEV,RMER,chemical,1,5
RMEV,SMDDR,chemical,1,5
RMEV,SMDVL,chemical,1,2
RMEV,SMDVL,chemical,2,3
RMEV,SMDVL,chemical,2,4
RMEV,SMDVL,chemical,2,6
RMEV,SMDVL,chemical,2,8
RMEV,SMDVR,chemical,1,1
RMEV,SMDVR,chemical,1,2
RMEV,SMDVR,chemical,1,3
RMEV,SMDVR,chemical,1,4
RMEV,SMDVR,chemical,1,5
RMEV,SMDVR,chemical,1,8
RMEV,SMDVR,chemical,2,6
RMFL,AVKL,chemical,3,7
RMFL,AVKL,chemical,5,6
RMFL,AVKL,chemical,7,8
RMFL,AVKR,chemical,5,6
RMFL,AVKR,chemical,7,7
RMFL,AVKR,chemical,10,8
RMFL,AWCL,chemical,1,8
RMFL,BAGL,chemical,2,8
RMFL,BWM-DR02,chemical,6,8
RMFL,BWM-DR04,chemical,1,7
RMFL,BWM-DR04,chemical,5,8
RMFL,BWM-DR06,chemical,1,7
RMFL,BWM-VR02,chemical,2,7
RMFL,BWM-VR02,chemical,5,8
RMFL,BWM-VR04,chemical,3,7
RMFL,BWM-VR04,chemical,3,8
RMFL,CEPVR,chemical,1,8
RMFL,CEPshVR,chemical,1,8
RMFL,DVC,chemical,1,6
RMFL,PVT,chemical,1,7
RMFL,PVT,chemical,1,8
RMFL,RIML,chemical,1,8
RMFL,RMDDR,chemical,1,7
RMFL,RMDL,chemical,4,8
RMFL,RMDL,chemical,5,7
RMFL,RMDL,chemical,6,6
RMFL,RMDR,chemical,7,7
RMFL,RMDR,chemical,9,8
RMFL,RMDVL,chemical,1,8
RMFL,RMEL,chemical,1,8
RMFL,RMHL,chemical,1,7
RMFL,RMHL,chemical,5,8
RMFR,AIBR,chemical,1,8
RMFR,AIBR,chemical,4,7
RMFR,AVEL,chemical,1,8
RMFR,AVKL,chemical,2,6
RMFR,AVKL,chemical,5,7
RMFR,AVKL,chemical,9,8
RMFR,AVKR,chemical,4,6
RMFR,AVKR,chemical,4,7
RMFR,AVKR,chemical,4,8
RMFR,BAGR,chemical,1,8
RMFR,BAGR,chemical,2,7
RMFR,BWM-DL02,chemical,6,7
RMFR,BWM-DL02,chemical,12,8
RMFR,BWM-DL04,chemical,1,7
RMFR,BWM-DL04,chemical,4,8
RMFR,BWM-DL06,chemical,1,7
RMFR,BWM-VL02,chemical,6,8
RMFR,BWM-VL04,chemical,5,8
RMFR,CEPDL,chemical,1,8
RMFR,CEPDL,chemical,2,7
RMFR,DVC,chemical,1,8
RMFR,IL1L,chemical,1,7
RMFR,IL1L,chemical,1,8
RMFR,PVT,chemical,1,6
RMFR,PVT,chemical,1,7
RMFR,RIBL,chemical,1,7
RMFR,RIGL,chemical,3,8
RMFR,RIML,chemical,2,7
RMFR,RIS,chemical,2,8
RMFR,RIVR,chemical,1,8
RMFR,RMDL,chemical,1,7
RMFR,RMDL,chemical,9,8
RMFR,RMDR,chemical,2,8
RMFR,RMDR,chemical,3,7
RMFR,RMDR,chemical,5,6
RMFR,RMDVL,chemical,1,8
RMFR,RMFL,chemical,3,7
RMFR,RMGL,chemical,1,7
RMFR,RMGL,chemical,1,8
RMFR,RMHR,chemical,4,7
RMFR,RMHR,chemical,6,8
RMFR,SAADL,chemical,1,7
RMGL,ADAL,chemical,1,5
RMGL,ADAL,chemical,1,7
RMGL,AIBR,chemical,1,7
RMGL,AIML,chemical,1,7
RMGL,AIML,chemical,1,8
RMGL,ALML,chemical,1,8
RMGL,ASHL,chemical,1,5
RMGL,ASHL,chemical,2,6
RMGL,AVAL,chemical,1,7
RMGL,AVAL,chemical,1,8
RMGL,AVBL,chemical,1,5
RMGL,AVBL,chemical,1,7
RMGL,AVBL,chemical,2,6
RMGL,AVBL,chemical,2,8
RMGL,AVBR,chemical,1,5
RMGL,AVBR,chemical,1,7
RMGL,AVEL,chemical,1,6
RMGL,AVEL,chemical,2,7
RMGL,AVEL,chemical,2,8
RMGL,AVER,chemical,1,4
RMGL,AVJR,chemical,1,8
RMGL,AVKR,chemical,2,5
RMGL,BWM-DL04,chemical,1,4
RMGL,BWM-DL04,chemical,3,8
RMGL,BWM-DL06,chemical,1,3
RMGL,BWM-DL06,chemical,1,4
RMGL,BWM-DL06,chemical,1,5
RMGL,BWM-DL06,chemical,3,6
RMGL,BWM-DL06,chemical,3,8
RMGL,BWM-DL06,chemical,5,7
RMGL,BWM-DL08,chemical,1,5
RMGL,BWM-DL08,chemical,3,6
RMGL,BWM-DL08,chemical,3,8
RMGL,BWM-DL08,chemical,5,7
RMGL,BWM-VL04,chemical,1,4
RMGL,BWM-VL04,chemical,1,5
RMGL,BWM-VL04,chemical,2,7
RMGL,BWM-VL04,chemical,3,6
RMGL,BWM-VL06,chemical,1,4
RMGL,BWM-VL06,chemical,1,5
RMGL,BWM-VL06,chemical,2,7
RMGL,BWM-VL06,chemical,3,8
RMGL,BWM-VL06,chemical,5,6
RMGL,BWM-VL08,chemical,3,8
RMGL,BWM-VL08,chemical,4,7
RMGL,BWM-VL08,chemical,5,6
RMGL,HSNL,chemical,1,7
RMGL,IL1L,chemical,2,7
RMGL,IL2L,chemical,1,8
RMGL,PVPL,chemical,1,7
RMGL,RIAL,chemical,1,1
RMGL,RIAR,chemical,1,3
RMGL,RIAR,chemical,1,7
RMGL,RID,chemical,2,8
RMGL,RIGL,chemical,2,5
RMGL,RMDDL,chemical,1,2
RMGL,RMDDL,chemical,2,7
RMGL,RMDDR,chemical,2,7
RMGL,RMDL,chemical,2,2
RMGL,RMDL,chemical,2,3
RMGL,RMDL,chemical,3,4
RMGL,RMDL,chemical,3,6
RMGL,RMDL,chemical,3,7
RMGL,RMDL,chemical,4,5
RMGL,RMDL,chemical,4,8
RMGL,RMDR,chemical,3,1
RMGL,RMDR,chemical,3,3
RMGL,RMDR,chemical,3,5
RMGL,RMDR,chemical,4,2
RMGL,RMDR,chemical,4,4
RMGL,RMDR,chemical,5,6
RMGL,RMDR,chemical,5,8
RMGL,RMDR,chemical,6,7
RMGL,RMDVL,chemical,1,2
RMGL,RMDVL,chemical,1,5
RMGL,RMDVL,chemical,2,1
RMGL,RMDVL,chemical,2,3
RMGL,RMDVL,chemical,2,4
RMGL,RMDVL,chemical,2,8
RMGL,RMDVL,chemical,3,6
RMGL,RMDVL,chemical,5,7
RMGL,RMDVR,chemical,1,3
RMGL,RMDVR,chemical,1,8
RMGL,RMGL,chemical,1,7
RMGL,RMHR,chemical,1,6
RMGL,RMHR,chemical,1,7
RMGL,RMHR,chemical,2,4
RMGL,SAADL,chemical,1,5
RMGL,SAADR,chemical,1,5
RMGL,SAADR,chemical,1,8
RMGL,SAAVL,chemical,1,8
RMGL,SAAVR,chemical,1,8
RMGL,SDQL,chemical,2,7
RMGL,SIADR,chemical,1,7
RMGL,SIAVL,chemical,1,5
RMGL,SIAVL,chemical,2,7
RMGL,SIBDL,chemical,2,8
RMGL,SIBDL,chemical,3,7
RMGL,SIBDR,chemical,1,8
RMGL,SIBVL,chemical,1,2
RMGL,SIBVL,chemical,1,6
RMGL,SIBVL,chemical,2,8
RMGL,SIBVL,chemical,3,4
RMGL,SMBDL,chemical,2,7
RMGL,SMBVL,chemical,1,5
RMGL,SMBVL,chemical,1,8
RMGL,URXL,chemical,1,8
RMGL,URXL,chemical,2,7
RMGR,AIMR,chemical,2,8
RMGR,ALMR,chemical,1,7
RMGR,ALNR,chemical,1,5
RMGR,ASHR,chemical,1,6
RMGR,ASHR,chemical,1,8
RMGR,ASHR,chemical,2,7
RMGR,AVBL,chemical,1,7
RMGR,AVBL,chemical,2,6
RMGR,AVBR,chemical,1,5
RMGR,AVBR,chemical,1,6
RMGR,AVBR,chemical,1,8
RMGR,AVBR,chemical,2,7
RMGR,AVER,chemical,1,6
RMGR,AVER,chemical,1,7
RMGR,AVER,chemical,2,8
RMGR,AVFL,chemical,1,8
RMGR,AVFR,chemical,1,8
RMGR,AVJL,chemical,1,5
RMGR,AVJL,chemical,2,6
RMGR,AVKR,chemical,1,3
RMGR,BWM-DR02,chemical,4,7
RMGR,BWM-DR04,chemical,2,7
RMGR,BWM-DR06,chemical,1,5
RMGR,BWM-DR06,chemical,1,6
RMGR,BWM-DR06,chemical,4,8
RMGR,BWM-DR06,chemical,8,7
RMGR,BWM-DR08,chemical,1,6
RMGR,BWM-DR08,chemical,1,8
RMGR,BWM-DR08,chemical,3,7
RMGR,BWM-VR04,chemical,1,5
RMGR,BWM-VR04,chemical,1,6
RMGR,BWM-VR04,chemical,1,8
RMGR,BWM-VR04,chemical,6,7
RMGR,BWM-VR06,chemical,1,3
RMGR,BWM-VR06,chemical,1,4
RMGR,BWM-VR06,chemical,2,5
RMGR,BWM-VR06,chemical,3,6
RMGR,BWM-VR06,chemical,3,8
RMGR,BWM-VR06,chemical,7,7
RMGR,BWM-VR08,chemical,1,6
RMGR,BWM-VR08,chemical,2,5
RMGR,BWM-VR08,chemical,2,7
RMGR,BWM-VR08,chemical,2,8
RMGR,CEPDR,chemical,1,7
RMGR,IL1R,chemical,1,1
RMGR,PLNR,chemical,1,7
RMGR,PVCL,chemical,2,6
RMGR,PVNR,chemical,1,7
RMGR,RIAL,chemical,1,7
RMGR,RIFR,chemical,1,7
RMGR,RMDDL,chemical,1,7
RMGR,RMDDR,chemical,1,1
RMGR,RMDL,chemical,2,1
RMGR,RMDL,chemical,2,3
RMGR,RMDL,chemical,3,4
RMGR,RMDL,chemical,3,6
RMGR,RMDL,chemical,4,2
RMGR,RMDL,chemical,5,7
RMGR,RMDL,chemical,5,8
RMGR,RMDL,chemical,6,5
RMGR,RMDR,chemical,1,3
RMGR,RMDR,chemical,1,6
RMGR,RMDR,chemical,2,2
RMGR,RMDR,chemical,2,4
RMGR,RMDR,chemical,2,7
RMGR,RMDR,chemical,4,5
RMGR,RMDR,chemical,4,8
RMGR,RMDVR,chemical,2,1
RMGR,RMDVR,chemical,2,2
RMGR,RMDVR,chemical,2,3
RMGR,RMDVR,chemical,2,8
RMGR,RMDVR,chemical,3,5
RMGR,RMDVR,chemical,3,6
RMGR,RMDVR,chemical,4,7
RMGR,RMHL,chemical,1,5
RMGR,RMHL,chemical,1,8
RMGR,RMHL,chemical,2,7
RMGR,RMHR,chemical,1,5
RMGR,RMHR,chemical,1,7
RMGR,SAADL,chemical,1,5
RMGR,SAADR,chemical,1,8
RMGR,SIADL,chemical,1,7
RMGR,SIADL,chemical,1,8
RMGR,SIBDL,chemical,1,8
RMGR,SIBDR,chemical,1,4
RMGR,SIBDR,chemical,1,7
RMGR,SIBDR,chemical,1,8
RMGR,SIBDR,chemical,2,5
RMGR,SIBVR,chemical,1,5
RMGR,SIBVR,chemical,1,6
RMGR,SIBVR,chemical,1,8
RMGR,SMBVR,chemical,1,7
RMGR,SMBVR,chemical,1,8
RMGR,SMBVR,chemical,2,6
RMGR,SMDDL,chemical,1,7
RMGR,URXR,chemical,1,8
RMHL,AVKL,chemical,1,4
RMHL,AVKL,chemical,1,7
RMHL,AVKL,chemical,2,8
RMHL,BWM-DR02,chemical,3,5
RMHL,BWM-DR02,chemical,3,7
RMHL,BWM-DR02,chemical,4,6
RMHL,BWM-DR02,chemical,4,8
RMHL,BWM-DR04,chemical,1,5
RMHL,BWM-DR04,chemical,2,6
RMHL,BWM-DR04,chemical,2,7
RMHL,BWM-VR02,chemical,2,8
RMHL,BWM-VR02,chemical,3,7
RMHL,BWM-VR02,chemical,4,6
RMHL,BWM-VR02,chemical,5,5
RMHL,BWM-VR04,chemical,1,7
RMHL,BWM-VR04,chemical,5,5
RMHL,BWM-VR04,chemical,5,6
RMHL,CEPDR,chemical,1,6
RMHL,RIGR,chemical,1,4
RMHL,RIGR,chemical,1,7
RMHL,RIGR,chemical,2,8
RMHL,RMDL,chemical,1,5
RMHL,RMDL,chemical,1,7
RMHL,RMDL,chemical,2,8
RMHL,RMDL,chemical,3,6
RMHL,RMDR,chemical,2,6
RMHL,RMDR,chemical,3,5
RMHL,RMDR,chemical,4,8
RMHL,RMDR,chemical,5,7
RMHL,RMFL,chemical,1,7
RMHL,RMFL,chemical,3,8
RMHL,RMGR,chemical,1,5
RMHL,RMGR,chemical,1,7
RMHL,RMGR,chemical,1,8
RMHL,RMHR,chemical,1,5
RMHR,AVKR,chemical,1,7
RMHR,AVKR,chemical,1,8
RMHR,BWM-DL02,chemical,2,7
RMHR,BWM-DL02,chemical,3,6
RMHR,BWM-DL02,chemical,6,8
RMHR,BWM-DL04,chemical,3,7
RMHR,BWM-DL04,chemical,4,8
RMHR,BWM-DL06,chemical,1,7
RMHR,BWM-DR02,chemical,5,5
RMHR,BWM-DR04,chemical,3,5
RMHR,BWM-VL02,chemical,3,6
RMHR,BWM-VL02,chemical,4,7
RMHR,BWM-VL02,chemical,5,8
RMHR,BWM-VL04,chemical,1,6
RMHR,BWM-VL04,chemical,4,8
RMHR,BWM-VL04,chemical,7,7
RMHR,BWM-VR02,chemical,1,5
RMHR,BWM-VR04,chemical,1,5
RMHR,CEPDL,chemical,1,4
RMHR,CEPDL,chemical,3,7
RMHR,IL1L,chemical,1,7
RMHR,RIGL,chemical,1,8
RMHR,RMDDL,chemical,1,5
RMHR,RMDL,chemical,4,6
RMHR,RMDL,chemical,4,7
RMHR,RMDL,chemical,4,8
RMHR,RMDR,chemical,1,4
RMHR,RMDR,chemical,1,5
RMHR,RMDR,chemical,1,6
RMHR,RMDR,chemical,2,8
RMHR,RMDR,chemical,3,7
RMHR,RMFR,chemical,3,7
RMHR,RMFR,chemical,7,8
RMHR,RMGL,chemical,1,7
RMHR,RMGL,chemical,2,6
RMHR,RMHL,chemical,1,5
SAADL,AVAL,chemical,2,1
SAADL,AVAL,chemical,2,2
SAADL,AVAL,chemical,2,3
SAADL,AVAL,chemical,4,6
SAADL,AVAL,chemical,5,4
SAADL,AVAL,chemical,6,5
SAADL,AVAL,chemical,11,8
SAADL,AVAL,chemical,16,7
SAADL,OLLR,chemical,1,6
SAADL,OLLR,chemical,2,7
SAADL,OLLR,chemical,3,8
SAADL,RIML,chemical,2,1
SAADL,RIML,chemical,2,2
SAADL,RIML,chemical,3,3
SAADL,RIML,chemical,3,5
SAADL,RIML,chemical,5,6
SAADL,RIML,chemical,5,8
SAADL,RIML,chemical,7,4
SAADL,RIML,chemical,8,7
SAADL,RIMR,chemical,2,1
SAADL,RIMR,chemical,2,2
SAADL,RIMR,chemical,2,3
SAADL,RIMR,chemical,3,6
SAADL,RIMR,chemical,4,4
SAADL,RIMR,chemical,6,5
SAADL,RIMR,chemical,9,7
SAADL,RIMR,chemical,10,8
SAADL,RMFR,chemical,2,7
SAADL,RMFR,chemical,3,8
SAADL,SMDVR,chemical,1,2
SAADL,SMDVR,chemical,3,3
SAADL,SMDVR,chemical,3,5
SAADL,SMDVR,chemical,3,6
SAADL,SMDVR,chemical,3,8
SAADL,SMDVR,chemical,4,4
SAADL,SMDVR,chemical,4,7
SAADR,AVAL,chemical,1,6
SAADR,AVAL,chemical,1,8
SAADR,AVAR,chemical,1,2
SAADR,AVAR,chemical,2,3
SAADR,AVAR,chemical,3,1
SAADR,AVAR,chemical,3,4
SAADR,AVAR,chemical,4,6
SAADR,AVAR,chemical,5,5
SAADR,AVAR,chemical,9,8
SAADR,AVAR,chemical,16,7
SAADR,AVEL,chemical,1,8
SAADR,OLLL,chemical,1,1
SAADR,OLLL,chemical,1,8
SAADR,RIML,chemical,1,2
SAADR,RIML,chemical,2,3
SAADR,RIML,chemical,3,1
SAADR,RIML,chemical,3,4
SAADR,RIML,chemical,3,5
SAADR,RIML,chemical,3,6
SAADR,RIML,chemical,8,8
SAADR,RIML,chemical,11,7
SAADR,RIMR,chemical,2,1
SAADR,RIMR,chemical,2,2
SAADR,RIMR,chemical,2,4
SAADR,RIMR,chemical,3,6
SAADR,RIMR,chemical,4,3
SAADR,RIMR,chemical,4,5
SAADR,RIMR,chemical,6,7
SAADR,RIMR,chemical,8,8
SAADR,RMFL,chemical,2,8
SAADR,RMFR,chemical,2,6
SAADR,RMGL,chemical,1,6
SAADR,RMGL,chemical,1,8
SAADR,SMDVL,chemical,1,2
SAADR,SMDVL,chemical,1,4
SAADR,SMDVL,chemical,1,7
SAADR,SMDVL,chemical,2,6
SAADR,SMDVL,chemical,3,3
SAADR,SMDVL,chemical,5,8
SAAVL,AIBL,chemical,1,8
SAAVL,AVAL,chemical,1,1
SAAVL,AVAL,chemical,3,3
SAAVL,AVAL,chemical,4,2
SAAVL,AVAL,chemical,5,4
SAAVL,AVAL,chemical,10,6
SAAVL,AVAL,chemical,11,5
SAAVL,AVAL,chemical,19,7
SAAVL,AVAL,chemical,19,8
SAAVL,AVBL,chemical,1,3
SAAVL,OLLR,chemical,1,3
SAAVL,RIAR,chemical,1,5
SAAVL,RIGR,chemical,1,3
SAAVL,RIML,chemical,1,1
SAAVL,RIML,chemical,1,4
SAAVL,RIML,chemical,2,2
SAAVL,RIML,chemical,2,3
SAAVL,RIML,chemical,2,6
SAAVL,RIML,chemical,2,8
SAAVL,RIML,chemical,5,7
SAAVL,RIML,chemical,6,5
SAAVL,RIMR,chemical,2,1
SAAVL,RIMR,chemical,4,2
SAAVL,RIMR,chemical,4,3
SAAVL,RIMR,chemical,5,4
SAAVL,RIMR,chemical,6,6
SAAVL,RIMR,chemical,7,5
SAAVL,RIMR,chemical,11,7
SAAVL,RIMR,chemical,15,8
SAAVL,RMFL,chemical,2,6
SAAVL,RMFR,chemical,1,7
SAAVL,RMFR,chemical,2,8
SAAVL,SAADR,chemical,2,5
SAAVL,SMDDR,chemical,1,3
SAAVL,SMDDR,chemical,2,2
SAAVL,SMDDR,chemical,2,5
SAAVL,SMDDR,chemical,3,4
SAAVL,SMDDR,chemical,5,7
SAAVL,SMDDR,chemical,6,6
SAAVL,SMDDR,chemical,7,8
SAAVR,AIBR,chemical,1,7
SAAVR,AVAR,chemical,3,1
SAAVR,AVAR,chemical,3,3
SAAVR,AVAR,chemical,4,4
SAAVR,AVAR,chemical,5,2
SAAVR,AVAR,chemical,10,6
SAAVR,AVAR,chemical,13,5
SAAVR,AVAR,chemical,21,8
SAAVR,AVAR,chemical,26,7
SAAVR,OLLL,chemical,1,7
SAAVR,RIML,chemical,2,1
SAAVR,RIML,chemical,2,2
SAAVR,RIML,chemical,3,3
SAAVR,RIML,chemical,5,4
SAAVR,RIML,chemical,7,5
SAAVR,RIML,chemical,8,6
SAAVR,RIML,chemical,15,7
SAAVR,RIML,chemical,17,8
SAAVR,RIMR,chemical,2,4
SAAVR,RIMR,chemical,3,2
SAAVR,RIMR,chemical,6,5
SAAVR,RIMR,chemical,6,8
SAAVR,RIMR,chemical,11,7
SAAVR,RMFL,chemical,1,7
SAAVR,RMFR,chemical,1,6
SAAVR,SMDDL,chemical,1,1
SAAVR,SMDDL,chemical,1,3
SAAVR,SMDDL,chemical,2,2
SAAVR,SMDDL,chemical,2,5
SAAVR,SMDDL,chemical,3,4
SAAVR,SMDDL,chemical,6,8
SAAVR,SMDDL,chemical,7,6
SAAVR,SMDDL,chemical,10,7
SDQL,AIBL,chemical,1,8
SDQL,AIBR,chemical,1,7
SDQL,AIBR,chemical,2,8
SDQL,AVAL,chemical,2,8
SDQL,AVAR,chemical,2,6
SDQL,AVAR,chemical,3,7
SDQL,AVAR,chemical,3,8
SDQL,AVBL,chemical,1,7
SDQL,AVBR,chemical,2,7
SDQL,AVER,chemical,1,6
SDQL,DVA,chemical,1,6
SDQL,FLPL,chemical,1,7
SDQL,FLPL,chemical,1,8
SDQL,IL1L,chemical,1,8
SDQL,RIAL,chemical,1,7
SDQL,RICL,chemical,1,6
SDQL,RICR,chemical,1,6
SDQL,RICR,chemical,1,7
SDQL,RIS,chemical,1,8
SDQL,RIS,chemical,2,7
SDQL,RMHR,chemical,1,5
SDQL,SDQL,chemical,1,7
SDQL,SDQR,chemical,1,6
SDQL,SDQR,chemical,1,7
SDQL,SIBVR,chemical,1,5
SDQL,SIBVR,chemical,2,6
SDQL,SMBVL,chemical,1,8
SDQL,SMDDL,chemical,1,8
SDQL,URYVL,chemical,1,7
SDQR,AIBL,chemical,1,8
SDQR,AIBR,chemical,1,6
SDQR,ALMR,chemical,1,7
SDQR,AVAR,chemical,1,6
SDQR,AVAR,chemical,1,7
SDQR,AVAR,chemical,1,8
SDQR,AVBL,chemical,1,4
SDQR,AVBL,chemical,2,5
SDQR,AVBL,chemical,3,6
SDQR,AVBL,chemical,3,8
SDQR,AVBL,chemical,4,7
SDQR,AVBR,chemical,3,6
SDQR,AVBR,chemical,6,7
SDQR,AVBR,chemical,8,8
SDQR,BDUR,chemical,1,4
SDQR,DVA,chemical,1,4
SDQR,DVA,chemical,3,7
SDQR,DVA,chemical,4,6
SDQR,DVA,chemical,7,8
SDQR,PVCL,chemical,1,6
SDQR,PVR,chemical,1,4
SDQR,PVR,chemical,2,5
SDQR,RIAL,chemical,1,7
SDQR,RICL,chemical,1,4
SDQR,RICL,chemical,1,5
SDQR,RICL,chemical,1,6
SDQR,RICL,chemical,1,7
SDQR,RICR,chemical,1,7
SDQR,RICR,chemical,1,8
SDQR,RIML,chemical,1,7
SDQR,RIVR,chemical,1,7
SDQR,RMGL,chemical,2,7
SDQR,SDQL,chemical,1,7
SDQR,SDQL,chemical,1,8
SDQR,SIBVL,chemical,1,5
SDQR,SIBVL,chemical,1,8
SDQR,SIBVR,chemical,1,6
SDQR,SIBVR,chemical,1,7
SDQR,SMDDR,chemical,1,8
SMBDL,ADAL,chemical,1,5
SMBDL,ADAL,chemical,1,7
SMBDL,ADAL,chemical,3,8
SMBDL,ADAR,chemical,1,3
SMBDL,ADAR,chemical,1,5
SMBDL,ADAR,chemical,1,6
SMBDL,ALNR,chemical,1,4
SMBDL,ALNR,chemical,1,6
SMBDL,ALNR,chemical,2,8
SMBDL,ALNR,chemical,3,7
SMBDL,AVAL,chemical,1,6
SMBDL,AVBR,chemical,1,3
SMBDL,AVBR,chemical,1,5
SMBDL,AVBR,chemical,1,6
SMBDL,BWM-DL01,chemical,1,2
SMBDL,BWM-DL05,chemical,1,2
SMBDL,BWM-DR01,chemical,1,1
SMBDL,BWM-DR01,chemical,2,2
SMBDL,BWM-DR01,chemical,2,3
SMBDL,BWM-DR01,chemical,2,4
SMBDL,BWM-DR01,chemical,2,5
SMBDL,BWM-DR01,chemical,3,6
SMBDL,BWM-DR01,chemical,3,8
SMBDL,BWM-DR02,chemical,1,2
SMBDL,BWM-DR02,chemical,1,3
SMBDL,BWM-DR02,chemical,1,4
SMBDL,BWM-DR02,chemical,1,5
SMBDL,BWM-DR02,chemical,1,6
SMBDL,BWM-DR02,chemical,1,7
SMBDL,BWM-DR02,chemical,1,8
SMBDL,BWM-DR03,chemical,1,2
SMBDL,BWM-DR03,chemical,2,1
SMBDL,BWM-DR03,chemical,2,4
SMBDL,BWM-DR03,chemical,3,3
SMBDL,BWM-DR03,chemical,3,5
SMBDL,BWM-DR03,chemical,4,8
SMBDL,BWM-DR03,chemical,5,6
SMBDL,BWM-DR03,chemical,5,7
SMBDL,BWM-DR04,chemical,1,2
SMBDL,BWM-DR04,chemical,1,3
SMBDL,BWM-DR04,chemical,1,5
SMBDL,BWM-DR04,chemical,1,6
SMBDL,BWM-DR04,chemical,2,4
SMBDL,BWM-DR04,chemical,2,7
SMBDL,BWM-DR04,chemical,3,8
SMBDL,BWM-DR05,chemical,1,1
SMBDL,BWM-DR05,chemical,1,2
SMBDL,BWM-DR05,chemical,1,5
SMBDL,BWM-DR05,chemical,1,6
SMBDL,BWM-DR05,chemical,2,3
SMBDL,BWM-DR05,chemical,2,4
SMBDL,BWM-DR05,chemical,5,8
SMBDL,BWM-DR05,chemical,7,7
SMBDL,BWM-DR06,chemical,1,7
SMBDL,BWM-DR06,chemical,1,8
SMBDL,BWM-DR07,chemical,1,6
SMBDL,BWM-DR07,chemical,2,7
SMBDL,BWM-DR07,chemical,2,8
SMBDL,BWM-DR08,chemical,1,2
SMBDL,BWM-DR08,chemical,1,3
SMBDL,BWM-DR08,chemical,1,7
SMBDL,CEPshDR,chemical,1,5
SMBDL,GLRDL,chemical,1,2
SMBDL,GLRDR,chemical,1,6
SMBDL,GLRR,chemical,1,4
SMBDL,GLRR,chemical,1,6
SMBDL,RMDDL,chemical,1,1
SMBDL,RMDDL,chemical,1,5
SMBDL,RMDDL,chemical,1,7
SMBDL,RMDDL,chemical,1,8
SMBDL,RMED,chemical,2,1
SMBDL,RMED,chemical,2,2
SMBDL,RMED,chemical,2,4
SMBDL,RMED,chemical,2,5
SMBDL,RMED,chemical,3,3
SMBDL,RMED,chemical,4,6
SMBDL,RMED,chemical,4,8
SMBDL,RMED,chemical,5,7
SMBDL,SAAVL,chemical,1,7
SMBDL,SAAVL,chemical,2,8
SMBDL,SAAVR,chemical,2,1
SMBDL,SAAVR,chemical,2,2
SMBDL,SAAVR,chemical,2,3
SMBDL,SAAVR,chemical,4,5
SMBDL,SAAVR,chemical,5,6
SMBDL,SAAVR,chemical,6,4
SMBDL,SAAVR,chemical,6,7
SMBDL,SAAVR,chemical,9,8
SMBDL,SIBDL,chemical,1,3
SMBDL,SIBDL,chemical,1,5
SMBDL,SIBVR,chemical,1,6
SMBDL,SMBDR,chemical,1,2
SMBDL,SMDDL,chemical,1,3
SMBDL,SMDDL,chemical,1,6
SMBDR,ADAL,chemical,1,5
SMBDR,ADAL,chemical,1,8
SMBDR,ALNL,chemical,1,4
SMBDR,ALNL,chemical,1,7
SMBDR,ALNL,chemical,3,8
SMBDR,AVAL,chemical,1,8
SMBDR,AVBL,chemical,1,5
SMBDR,BWM-DL01,chemical,1,3
SMBDR,BWM-DL01,chemical,2,1
SMBDR,BWM-DL01,chemical,2,4
SMBDR,BWM-DL01,chemical,2,7
SMBDR,BWM-DL01,chemical,3,2
SMBDR,BWM-DL01,chemical,3,6
SMBDR,BWM-DL01,chemical,4,5
SMBDR,BWM-DL01,chemical,4,8
SMBDR,BWM-DL02,chemical,1,1
SMBDR,BWM-DL02,chemical,1,2
SMBDR,BWM-DL02,chemical,1,3
SMBDR,BWM-DL02,chemical,1,4
SMBDR,BWM-DL02,chemical,1,7
SMBDR,BWM-DL02,chemical,2,5
SMBDR,BWM-DL02,chemical,2,6
SMBDR,BWM-DL02,chemical,3,8
SMBDR,BWM-DL03,chemical,1,1
SMBDR,BWM-DL03,chemical,2,2
SMBDR,BWM-DL03,chemical,2,3
SMBDR,BWM-DL03,chemical,2,4
SMBDR,BWM-DL03,chemical,4,6
SMBDR,BWM-DL03,chemical,4,8
SMBDR,BWM-DL03,chemical,5,7
SMBDR,BWM-DL03,chemical,6,5
SMBDR,BWM-DL04,chemical,1,1
SMBDR,BWM-DL04,chemical,1,4
SMBDR,BWM-DL04,chemical,2,2
SMBDR,BWM-DL04,chemical,2,3
SMBDR,BWM-DL04,chemical,2,6
SMBDR,BWM-DL04,chemical,3,5
SMBDR,BWM-DL04,chemical,3,8
SMBDR,BWM-DL04,chemical,4,7
SMBDR,BWM-DL05,chemical,1,2
SMBDR,BWM-DL05,chemical,1,3
SMBDR,BWM-DL05,chemical,1,4
SMBDR,BWM-DL05,chemical,2,5
SMBDR,BWM-DL05,chemical,3,7
SMBDR,BWM-DL05,chemical,4,6
SMBDR,BWM-DL05,chemical,5,8
SMBDR,BWM-DL06,chemical,1,7
SMBDR,BWM-DL06,chemical,2,8
SMBDR,BWM-DL07,chemical,1,6
SMBDR,BWM-DL07,chemical,1,8
SMBDR,BWM-DL07,chemical,2,7
SMBDR,BWM-DL08,chemical,1,3
SMBDR,BWM-DL08,chemical,1,7
SMBDR,GLRDL,chemical,2,3
SMBDR,GLRDL,chemical,2,5
SMBDR,GLRL,chemical,1,2
SMBDR,GLRL,chemical,2,6
SMBDR,RMDDR,chemical,1,4
SMBDR,RMDDR,chemical,1,8
SMBDR,RMDVR,chemical,1,5
SMBDR,RMED,chemical,1,4
SMBDR,RMED,chemical,1,5
SMBDR,RMED,chemical,2,1
SMBDR,RMED,chemical,2,3
SMBDR,RMED,chemical,3,2
SMBDR,RMED,chemical,4,7
SMBDR,RMED,chemical,5,6
SMBDR,RMED,chemical,5,8
SMBDR,RMHR,chemical,1,7
SMBDR,SAAVL,chemical,1,1
SMBDR,SAAVL,chemical,2,2
SMBDR,SAAVL,chemical,2,3
SMBDR,SAAVL,chemical,3,4
SMBDR,SAAVL,chemical,4,5
SMBDR,SAAVL,chemical,5,6
SMBDR,SAAVL,chemical,5,7
SMBDR,SAAVL,chemical,7,8
SMBDR,SAAVR,chemical,1,5
SMBDR,SAAVR,chemical,1,8
SMBDR,SIADR,chemical,1,8
SMBDR,SIBDL,chemical,1,4
SMBDR,SIBDL,chemical,2,8
SMBDR,SIBVL,chemical,1,2
SMBDR,SMDDR,chemical,1,2
SMBVL,BWM-VL01,chemical,1,1
SMBVL,BWM-VL01,chemical,1,2
SMBVL,BWM-VL01,chemical,2,3
SMBVL,BWM-VL01,chemical,2,5
SMBVL,BWM-VL01,chemical,2,7
SMBVL,BWM-VL01,chemical,3,4
SMBVL,BWM-VL01,chemical,3,6
SMBVL,BWM-VL01,chemical,3,8
SMBVL,BWM-VL02,chemical,1,2
SMBVL,BWM-VL02,chemical,1,4
SMBVL,BWM-VL02,chemical,1,7
SMBVL,BWM-VL02,chemical,2,1
SMBVL,BWM-VL02,chemical,2,3
SMBVL,BWM-VL02,chemical,3,5
SMBVL,BWM-VL02,chemical,3,6
SMBVL,BWM-VL02,chemical,3,8
SMBVL,BWM-VL03,chemical,1,1
SMBVL,BWM-VL03,chemical,2,2
SMBVL,BWM-VL03,chemical,2,3
SMBVL,BWM-VL03,chemical,2,5
SMBVL,BWM-VL03,chemical,3,4
SMBVL,BWM-VL03,chemical,3,6
SMBVL,BWM-VL03,chemical,3,7
SMBVL,BWM-VL03,chemical,6,8
SMBVL,BWM-VL04,chemical,1,2
SMBVL,BWM-VL04,chemical,1,4
SMBVL,BWM-VL04,chemical,2,1
SMBVL,BWM-VL04,chemical,2,3
SMBVL,BWM-VL04,chemical,2,7
SMBVL,BWM-VL04,chemical,3,5
SMBVL,BWM-VL04,chemical,3,8
SMBVL,BWM-VL04,chemical,4,6
SMBVL,BWM-VL05,chemical,1,3
SMBVL,BWM-VL05,chemical,1,5
SMBVL,BWM-VL05,chemical,2,4
SMBVL,BWM-VL05,chemical,2,6
SMBVL,BWM-VL05,chemical,4,8
SMBVL,BWM-VL05,chemical,7,7
SMBVL,BWM-VL06,chemical,1,6
SMBVL,BWM-VL06,chemical,1,8
SMBVL,BWM-VL06,chemical,2,7
SMBVL,BWM-VL07,chemical,1,4
SMBVL,BWM-VL07,chemical,1,5
SMBVL,BWM-VL07,chemical,1,6
SMBVL,BWM-VL07,chemical,2,8
SMBVL,BWM-VL07,chemical,5,7
SMBVL,BWM-VL08,chemical,1,6
SMBVL,BWM-VL08,chemical,1,7
SMBVL,CEPVL,chemical,1,4
SMBVL,GLRL,chemical,1,2
SMBVL,GLRL,chemical,2,1
SMBVL,GLRL,chemical,2,5
SMBVL,PLNL,chemical,2,7
SMBVL,PLNL,chemical,2,8
SMBVL,RIH,chemical,1,5
SMBVL,RMDVL,chemical,2,3
SMBVL,RMDVR,chemical,1,4
SMBVL,RMDVR,chemical,1,6
SMBVL,RMDVR,chemical,1,7
SMBVL,RMDVR,chemical,2,1
SMBVL,RMDVR,chemical,2,2
SMBVL,RMDVR,chemical,2,8
SMBVL,RMEV,chemical,1,1
SMBVL,RMEV,chemical,1,3
SMBVL,RMEV,chemical,2,2
SMBVL,RMEV,chemical,2,4
SMBVL,RMEV,chemical,2,5
SMBVL,RMEV,chemical,3,8
SMBVL,RMEV,chemical,4,6
SMBVL,RMEV,chemical,6,7
SMBVL,RMFL,chemical,1,5
SMBVL,SAADL,chemical,3,2
SMBVL,SAADL,chemical,3,3
SMBVL,SAADL,chemical,4,1
SMBVL,SAADL,chemical,6,4
SMBVL,SAADL,chemical,6,6
SMBVL,SAADL,chemical,6,8
SMBVL,SAADL,chemical,7,7
SMBVL,SAADL,chemical,9,5
SMBVL,SAAVR,chemical,1,5
SMBVL,SIBDL,chemical,2,5
SMBVL,SMDVR,chemical,1,2
SMBVR,BWM-VR01,chemical,1,3
SMBVR,BWM-VR01,chemical,2,1
SMBVR,BWM-VR01,chemical,2,2
SMBVR,BWM-VR01,chemical,2,4
SMBVR,BWM-VR01,chemical,2,6
SMBVR,BWM-VR01,chemical,3,5
SMBVR,BWM-VR01,chemical,3,7
SMBVR,BWM-VR01,chemical,4,8
SMBVR,BWM-VR02,chemical,1,2
SMBVR,BWM-VR02,chemical,1,3
SMBVR,BWM-VR02,chemical,1,4
SMBVR,BWM-VR02,chemical,1,5
SMBVR,BWM-VR02,chemical,1,8
SMBVR,BWM-VR02,chemical,3,6
SMBVR,BWM-VR02,chemical,3,7
SMBVR,BWM-VR03,chemical,2,1
SMBVR,BWM-VR03,chemical,2,2
SMBVR,BWM-VR03,chemical,2,4
SMBVR,BWM-VR03,chemical,4,3
SMBVR,BWM-VR03,chemical,4,6
SMBVR,BWM-VR03,chemical,5,5
SMBVR,BWM-VR03,chemical,5,7
SMBVR,BWM-VR03,chemical,5,8
SMBVR,BWM-VR04,chemical,1,2
SMBVR,BWM-VR04,chemical,1,3
SMBVR,BWM-VR04,chemical,1,4
SMBVR,BWM-VR04,chemical,1,5
SMBVR,BWM-VR04,chemical,2,1
SMBVR,BWM-VR04,chemical,3,6
SMBVR,BWM-VR04,chemical,4,7
SMBVR,BWM-VR04,chemical,4,8
SMBVR,BWM-VR05,chemical,1,3
SMBVR,BWM-VR05,chemical,1,5
SMBVR,BWM-VR05,chemical,3,6
SMBVR,BWM-VR05,chemical,7,7
SMBVR,BWM-VR05,chemical,7,8
SMBVR,BWM-VR06,chemical,1,5
SMBVR,BWM-VR06,chemical,1,8
SMBVR,BWM-VR06,chemical,2,7
SMBVR,BWM-VR07,chemical,1,3
SMBVR,BWM-VR07,chemical,2,7
SMBVR,BWM-VR07,chemical,3,6
SMBVR,BWM-VR07,chemical,4,8
SMBVR,BWM-VR08,chemical,1,7
SMBVR,BWM-VR08,chemical,1,8
SMBVR,CEPVR,chemical,2,5
SMBVR,CEPVR,chemical,2,8
SMBVR,CEPshVR,chemical,1,6
SMBVR,CEPshVR,chemical,1,7
SMBVR,GLRL,chemical,1,3
SMBVR,GLRR,chemical,1,6
SMBVR,PLNR,chemical,1,7
SMBVR,PLNR,chemical,3,8
SMBVR,RMDVL,chemical,1,7
SMBVR,RMDVL,chemical,1,8
SMBVR,RMDVL,chemical,2,2
SMBVR,RMEV,chemical,1,4
SMBVR,RMEV,chemical,1,5
SMBVR,RMEV,chemical,2,1
SMBVR,RMEV,chemical,2,2
SMBVR,RMEV,chemical,4,3
SMBVR,RMEV,chemical,4,7
SMBVR,RMEV,chemical,5,6
SMBVR,RMEV,chemical,6,8
SMBVR,SAADR,chemical,2,1
SMBVR,SAADR,chemical,2,3
SMBVR,SAADR,chemical,3,2
SMBVR,SAADR,chemical,5,4
SMBVR,SAADR,chemical,5,6
SMBVR,SAADR,chemical,6,8
SMBVR,SAADR,chemical,7,5
SMBVR,SAADR,chemical,7,7
SMBVR,SIAVR,chemical,1,5
SMBVR,SIAVR,chemical,1,6
SMDDL,ALNR,chemical,1,6
SMDDL,BWM-DL01,chemical,1,1
SMDDL,BWM-DL01,chemical,1,4
SMDDL,BWM-DL03,chemical,1,2
SMDDL,BWM-DL03,chemical,1,3
SMDDL,BWM-DL03,chemical,1,7
SMDDL,BWM-DR01,chemical,1,1
SMDDL,BWM-DR01,chemical,1,2
SMDDL,BWM-DR01,chemical,1,3
SMDDL,BWM-DR01,chemical,1,4
SMDDL,BWM-DR01,chemical,1,5
SMDDL,BWM-DR01,chemical,1,6
SMDDL,BWM-DR01,chemical,1,7
SMDDL,BWM-DR01,chemical,1,8
SMDDL,BWM-DR03,chemical,1,1
SMDDL,BWM-DR03,chemical,1,2
SMDDL,BWM-DR03,chemical,1,3
SMDDL,BWM-DR03,chemical,1,6
SMDDL,BWM-DR03,chemical,2,4
SMDDL,BWM-DR03,chemical,2,5
SMDDL,BWM-DR03,chemical,2,7
SMDDL,BWM-DR03,chemical,2,8
SMDDL,BWM-DR04,chemical,1,5
SMDDL,BWM-DR04,chemical,1,6
SMDDL,BWM-DR04,chemical,1,8
SMDDL,BWM-DR05,chemical,1,6
SMDDL,BWM-DR05,chemical,1,7
SMDDL,BWM-DR05,chemical,2,5
SMDDL,BWM-DR05,chemical,5,8
SMDDL,BWM-DR06,chemical,1,5
SMDDL,BWM-DR06,chemical,1,7
SMDDL,BWM-DR06,chemical,1,8
SMDDL,BWM-DR07,chemical,1,8
SMDDL,BWM-DR08,chemical,1,7
SMDDL,CEPDR,chemical,1,5
SMDDL,CEPDR,chemical,1,7
SMDDL,CEPDR,chemical,1,8
SMDDL,RIAL,chemical,2,2
SMDDL,RIAL,chemical,3,1
SMDDL,RIAL,chemical,3,5
SMDDL,RIAL,chemical,4,4
SMDDL,RIAL,chemical,5,3
SMDDL,RIAL,chemical,6,6
SMDDL,RIAL,chemical,6,7
SMDDL,RIAL,chemical,8,8
SMDDL,RIAR,chemical,2,1
SMDDL,RIAR,chemical,2,3
SMDDL,RIAR,chemical,3,2
SMDDL,RIAR,chemical,4,4
SMDDL,RIAR,chemical,4,5
SMDDL,RIAR,chemical,5,6
SMDDL,RIAR,chemical,7,7
SMDDL,RIAR,chemical,7,8
SMDDL,RIML,chemical,1,5
SMDDL,RIML,chemical,1,6
SMDDL,RIML,chemical,1,7
SMDDL,RIML,chemical,1,8
SMDDL,RMDR,chemical,1,1
SMDDL,RMDR,chemical,1,3
SMDDL,RMDR,chemical,1,6
SMDDL,RMDR,chemical,1,7
SMDDL,RMDR,chemical,2,8
SMDDL,RMEV,chemical,1,3
SMDDL,RMEV,chemical,1,6
SMDDL,SMDVL,chemical,1,2
SMDDL,SMDVR,chemical,1,5
SMDDL,SMDVR,chemical,2,1
SMDDL,SMDVR,chemical,3,2
SMDDL,SMDVR,chemical,3,3
SMDDL,SMDVR,chemical,3,4
SMDDL,SMDVR,chemical,3,6
SMDDL,SMDVR,chemical,7,7
SMDDL,SMDVR,chemical,7,8
SMDDR,BWM-DL01,chemical,1,1
SMDDR,BWM-DL01,chemical,1,2
SMDDR,BWM-DL01,chemical,1,4
SMDDR,BWM-DL01,chemical,1,6
SMDDR,BWM-DL01,chemical,1,8
SMDDR,BWM-DL01,chemical,2,5
SMDDR,BWM-DL01,chemical,2,7
SMDDR,BWM-DL03,chemical,1,1
SMDDR,BWM-DL03,chemical,1,2
SMDDR,BWM-DL03,chemical,1,4
SMDDR,BWM-DL03,chemical,1,6
SMDDR,BWM-DL03,chemical,2,3
SMDDR,BWM-DL03,chemical,2,7
SMDDR,BWM-DL03,chemical,3,5
SMDDR,BWM-DL03,chemical,3,8
SMDDR,BWM-DL04,chemical,1,4
SMDDR,BWM-DL04,chemical,1,5
SMDDR,BWM-DL04,chemical,1,6
SMDDR,BWM-DL04,chemical,1,8
SMDDR,BWM-DL05,chemical,2,3
SMDDR,BWM-DL05,chemical,2,5
SMDDR,BWM-DL05,chemical,2,6
SMDDR,BWM-DL05,chemical,3,7
SMDDR,BWM-DL05,chemical,3,8
SMDDR,BWM-DL06,chemical,1,5
SMDDR,BWM-DL06,chemical,1,8
SMDDR,BWM-DL07,chemical,1,8
SMDDR,BWM-DL07,chemical,2,7
SMDDR,BWM-DL08,chemical,2,7
SMDDR,BWM-DR01,chemical,1,3
SMDDR,BWM-DR01,chemical,1,5
SMDDR,BWM-DR03,chemical,1,1
SMDDR,BWM-DR03,chemical,1,5
SMDDR,BWM-DR05,chemical,1,8
SMDDR,CEPDL,chemical,1,3
SMDDR,CEPDL,chemical,1,7
SMDDR,CEPDL,chemical,2,1
SMDDR,CEPDL,chemical,2,5
SMDDR,RIAL,chemical,2,1
SMDDR,RIAL,chemical,2,2
SMDDR,RIAL,chemical,3,3
SMDDR,RIAL,chemical,3,4
SMDDR,RIAL,chemical,4,5
SMDDR,RIAL,chemical,4,6
SMDDR,RIAL,chemical,4,7
SMDDR,RIAL,chemical,8,8
SMDDR,RIAR,chemical,2,2
SMDDR,RIAR,chemical,2,3
SMDDR,RIAR,chemical,3,1
SMDDR,RIAR,chemical,4,4
SMDDR,RIAR,chemical,4,5
SMDDR,RIAR,chemical,4,7
SMDDR,RIAR,chemical,5,8
SMDDR,RIAR,chemical,6,6
SMDDR,RIMR,chemical,1,5
SMDDR,RIMR,chemical,1,6
SMDDR,RIMR,chemical,1,8
SMDDR,RIMR,chemical,2,7
SMDDR,RIS,chemical,1,8
SMDDR,RMDL,chemical,1,4
SMDDR,RMDL,chemical,1,5
SMDDR,RMDL,chemical,1,6
SMDDR,RMDL,chemical,1,7
SMDDR,RMDL,chemical,1,8
SMDDR,RMDR,chemical,1,6
SMDDR,RMDR,chemical,1,7
SMDDR,RMDR,chemical,2,8
SMDDR,RMDVL,chemical,1,3
SMDDR,RMED,chemical,1,3
SMDDR,RMEV,chemical,1,5
SMDDR,SIADR,chemical,1,6
SMDDR,SMDVL,chemical,1,1
SMDDR,SMDVL,chemical,2,4
SMDDR,SMDVL,chemical,3,2
SMDDR,SMDVL,chemical,3,3
SMDDR,SMDVL,chemical,3,6
SMDDR,SMDVL,chemical,4,5
SMDDR,SMDVL,chemical,6,7
SMDDR,SMDVL,chemical,7,8
SMDDR,URYDL,chemical,1,7
SMDVL,BWM-VL01,chemical,1,6
SMDVL,BWM-VL03,chemical,1,6
SMDVL,BWM-VL03,chemical,1,7
SMDVL,BWM-VL03,chemical,1,8
SMDVL,BWM-VR01,chemical,1,1
SMDVL,BWM-VR01,chemical,1,2
SMDVL,BWM-VR01,chemical,1,3
SMDVL,BWM-VR01,chemical,1,4
SMDVL,BWM-VR01,chemical,1,5
SMDVL,BWM-VR01,chemical,1,6
SMDVL,BWM-VR01,chemical,1,8
SMDVL,BWM-VR01,chemical,2,7
SMDVL,BWM-VR03,chemical,1,1
SMDVL,BWM-VR03,chemical,1,2
SMDVL,BWM-VR03,chemical,1,3
SMDVL,BWM-VR03,chemical,1,4
SMDVL,BWM-VR03,chemical,1,6
SMDVL,BWM-VR03,chemical,2,5
SMDVL,BWM-VR03,chemical,2,7
SMDVL,BWM-VR03,chemical,2,8
SMDVL,BWM-VR04,chemical,1,5
SMDVL,BWM-VR05,chemical,1,7
SMDVL,BWM-VR05,chemical,1,8
SMDVL,BWM-VR06,chemical,1,5
SMDVL,CEPVR,chemical,1,2
SMDVL,CEPVR,chemical,1,6
SMDVL,CEPVR,chemical,3,5
SMDVL,RIAL,chemical,2,1
SMDVL,RIAL,chemical,2,2
SMDVL,RIAL,chemical,2,3
SMDVL,RIAL,chemical,4,4
SMDVL,RIAL,chemical,5,5
SMDVL,RIAL,chemical,6,6
SMDVL,RIAL,chemical,7,8
SMDVL,RIAL,chemical,8,7
SMDVL,RIAR,chemical,2,1
SMDVL,RIAR,chemical,3,2
SMDVL,RIAR,chemical,3,3
SMDVL,RIAR,chemical,5,4
SMDVL,RIAR,chemical,5,5
SMDVL,RIAR,chemical,8,6
SMDVL,RIAR,chemical,9,7
SMDVL,RIAR,chemical,11,8
SMDVL,RMDL,chemical,1,5
SMDVL,RMED,chemical,1,7
SMDVL,SAADR,chemical,1,6
SMDVL,SMDDL,chemical,1,7
SMDVL,SMDDR,chemical,1,1
SMDVL,SMDDR,chemical,1,5
SMDVL,SMDDR,chemical,2,2
SMDVL,SMDDR,chemical,2,3
SMDVL,SMDDR,chemical,2,4
SMDVL,SMDDR,chemical,4,6
SMDVL,SMDDR,chemical,5,7
SMDVL,SMDDR,chemical,7,8
SMDVR,BWM-VL01,chemical,1,1
SMDVR,BWM-VL01,chemical,1,2
SMDVR,BWM-VL01,chemical,1,3
SMDVR,BWM-VL01,chemical,1,4
SMDVR,BWM-VL01,chemical,1,5
SMDVR,BWM-VL01,chemical,1,6
SMDVR,BWM-VL01,chemical,1,7
SMDVR,BWM-VL01,chemical,1,8
SMDVR,BWM-VL03,chemical,1,1
SMDVR,BWM-VL03,chemical,1,2
SMDVR,BWM-VL03,chemical,1,3
SMDVR,BWM-VL03,chemical,1,4
SMDVR,BWM-VL03,chemical,1,5
SMDVR,BWM-VL03,chemical,1,6
SMDVR,BWM-VL03,chemical,2,7
SMDVR,BWM-VL03,chemical,2,8
SMDVR,BWM-VL04,chemical,1,8
SMDVR,BWM-VL05,chemical,1,5
SMDVR,BWM-VL05,chemical,1,6
SMDVR,BWM-VL05,chemical,2,7
SMDVR,BWM-VL05,chemical,2,8
SMDVR,BWM-VL06,chemical,1,8
SMDVR,BWM-VR01,chemical,1,4
SMDVR,BWM-VR01,chemical,1,5
SMDVR,BWM-VR01,chemical,2,2
SMDVR,BWM-VR03,chemical,1,2
SMDVR,BWM-VR03,chemical,1,4
SMDVR,CEPVL,chemical,1,1
SMDVR,CEPVL,chemical,1,8
SMDVR,CEPVL,chemical,4,7
SMDVR,OLLL,chemical,1,8
SMDVR,RIAL,chemical,2,3
SMDVR,RIAL,chemical,3,1
SMDVR,RIAL,chemical,4,5
SMDVR,RIAL,chemical,5,2
SMDVR,RIAL,chemical,6,4
SMDVR,RIAL,chemical,7,6
SMDVR,RIAL,chemical,7,8
SMDVR,RIAL,chemical,9,7
SMDVR,RIAR,chemical,2,1
SMDVR,RIAR,chemical,2,3
SMDVR,RIAR,chemical,3,2
SMDVR,RIAR,chemical,3,5
SMDVR,RIAR,chemical,4,6
SMDVR,RIAR,chemical,5,4
SMDVR,RIAR,chemical,6,8
SMDVR,RIAR,chemical,8,7
SMDVR,RIMR,chemical,1,8
SMDVR,RIS,chemical,1,7
SMDVR,RIS,chemical,1,8
SMDVR,RMDDL,chemical,1,4
SMDVR,SIAVL,chemical,1,7
SMDVR,SMDDL,chemical,1,1
SMDVR,SMDDL,chemical,1,3
SMDVR,SMDDL,chemical,2,5
SMDVR,SMDDL,chemical,3,2
SMDVR,SMDDL,chemical,4,4
SMDVR,SMDDL,chemical,4,6
SMDVR,SMDDL,chemical,7,8
SMDVR,SMDDL,chemical,9,7
SMDVR,SMDDR,chemical,1,2
URADL,BWM-DL01,chemical,1,1
URADL,BWM-DL01,chemical,2,2
URADL,BWM-DL01,chemical,3,3
URADL,BWM-DL01,chemical,3,6
URADL,BWM-DL01,chemical,4,4
URADL,BWM-DL01,chemical,4,5
URADL,BWM-DL01,chemical,4,7
URADL,BWM-DL01,chemical,9,8
URADL,BWM-DL02,chemical,1,4
URADL,BWM-DL02,chemical,2,1
URADL,BWM-DL02,chemical,3,2
URADL,BWM-DL02,chemical,3,5
URADL,BWM-DL02,chemical,3,6
URADL,BWM-DL02,chemical,3,7
URADL,BWM-DL02,chemical,4,3
URADL,BWM-DL02,chemical,5,8
URADL,BWM-DL03,chemical,1,5
URADL,BWM-DL03,chemical,2,7
URADL,BWM-DL03,chemical,4,8
URADL,BWM-DL04,chemical,2,7
URADL,BWM-DL04,chemical,2,8
URADL,BWM-VL02,chemical,1,8
URADL,IL1DL,chemical,1,2
URADL,IL1DL,chemical,1,7
URADL,IL1DL,chemical,2,1
URADL,IL1DL,chemical,2,4
URADL,IL1DL,chemical,4,8
URADL,IL1L,chemical,1,4
URADL,RIPL,chemical,3,1
URADL,RIPL,chemical,3,2
URADL,RIPL,chemical,3,3
URADL,RIPL,chemical,3,4
URADL,RIPL,chemical,3,7
URADL,RIPL,chemical,4,5
URADL,RIPL,chemical,4,6
URADL,RIPL,chemical,5,8
URADL,RMDDR,chemical,3,8
URADL,RMDVL,chemical,1,4
URADL,RMED,chemical,1,1
URADL,RMED,chemical,1,3
URADL,RMED,chemical,1,6
URADL,RMED,chemical,1,7
URADL,RMED,chemical,2,5
URADL,RMED,chemical,2,8
URADL,RMEL,chemical,1,4
URADL,RMEL,chemical,2,1
URADL,RMEL,chemical,2,2
URADL,RMEL,chemical,2,3
URADL,RMEL,chemical,2,6
URADL,RMEL,chemical,2,7
URADL,RMEL,chemical,2,8
URADL,RMEL,chemical,3,5
URADL,RMER,chemical,1,7
URADL,RMEV,chemical,1,5
URADR,BWM-DR01,chemical,2,1
URADR,BWM-DR01,chemical,2,2
URADR,BWM-DR01,chemical,2,3
URADR,BWM-DR01,chemical,4,4
URADR,BWM-DR01,chemical,5,5
URADR,BWM-DR01,chemical,6,6
URADR,BWM-DR01,chemical,6,8
URADR,BWM-DR01,chemical,8,7
URADR,BWM-DR02,chemical,1,1
URADR,BWM-DR02,chemical,2,3
URADR,BWM-DR02,chemical,2,4
URADR,BWM-DR02,chemical,3,6
URADR,BWM-DR02,chemical,5,5
URADR,BWM-DR02,chemical,5,7
URADR,BWM-DR02,chemical,5,8
URADR,BWM-DR03,chemical,3,8
URADR,BWM-DR03,chemical,5,7
URADR,BWM-DR04,chemical,2,7
URADR,IL1DR,chemical,1,7
URADR,IL1DR,chemical,2,3
URADR,IL1DR,chemical,2,4
URADR,IL1DR,chemical,2,5
URADR,IL1DR,chemical,3,8
URADR,IL1R,chemical,1,7
URADR,IL1R,chemical,1,8
URADR,RIPR,chemical,1,1
URADR,RIPR,chemical,2,2
URADR,RIPR,chemical,2,3
URADR,RIPR,chemical,3,4
URADR,RIPR,chemical,4,8
URADR,RIPR,chemical,5,6
URADR,RIPR,chemical,6,5
URADR,RIPR,chemical,6,7
URADR,RMDDL,chemical,1,8
URADR,RMED,chemical,1,3
URADR,RMED,chemical,1,5
URADR,RMED,chemical,2,4
URADR,RMED,chemical,2,6
URADR,RMED,chemical,2,7
URADR,RMED,chemical,2,8
URADR,RMEL,chemical,1,2
URADR,RMER,chemical,1,7
URADR,RMER,chemical,2,1
URADR,RMER,chemical,2,2
URADR,RMER,chemical,2,4
URADR,RMER,chemical,2,5
URADR,RMER,chemical,2,6
URADR,RMER,chemical,2,8
URADR,RMER,chemical,3,3
URADR,RMEV,chemical,1,2
URADR,RMEV,chemical,1,5
URAVL,BWM-DL02,chemical,1,6
URAVL,BWM-VL01,chemical,2,1
URAVL,BWM-VL01,chemical,2,2
URAVL,BWM-VL01,chemical,2,3
URAVL,BWM-VL01,chemical,3,5
URAVL,BWM-VL01,chemical,4,6
URAVL,BWM-VL01,chemical,5,4
URAVL,BWM-VL01,chemical,5,7
URAVL,BWM-VL01,chemical,6,8
URAVL,BWM-VL02,chemical,1,1
URAVL,BWM-VL02,chemical,2,2
URAVL,BWM-VL02,chemical,4,3
URAVL,BWM-VL02,chemical,4,5
URAVL,BWM-VL02,chemical,5,6
URAVL,BWM-VL02,chemical,6,4
URAVL,BWM-VL02,chemical,6,7
URAVL,BWM-VL02,chemical,9,8
URAVL,BWM-VL03,chemical,1,5
URAVL,BWM-VL03,chemical,1,7
URAVL,BWM-VL03,chemical,1,8
URAVL,BWM-VL04,chemical,2,6
URAVL,BWM-VL04,chemical,2,7
URAVL,GLRL,chemical,1,7
URAVL,IL1L,chemical,1,5
URAVL,IL1L,chemical,1,6
URAVL,IL1L,chemical,1,7
URAVL,IL1VL,chemical,1,6
URAVL,IL1VL,chemical,1,7
URAVL,IL1VL,chemical,2,5
URAVL,IL1VL,chemical,5,8
URAVL,IL2L,chemical,1,7
URAVL,IL2VL,chemical,1,2
URAVL,RIPL,chemical,2,1
URAVL,RIPL,chemical,3,2
URAVL,RIPL,chemical,3,3
URAVL,RIPL,chemical,3,5
URAVL,RIPL,chemical,3,6
URAVL,RIPL,chemical,3,7
URAVL,RIPL,chemical,3,8
URAVL,RIPL,chemical,6,4
URAVL,RMDVR,chemical,1,5
URAVL,RMDVR,chemical,2,6
URAVL,RMED,chemical,1,2
URAVL,RMEL,chemical,1,3
URAVL,RMEL,chemical,1,4
URAVL,RMEL,chemical,1,7
URAVL,RMEL,chemical,2,1
URAVL,RMEL,chemical,2,2
URAVL,RMEL,chemical,2,5
URAVL,RMEL,chemical,3,6
URAVL,RMEL,chemical,4,8
URAVL,RMER,chemical,1,7
URAVL,RMEV,chemical,1,1
URAVL,RMEV,chemical,1,2
URAVL,RMEV,chemical,1,3
URAVL,RMEV,chemical,1,4
URAVL,RMEV,chemical,2,5
URAVL,RMEV,chemical,2,6
URAVL,RMEV,chemical,3,7
URAVL,RMEV,chemical,3,8
URAVR,BWM-DR02,chemical,1,5
URAVR,BWM-DR02,chemical,1,7
URAVR,BWM-VR01,chemical,1,1
URAVR,BWM-VR01,chemical,1,5
URAVR,BWM-VR01,chemical,2,2
URAVR,BWM-VR01,chemical,2,3
URAVR,BWM-VR01,chemical,3,4
URAVR,BWM-VR01,chemical,3,6
URAVR,BWM-VR01,chemical,6,7
URAVR,BWM-VR01,chemical,7,8
URAVR,BWM-VR02,chemical,1,3
URAVR,BWM-VR02,chemical,2,1
URAVR,BWM-VR02,chemical,2,2
URAVR,BWM-VR02,chemical,3,4
URAVR,BWM-VR02,chemical,4,6
URAVR,BWM-VR02,chemical,5,5
URAVR,BWM-VR02,chemical,7,8
URAVR,BWM-VR02,chemical,10,7
URAVR,BWM-VR03,chemical,1,7
URAVR,BWM-VR03,chemical,2,8
URAVR,BWM-VR04,chemical,1,6
URAVR,BWM-VR04,chemical,2,7
URAVR,BWM-VR04,chemical,2,8
URAVR,GLRR,chemical,1,8
URAVR,IL1R,chemical,1,4
URAVR,IL1R,chemical,1,6
URAVR,IL1R,chemical,1,7
URAVR,IL1R,chemical,1,8
URAVR,IL1VR,chemical,1,5
URAVR,IL1VR,chemical,1,8
URAVR,IL1VR,chemical,2,7
URAVR,RIPR,chemical,1,1
URAVR,RIPR,chemical,2,2
URAVR,RIPR,chemical,2,3
URAVR,RIPR,chemical,2,6
URAVR,RIPR,chemical,2,8
URAVR,RIPR,chemical,4,4
URAVR,RIPR,chemical,4,7
URAVR,RIPR,chemical,5,5
URAVR,RMDDR,chemical,1,6
URAVR,RMDVL,chemical,1,6
URAVR,RMED,chemical,1,1
URAVR,RMED,chemical,1,2
URAVR,RMEL,chemical,1,5
URAVR,RMEL,chemical,1,7
URAVR,RMER,chemical,2,1
URAVR,RMER,chemical,2,3
URAVR,RMER,chemical,2,4
URAVR,RMER,chemical,2,5
URAVR,RMER,chemical,2,6
URAVR,RMER,chemical,3,2
URAVR,RMER,chemical,3,8
URAVR,RMER,chemical,4,7
URAVR,RMEV,chemical,1,2
URAVR,RMEV,chemical,2,1
URAVR,RMEV,chemical,2,4
URAVR,RMEV,chemical,2,6
URAVR,RMEV,chemical,2,7
URAVR,RMEV,chemical,2,8
URAVR,RMEV,chemical,3,5
URBL,ADAL,chemical,1,3
URBL,ADAL,chemical,1,4
URBL,ADAL,chemical,1,5
URBL,ADAL,chemical,1,6
URBL,ADAL,chemical,5,7
URBL,ADAL,chemical,5,8
URBL,ADEL,chemical,1,7
URBL,ADEL,chemical,1,8
URBL,AVBL,chemical,2,7
URBL,AVBL,chemical,2,8
URBL,AVDL,chemical,1,8
URBL,AVDR,chemical,1,7
URBL,AVEL,chemical,1,7
URBL,BWM-DL02,chemical,1,1
URBL,BWM-DL02,chemical,1,2
URBL,BWM-DL04,chemical,1,1
URBL,BWM-DL04,chemical,1,5
URBL,BWM-DL04,chemical,2,4
URBL,BWM-DL06,chemical,1,4
URBL,BWM-DL06,chemical,1,5
URBL,BWM-VL02,chemical,1,1
URBL,CEPDL,chemical,1,1
URBL,CEPDL,chemical,1,2
URBL,CEPDL,chemical,1,3
URBL,CEPDL,chemical,1,7
URBL,CEPDL,chemical,2,4
URBL,CEPDL,chemical,2,5
URBL,CEPDL,chemical,2,6
URBL,CEPDL,chemical,2,8
URBL,CEPVL,chemical,1,4
URBL,CEPVL,chemical,1,8
URBL,CEPVL,chemical,3,5
URBL,CEPVL,chemical,4,7
URBL,CEPshDL,chemical,1,3
URBL,CEPshVL,chemical,1,2
URBL,IL1L,chemical,1,1
URBL,IL1L,chemical,1,5
URBL,IL1L,chemical,1,7
URBL,IL1L,chemical,2,3
URBL,IL1L,chemical,2,4
URBL,IL1L,chemical,2,6
URBL,IL1L,chemical,3,2
URBL,IL1L,chemical,3,8
URBL,IL2L,chemical,1,1
URBL,IL2L,chemical,1,2
URBL,IL2L,chemical,1,5
URBL,IL2L,chemical,1,6
URBL,OLLL,chemical,1,1
URBL,OLLL,chemical,1,8
URBL,OLQDL,chemical,1,7
URBL,PVR,chemical,1,4
URBL,PVR,chemical,2,5
URBL,RIBL,chemical,1,7
URBL,RICL,chemical,1,4
URBL,RICL,chemical,1,8
URBL,RICL,chemical,2,6
URBL,RICL,chemical,7,7
URBL,RICR,chemical,1,4
URBL,RICR,chemical,1,7
URBL,RICR,chemical,2,6
URBL,RICR,chemical,5,8
URBL,RIVL,chemical,1,7
URBL,RMDDL,chemical,1,8
URBL,RMDDR,chemical,1,8
URBL,RMDL,chemical,2,5
URBL,RMDR,chemical,1,4
URBL,RMDR,chemical,1,6
URBL,RMDR,chemical,1,7
URBL,RMDR,chemical,1,8
URBL,RMGL,chemical,1,7
URBL,RMGL,chemical,1,8
URBL,RMHR,chemical,1,8
URBL,RMHR,chemical,2,7
URBL,SDQL,chemical,1,7
URBL,SIADR,chemical,1,8
URBL,SIAVL,chemical,1,2
URBL,SIAVL,chemical,1,5
URBL,SIAVL,chemical,1,6
URBL,SIAVL,chemical,1,7
URBL,SMBDR,chemical,1,7
URBL,SMBVL,chemical,1,8
URBL,SMDDR,chemical,1,8
URBL,SMDVL,chemical,1,7
URBL,URXL,chemical,2,1
URBL,URXL,chemical,2,2
URBL,URXL,chemical,3,3
URBL,URXL,chemical,3,5
URBL,URXL,chemical,4,4
URBL,URXL,chemical,7,6
URBL,URXL,chemical,10,8
URBL,URXL,chemical,11,7
URBR,ADAR,chemical,2,7
URBR,ADAR,chemical,3,8
URBR,ADER,chemical,1,5
URBR,AVBL,chemical,1,7
URBR,AVBR,chemical,1,8
URBR,AVBR,chemical,3,7
URBR,AVDL,chemical,1,7
URBR,AVJL,chemical,2,7
URBR,BWM-DR02,chemical,1,1
URBR,BWM-DR04,chemical,1,3
URBR,BWM-DR04,chemical,1,4
URBR,BWM-DR06,chemical,1,2
URBR,BWM-VR04,chemical,1,4
URBR,CEPDR,chemical,1,1
URBR,CEPDR,chemical,1,2
URBR,CEPDR,chemical,1,3
URBR,CEPDR,chemical,1,4
URBR,CEPDR,chemical,2,5
URBR,CEPDR,chemical,2,6
URBR,CEPDR,chemical,2,8
URBR,CEPDR,chemical,3,7
URBR,CEPVR,chemical,1,3
URBR,CEPVR,chemical,1,5
URBR,CEPVR,chemical,1,8
URBR,CEPVR,chemical,2,6
URBR,IL1R,chemical,1,1
URBR,IL1R,chemical,1,7
URBR,IL1R,chemical,1,8
URBR,IL1R,chemical,2,2
URBR,IL1R,chemical,2,4
URBR,IL1R,chemical,2,6
URBR,IL1R,chemical,3,3
URBR,IL1R,chemical,3,5
URBR,IL2R,chemical,1,2
URBR,IL2R,chemical,1,3
URBR,IL2R,chemical,1,5
URBR,IL2R,chemical,1,7
URBR,IL2R,chemical,2,1
URBR,OLLR,chemical,1,8
URBR,OLQDR,chemical,3,7
URBR,OLQVR,chemical,1,7
URBR,RICL,chemical,1,4
URBR,RICL,chemical,2,8
URBR,RICL,chemical,3,5
URBR,RICL,chemical,3,6
URBR,RICL,chemical,4,7
URBR,RICR,chemical,1,2
URBR,RICR,chemical,1,3
URBR,RICR,chemical,1,4
URBR,RICR,chemical,1,5
URBR,RICR,chemical,6,7
URBR,RMDDR,chemical,1,6
URBR,RMDL,chemical,1,6
URBR,RMDL,chemical,1,8
URBR,RMGR,chemical,1,5
URBR,RMHL,chemical,2,5
URBR,RMHL,chemical,3,6
URBR,RMHL,chemical,3,7
URBR,RMHR,chemical,1,5
URBR,RMHR,chemical,1,7
URBR,SDQR,chemical,1,8
URBR,SIAVR,chemical,2,8
URBR,SMBDL,chemical,1,7
URBR,SMBDL,chemical,1,8
URBR,URXR,chemical,1,3
URBR,URXR,chemical,2,1
URBR,URXR,chemical,3,2
URBR,URXR,chemical,4,4
URBR,URXR,chemical,4,6
URBR,URXR,chemical,7,5
URBR,URXR,chemical,8,7
URBR,URXR,chemical,8,8
URXL,ADAL,chemical,1,1
URXL,ADAL,chemical,1,3
URXL,ADAL,chemical,1,5
URXL,ADAL,chemical,1,6
URXL,ADAL,chemical,3,7
URXL,AIBR,chemical,1,2
URXL,AQR,chemical,1,8
URXL,AUAL,chemical,2,1
URXL,AUAL,chemical,2,2
URXL,AUAL,chemical,4,4
URXL,AUAL,chemical,5,3
URXL,AUAL,chemical,9,6
URXL,AUAL,chemical,13,5
URXL,AUAL,chemical,14,8
URXL,AUAL,chemical,16,7
URXL,AVAL,chemical,1,7
URXL,AVBL,chemical,1,7
URXL,AVBR,chemical,1,7
URXL,AVEL,chemical,1,2
URXL,AVEL,chemical,1,4
URXL,AVEL,chemical,1,5
URXL,AVEL,chemical,2,6
URXL,AVEL,chemical,4,8
URXL,AVEL,chemical,6,7
URXL,AVHR,chemical,1,3
URXL,AVHR,chemical,2,7
URXL,AVJR,chemical,1,5
URXL,CEPVL,chemical,1,7
URXL,DVA,chemical,1,1
URXL,DVA,chemical,1,7
URXL,IL1L,chemical,1,2
URXL,IL2L,chemical,1,6
URXL,IL2L,chemical,1,7
URXL,IL2L,chemical,1,8
URXL,OLQVL,chemical,1,1
URXL,OLQVL,chemical,1,2
URXL,PVPL,chemical,1,3
URXL,PVPL,chemical,2,2
URXL,PVPL,chemical,2,7
URXL,RIAL,chemical,2,2
URXL,RIAL,chemical,3,1
URXL,RIAL,chemical,6,3
URXL,RIAL,chemical,7,4
URXL,RIAL,chemical,13,6
URXL,RIAL,chemical,18,5
URXL,RIAL,chemical,20,7
URXL,RIAL,chemical,21,8
URXL,RICL,chemical,1,1
URXL,RICL,chemical,1,2
URXL,RICL,chemical,1,3
URXL,RICL,chemical,1,4
URXL,RICL,chemical,1,5
URXL,RICL,chemical,1,6
URXL,RICL,chemical,3,7
URXL,RICL,chemical,3,8
URXL,RICR,chemical,1,2
URXL,RICR,chemical,2,6
URXL,RICR,chemical,2,8
URXL,RICR,chemical,3,7
URXL,RIGL,chemical,1,1
URXL,RIGL,chemical,1,3
URXL,RIGL,chemical,2,2
URXL,RIGL,chemical,4,5
URXL,RIGL,chemical,5,7
URXL,RIGL,chemical,6,4
URXL,RIGL,chemical,7,6
URXL,RIGL,chemical,10,8
URXL,RIR,chemical,1,1
URXL,RIR,chemical,2,3
URXL,RIR,chemical,3,7
URXL,RIR,chemical,4,4
URXL,RIR,chemical,4,5
URXL,RIR,chemical,4,6
URXL,RIR,chemical,7,8
URXL,RMGL,chemical,1,2
URXL,RMGL,chemical,1,4
URXL,RMGL,chemical,1,5
URXL,RMGL,chemical,1,7
URXL,RMGL,chemical,2,8
URXL,SMBDR,chemical,1,8
URXL,URAVL,chemical,1,2
URXL,URBL,chemical,1,7
URXR,ADAR,chemical,1,1
URXR,ADAR,chemical,1,2
URXR,ADAR,chemical,1,5
URXR,ADAR,chemical,1,6
URXR,ADAR,chemical,2,7
URXR,AIBL,chemical,1,8
URXR,AQR,chemical,1,5
URXR,AQR,chemical,1,8
URXR,AUAR,chemical,2,2
URXR,AUAR,chemical,2,4
URXR,AUAR,chemical,3,1
URXR,AUAR,chemical,4,3
URXR,AUAR,chemical,10,6
URXR,AUAR,chemical,15,5
URXR,AUAR,chemical,16,8
URXR,AUAR,chemical,21,7
URXR,AVBL,chemical,1,3
URXR,AVBL,chemical,1,6
URXR,AVBL,chemical,1,7
URXR,AVER,chemical,1,5
URXR,AVER,chemical,1,6
URXR,AVER,chemical,2,4
URXR,AVER,chemical,3,8
URXR,AVER,chemical,4,7
URXR,AVJL,chemical,1,7
URXR,IL1R,chemical,1,8
URXR,IL2R,chemical,1,4
URXR,IL2R,chemical,3,7
URXR,IL2R,chemical,3,8
URXR,PVPR,chemical,1,5
URXR,PVPR,chemical,2,7
URXR,RIAR,chemical,2,1
URXR,RIAR,chemical,3,2
URXR,RIAR,chemical,6,3
URXR,RIAR,chemical,8,4
URXR,RIAR,chemical,12,6
URXR,RIAR,chemical,14,5
URXR,RIAR,chemical,28,8
URXR,RIAR,chemical,30,7
URXR,RICL,chemical,1,2
URXR,RICL,chemical,1,5
URXR,RICL,chemical,1,6
URXR,RICL,chemical,1,7
URXR,RICL,chemical,1,8
URXR,RICL,chemical,2,4
URXR,RICR,chemical,1,1
URXR,RICR,chemical,1,2
URXR,RICR,chemical,1,4
URXR,RICR,chemical,2,5
URXR,RICR,chemical,3,6
URXR,RICR,chemical,4,7
URXR,RICR,chemical,4,8
URXR,RIGR,chemical,1,1
URXR,RIGR,chemical,2,2
URXR,RIGR,chemical,2,3
URXR,RIGR,chemical,2,4
URXR,RIGR,chemical,3,5
URXR,RIGR,chemical,4,6
URXR,RIGR,chemical,7,7
URXR,RIGR,chemical,9,8
URXR,RIR,chemical,1,6
URXR,RIR,chemical,2,3
URXR,RIR,chemical,2,5
URXR,RIR,chemical,3,4
URXR,RIR,chemical,6,7
URXR,RIR,chemical,7,8
URXR,RMFR,chemical,1,7
URXR,RMGR,chemical,1,4
URXR,RMGR,chemical,1,8
URXR,RMGR,chemical,2,6
URXR,RMGR,chemical,5,7
URXR,SIADL,chemical,1,7
URXR,URAVR,chemical,1,5
URYDL,AVBL,chemical,1,7
URYDL,AVBL,chemical,1,8
URYDL,AVBR,chemical,1,8
URYDL,AVDL,chemical,1,7
URYDL,AVDL,chemical,2,8
URYDL,AVDR,chemical,1,8
URYDL,AVEL,chemical,1,8
URYDL,AVER,chemical,2,5
URYDL,AVER,chemical,3,1
URYDL,AVER,chemical,3,2
URYDL,AVER,chemical,4,4
URYDL,AVER,chemical,5,3
URYDL,AVER,chemical,6,6
URYDL,AVER,chemical,7,7
URYDL,AVER,chemical,7,8
URYDL,BWM-DL01,chemical,1,5
URYDL,BWM-DL01,chemical,1,6
URYDL,BWM-DL01,chemical,1,7
URYDL,BWM-DL01,chemical,1,8
URYDL,BWM-DL03,chemical,1,7
URYDL,BWM-DL03,chemical,3,8
URYDL,BWM-DL05,chemical,2,7
URYDL,BWM-VL02,chemical,1,6
URYDL,CEPDL,chemical,1,7
URYDL,CEPDL,chemical,3,8
URYDL,IL1DL,chemical,1,2
URYDL,IL1DL,chemical,2,5
URYDL,IL1DL,chemical,2,6
URYDL,IL1DL,chemical,6,7
URYDL,IL1DL,chemical,6,8
URYDL,OLQDL,chemical,1,8
URYDL,RIBL,chemical,1,4
URYDL,RIBL,chemical,2,1
URYDL,RIBL,chemical,2,2
URYDL,RIBL,chemical,2,3
URYDL,RIBL,chemical,3,5
URYDL,RIBL,chemical,3,6
URYDL,RIBL,chemical,3,8
URYDL,RIBL,chemical,4,7
URYDL,RID,chemical,1,8
URYDL,RMDDL,chemical,1,5
URYDL,RMDDR,chemical,1,2
URYDL,RMDDR,chemical,1,3
URYDL,RMDDR,chemical,1,4
URYDL,RMDDR,chemical,4,5
URYDL,RMDDR,chemical,5,7
URYDL,RMDDR,chemical,6,6
URYDL,RMDDR,chemical,6,8
URYDL,RMDVL,chemical,1,1
URYDL,RMDVL,chemical,1,2
URYDL,RMDVL,chemical,2,4
URYDL,RMDVL,chemical,3,3
URYDL,RMDVL,chemical,3,5
URYDL,RMDVL,chemical,10,6
URYDL,RMDVL,chemical,14,7
URYDL,RMDVL,chemical,16,8
URYDL,RMED,chemical,1,7
URYDL,RMEL,chemical,1,7
URYDL,RMEV,chemical,1,7
URYDL,SMDDR,chemical,2,6
URYDL,SMDDR,chemical,2,7
URYDL,SMDDR,chemical,3,1
URYDL,SMDDR,chemical,3,3
URYDL,SMDDR,chemical,3,4
URYDL,SMDDR,chemical,4,2
URYDL,SMDDR,chemical,7,5
URYDL,SMDDR,chemical,7,8
URYDR,AVBL,chemical,1,7
URYDR,AVBR,chemical,1,7
URYDR,AVBR,chemical,1,8
URYDR,AVDR,chemical,1,7
URYDR,AVDR,chemical,1,8
URYDR,AVEL,chemical,1,2
URYDR,AVEL,chemical,1,4
URYDR,AVEL,chemical,2,3
URYDR,AVEL,chemical,3,5
URYDR,AVEL,chemical,3,6
URYDR,AVEL,chemical,4,1
URYDR,AVEL,chemical,5,8
URYDR,AVEL,chemical,8,7
URYDR,BWM-DR01,chemical,1,6
URYDR,BWM-DR01,chemical,1,7
URYDR,BWM-DR01,chemical,2,5
URYDR,BWM-DR01,chemical,2,8
URYDR,BWM-DR03,chemical,1,5
URYDR,BWM-DR03,chemical,1,8
URYDR,BWM-DR03,chemical,2,6
URYDR,BWM-DR03,chemical,2,7
URYDR,BWM-DR05,chemical,2,7
URYDR,CEPDR,chemical,2,5
URYDR,IL1DR,chemical,2,6
URYDR,IL1DR,chemical,5,7
URYDR,IL1DR,chemical,5,8
URYDR,OLLR,chemical,1,5
URYDR,OLQDR,chemical,1,6
URYDR,OLQDR,chemical,1,8
URYDR,RIBR,chemical,1,3
URYDR,RIBR,chemical,1,7
URYDR,RIBR,chemical,2,1
URYDR,RIBR,chemical,2,2
URYDR,RIBR,chemical,2,4
URYDR,RIBR,chemical,2,5
URYDR,RIBR,chemical,2,6
URYDR,RIBR,chemical,3,8
URYDR,RMDDL,chemical,1,3
URYDR,RMDDL,chemical,1,4
URYDR,RMDDL,chemical,2,2
URYDR,RMDDL,chemical,2,6
URYDR,RMDDL,chemical,3,5
URYDR,RMDDL,chemical,6,7
URYDR,RMDDL,chemical,7,8
URYDR,RMDDR,chemical,1,5
URYDR,RMDVR,chemical,1,3
URYDR,RMDVR,chemical,1,4
URYDR,RMDVR,chemical,2,2
URYDR,RMDVR,chemical,2,5
URYDR,RMDVR,chemical,4,6
URYDR,RMDVR,chemical,14,7
URYDR,RMDVR,chemical,16,8
URYDR,RMED,chemical,1,7
URYDR,RMER,chemical,1,5
URYDR,RMEV,chemical,1,5
URYDR,SMDDL,chemical,3,1
URYDR,SMDDL,chemical,3,2
URYDR,SMDDL,chemical,3,3
URYDR,SMDDL,chemical,3,4
URYDR,SMDDL,chemical,4,6
URYDR,SMDDL,chemical,4,8
URYDR,SMDDL,chemical,5,5
URYDR,SMDDL,chemical,5,7
URYDR,URADR,chemical,1,5
URYVL,AVBL,chemical,1,8
URYVL,AVBR,chemical,1,6
URYVL,AVBR,chemical,1,7
URYVL,AVER,chemical,2,3
URYVL,AVER,chemical,3,5
URYVL,AVER,chemical,4,1
URYVL,AVER,chemical,4,4
URYVL,AVER,chemical,5,2
URYVL,AVER,chemical,6,6
URYVL,AVER,chemical,6,7
URYVL,AVER,chemical,11,8
URYVL,BWM-VL01,chemical,1,5
URYVL,BWM-VL01,chemical,1,8
URYVL,BWM-VL03,chemical,1,7
URYVL,BWM-VL03,chemical,1,8
URYVL,BWM-VL05,chemical,2,7
URYVL,CEPshVL,chemical,1,2
URYVL,IL1VL,chemical,1,7
URYVL,IL1VL,chemical,3,8
URYVL,IL1VL,chemical,4,6
URYVL,OLLL,chemical,1,5
URYVL,OLLL,chemical,1,7
URYVL,OLLL,chemical,1,8
URYVL,RIAL,chemical,1,5
URYVL,RIBL,chemical,1,1
URYVL,RIBL,chemical,2,2
URYVL,RIBL,chemical,2,4
URYVL,RIBL,chemical,2,5
URYVL,RIBL,chemical,3,6
URYVL,RIBL,chemical,5,7
URYVL,RIBL,chemical,7,8
URYVL,RID,chemical,1,8
URYVL,RIS,chemical,1,8
URYVL,RMDDL,chemical,2,3
URYVL,RMDDL,chemical,2,5
URYVL,RMDDL,chemical,3,1
URYVL,RMDDL,chemical,3,2
URYVL,RMDDL,chemical,3,4
URYVL,RMDDL,chemical,7,7
URYVL,RMDDL,chemical,8,6
URYVL,RMDDL,chemical,14,8
URYVL,RMDR,chemical,1,7
URYVL,RMDVR,chemical,1,1
URYVL,RMDVR,chemical,1,2
URYVL,RMDVR,chemical,1,3
URYVL,RMDVR,chemical,1,4
URYVL,RMDVR,chemical,3,5
URYVL,RMDVR,chemical,3,6
URYVL,RMDVR,chemical,6,8
URYVL,RMDVR,chemical,7,7
URYVL,SIBVL,chemical,1,8
URYVL,SIBVR,chemical,1,6
URYVL,SIBVR,chemical,1,7
URYVL,SIBVR,chemical,2,8
URYVL,SMDVR,chemical,1,3
URYVL,SMDVR,chemical,2,1
URYVL,SMDVR,chemical,2,4
URYVL,SMDVR,chemical,3,2
URYVL,SMDVR,chemical,3,5
URYVL,SMDVR,chemical,4,6
URYVL,SMDVR,chemical,4,7
URYVL,SMDVR,chemical,6,8
URYVR,AIBL,chemical,1,8
URYVR,AVAL,chemical,1,8
URYVR,AVBL,chemical,1,7
URYVR,AVBL,chemical,3,8
URYVR,AVBR,chemical,2,8
URYVR,AVDL,chemical,1,8
URYVR,AVEL,chemical,2,1
URYVR,AVEL,chemical,2,3
URYVR,AVEL,chemical,3,2
URYVR,AVEL,chemical,3,4
URYVR,AVEL,chemical,4,6
URYVR,AVEL,chemical,5,5
URYVR,AVEL,chemical,5,7
URYVR,AVEL,chemical,6,8
URYVR,BWM-VR01,chemical,1,7
URYVR,BWM-VR01,chemical,1,8
URYVR,BWM-VR03,chemical,1,7
URYVR,BWM-VR03,chemical,2,8
URYVR,BWM-VR05,chemical,1,8
URYVR,CEPshVR,chemical,1,4
URYVR,IL1VR,chemical,1,7
URYVR,IL1VR,chemical,2,6
URYVR,IL1VR,chemical,3,8
URYVR,RIBR,chemical,1,1
URYVR,RIBR,chemical,1,3
URYVR,RIBR,chemical,2,2
URYVR,RIBR,chemical,2,6
URYVR,RIBR,chemical,2,8
URYVR,RIBR,chemical,3,4
URYVR,RIBR,chemical,4,7
URYVR,RIBR,chemical,5,5
URYVR,RIPR,chemical,1,8
URYVR,RMDDR,chemical,1,5
URYVR,RMDDR,chemical,2,1
URYVR,RMDDR,chemical,2,2
URYVR,RMDDR,chemical,2,3
URYVR,RMDDR,chemical,3,4
URYVR,RMDDR,chemical,9,6
URYVR,RMDDR,chemical,10,7
URYVR,RMDDR,chemical,11,8
URYVR,RMDVL,chemical,1,1
URYVR,RMDVL,chemical,1,2
URYVR,RMDVL,chemical,1,3
URYVR,RMDVL,chemical,2,4
URYVR,RMDVL,chemical,3,5
URYVR,RMDVL,chemical,3,6
URYVR,RMDVL,chemical,5,7
URYVR,RMDVL,chemical,8,8
URYVR,SIBDR,chemical,1,7
URYVR,SIBDR,chemical,1,8
URYVR,SIBVL,chemical,1,7
URYVR,SIBVL,chemical,2,8
URYVR,SIBVR,chemical,1,8
URYVR,SMDVL,chemical,1,1
URYVR,SMDVL,chemical,2,3
URYVR,SMDVL,chemical,2,4
URYVR,SMDVL,chemical,2,6
URYVR,SMDVL,chemical,2,7
URYVR,SMDVL,chemical,4,2
URYVR,SMDVL,chemical,4,8
URYVR,SMDVL,chemical,5,5
