neuron,smp-2,nrx-1,plx-1,unc-6,unc-129,syg-1,efn-3,cdh-3,cdh-4,syg-2,mig-1,vab-2,nlg-1,rig-3,cfz-2,syd-2,efn-4,slt-1,sax-3,mom-5,egl-20,sax-7,smp-1,nid-1,mig-5,lin-44,vab-1,unc-40,hmr-1,lin-17,efn-2,rig-6,unc-5,plx-2,flp-11,flp-1,hil-7,T05A8.3,flp-19,mps-2,flp-8,mec-7,flp-27,msa-1,C33A12.4,acbp-6,pdf-1,his-24,R102.2,C02B4.4,ntc-1,ceh-5,crf-1,far-1,nlp-12,snet-1,tsp-7,flp-9,asp-4,W04A8.4,Y44A6D.2,mec-12,F09E10.7,F36H1.11,cnd-1,T22F3.12,hil-2,C27A2.8,ins-18,guk-1,F59F3.6,K10C2.12,lbp-1,F13E9.11,flp-12,Y7A9D.1,nlp-57,mec-3,nlp-15,H23L24.1,flp-32,nlp-40,his-41,T05G5.5,flp-15,R08B4.5,flp-28,K02F2.5,unc-42,ace-3,R11D1.12,T07C12.15,hlh-13,F58B4.3,clec-266,rgs-3,nlp-21,R02E12.4,ndk-1,madd-4,C09G5.13,unc-30,glb-34,lim-7,D2096.9,zig-8,ttr-50,mab-20,ZK742.7,sbt-1,flp-34,hil-3,ins-22,Y110A2AL.4,nlp-50,ast-1,act-4,flp-5,C06A8.3,T02E9.5,arl-3,ugt-50,E04D5.5,W02C12.2,flp-24,ZK112.5,nhr-67,eri-6,F42C5.6,F46H5.3,glb-17,pat-10,K08C7.4,tdc-1,mks-2,ncam-1,M04B2.6,C09G1.5,Y23H5B.1,W07A12.8,lntl-1,his-37,hot-5,glr-1,unc-86,aqp-2,pnc-2,Y6B3B.7,nduo-6,daf-21,pgal-1,osm-10,ant-1.1,pps-1,ugt-56,C25G6.1,agr-1,F42G8.19,ceh-9,ssu-1,sptf-1,nlp-37,odr-4,C10C6.7,unc-25,C35E7.11,flp-2,nlp-6,syd-9,chdp-1,C54C6.6,pde-1,C08G9.1,R03H10.1,cab-1,cpi-2,R04B3.2,hsp-16.41,C39B10.7,F41C3.5,E02A10.3,C25D7.15,gcy-33,nlp-3,acs-9,tab-1,F09C12.6,ctc-3,ceh-63,nlp-18,T26C5.5,clc-3,igcm-4,ctc-2,Y41C4A.6,ins-6,F28E10.1,dma-1,pdi-2,tbx-2,sol-1,F14F9.5,dyf-6,F49C12.10,tba-6,glb-18,lag-1,F28A12.3,hmg-1.1,ifta-2,lgc-47,hot-1,pqn-52,capa-1,F58E2.5,T06G6.3,T02C12.5,mksr-2,Y71H2B.1,dct-14,twk-49,M153.4,C30F2.2,unc-39,hlh-15,slc-17.1,nlp-38,flp-22,F34D10.6,F43C9.2,F09E5.16,swt-3,ceh-31,pghm-1
ADAL,0.0,0.0,0.0,0.0,0.0,0.0,0.0,0.0,0.0,0.0,0.0,0.0,0.0,0.0,0.0,0.0,0.0,0.0,0.0,0.0,0.0,0.0,0.0,0.0,0.0,0.0,0.0,0.0,0.0,0.0,0.0,0.0,0.0,0.0,0.0,0.0,0.0,0.0,0.0,0.0,0.0,0.0,0.0,0.0,0.0,0.0,0.0,0.0,0.0,0.0,0.0,0.0,0.0,0.0,0.0,0.0,0.0,0.0,0.0,0.0,0.0,0.0,0.0,0.0,0.0,0.0,0.0,0.0,0.0,0.0,0.0,0.0,0.0,0.0,0.0,0.0,0.0,0.0,0.0,0.0,0.0,0.0,0.0,0.0,0.0,0.0,0.0,0.0,0.0,0.0,0.0,0.0,0.0,0.0,0.0,0.0,0.0,0.0,0.0,0.0,0.0,0.0,0.0,0.0,0.0,0.0,0.0,0.0,0.0,0.0,0.0,0.0,0.0,0.0,0.0,0.0,0.0,0.0,0.0,0.0,0.0,0.0,0.0,0.0,0.0,0.0,0.0,0.0,0.0,0.0,0.0,0.0,0.0,0.0,0.0,0.0,0.0,0.0,0.0,0.0,0.0,0.0,0.0,0.0,0.0,0.0,0.0,0.0,0.0,0.0,0.0,0.0,0.0,0.0,0.0,0.0,0.0,0.0,0.0,0.0,0.0,0.0,0.0,0.0,0.0,0.0,0.0,0.0,0.0,0.0,0.0,0.0,0.0,0.0,0.0,0.0,0.0,0.0,0.0,0.0,0.0,0.0,0.0,0.0,0.0,0.0,0.0,0.0,0.0,0.0,0.0,0.0,0.0,0.0,0.0,0.0,0.0,0.0,0.0,0.0,0.0,0.0,0.0,0.0,0.0,0.0,0.0,0.0,0.0,0.0,0.0,0.0,0.0,0.0,0.0,0.0,0.0,0.0,0.0,0.0,0.0,0.0,0.0,0.0,0.0,0.0,0.0,0.0,0.0,0.0,0.0,0.0,0.0,0.0
ADAR,0.0,0.0,0.0,0.0,0.0,0.0,0.0,0.0,0.0,0.0,0.0,0.0,0.0,0.0,0.0,0.0,0.0,0.0,0.0,0.0,0.0,0.0,0.0,0.0,0.0,0.0,0.0,0.0,0.0,0.0,0.0,0.0,0.0,0.0,0.0,0.0,0.0,0.0,0.0,0.0,0.0,0.0,0.0,0.0,0.0,0.0,0.0,0.0,0.0,0.0,0.0,0.0,0.0,0.0,0.0,0.0,0.0,0.0,0.0,0.0,0.0,0.0,0.0,0.0,0.0,0.0,0.0,0.0,0.0,0.0,0.0,0.0,0.0,0.0,0.0,0.0,0.0,0.0,0.0,0.0,0.0,0.0,0.0,0.0,0.0,0.0,0.0,0.0,0.0,0.0,0.0,0.0,0.0,0.0,0.0,0.0,0.0,0.0,0.0,0.0,0.0,0.0,0.0,0.0,0.0,0.0,0.0,0.0,0.0,0.0,0.0,0.0,0.0,0.0,0.0,0.0,0.0,0.0,0.0,0.0,0.0,0.0,0.0,0.0,0.0,0.0,0.0,0.0,0.0,0.0,0.0,0.0,0.0,0.0,0.0,0.0,0.0,0.0,0.0,0.0,0.0,0.0,0.0,0.0,0.0,0.0,0.0,0.0,0.0,0.0,0.0,0.0,0.0,0.0,0.0,0.0,0.0,0.0,0.0,0.0,0.0,0.0,0.0,0.0,0.0,0.0,0.0,0.0,0.0,0.0,0.0,0.0,0.0,0.0,0.0,0.0,0.0,0.0,0.0,0.0,0.0,0.0,0.0,0.0,0.0,0.0,0.0,0.0,0.0,0.0,0.0,0.0,0.0,0.0,0.0,0.0,0.0,0.0,0.0,0.0,0.0,0.0,0.0,0.0,0.0,0.0,0.0,0.0,0.0,0.0,0.0,0.0,0.0,0.0,0.0,0.0,0.0,0.0,0.0,0.0,0.0,0.0,0.0,0.0,0.0,0.0,0.0,0.0,0.0,0.0,0.0,0.0,0.0,0.0
ADEL,-0.35832995,-0.6377594,-0.5863807,-0.07184876,-0.29328912,0.46807185,0.0,-0.8491572,-0.7352788,-0.7552934,-0.8607938,-0.5457942,-0.07494744,-0.50751746,-0.39166856,0.093115166,0.16953789,-0.26408654,1.8633895,1.2375729,-0.15184641,0.46873313,0.423085,0.46505576,-0.108627275,-0.29439822,-0.7649598,1.042206,1.2815378,-0.6999541,0.8352648,-0.32483354,0.17539972,-0.01139026,-0.08969622,-0.13543849,0.52396965,0.16604637,-0.13583274,-0.22261232,-0.13471934,-0.18019612,-0.33398196,2.321753,0.032427665,-0.1035158,-0.045136206,2.4396083,-0.34089702,-0.14254181,-0.14736962,-0.15712881,-0.13706648,-0.4565098,-0.10622876,-0.20278443,-0.3601632,-0.15468994,-0.15544501,-0.16830297,-0.44902295,-0.4227946,1.5879085,-0.3293872,-0.111457065,-0.10285871,1.0048254,0.9061195,-0.15040447,-0.22972736,3.9636626,-0.105260745,0.7194954,-0.28980505,-0.17162165,0.33832446,-0.27262098,-0.18197845,-0.2618441,-0.17845973,-0.18028031,-0.17969438,-0.42050508,-0.42717317,-0.13361521,-0.13816561,-0.13690129,-0.15723696,-0.549074,-0.097709134,-0.2869903,-0.1939915,0.5020141,-0.30797932,-0.21578561,-0.42152947,-0.38124657,-0.19446401,-0.07036995,-0.38033074,-0.16090772,-0.25302258,-0.1288605,-0.265537,-0.19361831,0.75998944,2.2855053,-0.28697374,1.819287,0.5980442,-0.2052015,2.5289383,-0.13736127,-0.13916577,-0.29024357,2.5154157,-0.83140355,3.6094873,-0.09272616,0.012455601,0.31446406,0.05522775,-0.28574386,-0.4740759,-0.07363714,-0.091602236,-0.24204487,-0.21999276,-0.11552945,-0.45315093,-0.16334516,-0.33654034,-0.2069614,-0.16113873,0.7708369,-0.32298398,-0.1532346,-0.16589922,-0.3744831,-0.2834826,1.2480744,-1.0701054,-0.4022857,-0.30702847,1.7631428,-0.29848778,-0.22517133,-0.31185797,1.8066132,0.12619944,-0.26351932,-0.13835765,0.8448788,-0.13974895,-0.1413686,-0.23478852,-0.36145747,0.56188655,-0.19979209,-0.12944376,-0.25413054,-0.1343601,-0.37211764,-0.09473648,-0.28899387,0.55988574,-0.1394344,-0.15791109,0.58533925,-0.19227551,0.07388001,-0.3282087,-0.22837423,-0.0939753,0.91527027,-0.17481263,-0.14125611,-1.0039262,-0.14196976,-0.14998902,-0.23592822,-0.2226785,-0.16119815,-0.28932342,-0.09171743,-0.29692727,-0.104902744,0.3228788,-0.10136145,-0.18033062,-0.121062614,-0.1949115,0.48791364,1.91626,-0.13977395,-0.15972914,-0.68122506,1.5512844,-0.22527033,3.981088,-0.5680008,-0.18084498,3.6861486,-0.09827855,-0.30422124,-0.48227453,-0.31132117,-0.22683759,2.0080316,0.49980065,-0.4296265,-0.2974128,-0.10572313,-0.14401945,-0.17649053,-0.38137898,-0.39668053,1.2320309,-0.10819188,-0.2047146,-0.32354373,-0.78307754,-0.15152095,0.019746775,-0.17967562,0.1362757,-0.1513935,-0.19841684,-0.33795354,-0.34241444,-0.2358877,-0.09320213,-0.18254045,0.8556336
ADER,-0.35832995,-0.6377594,-0.5863807,-0.07184876,-0.29328912,0.46807185,0.0,-0.8491572,-0.7352788,-0.7552934,-0.8607938,-0.5457942,-0.07494744,-0.50751746,-0.39166856,0.093115166,0.16953789,-0.26408654,1.8633895,1.2375729,-0.15184641,0.46873313,0.423085,0.46505576,-0.108627275,-0.29439822,-0.7649598,1.042206,1.2815378,-0.6999541,0.8352648,-0.32483354,0.17539972,-0.01139026,-0.08969622,-0.13543849,0.52396965,0.16604637,-0.13583274,-0.22261232,-0.13471934,-0.18019612,-0.33398196,2.321753,0.032427665,-0.1035158,-0.045136206,2.4396083,-0.34089702,-0.14254181,-0.14736962,-0.15712881,-0.13706648,-0.4565098,-0.10622876,-0.20278443,-0.3601632,-0.15468994,-0.15544501,-0.16830297,-0.44902295,-0.4227946,1.5879085,-0.3293872,-0.111457065,-0.10285871,1.0048254,0.9061195,-0.15040447,-0.22972736,3.9636626,-0.105260745,0.7194954,-0.28980505,-0.17162165,0.33832446,-0.27262098,-0.18197845,-0.2618441,-0.17845973,-0.18028031,-0.17969438,-0.42050508,-0.42717317,-0.13361521,-0.13816561,-0.13690129,-0.15723696,-0.549074,-0.097709134,-0.2869903,-0.1939915,0.5020141,-0.30797932,-0.21578561,-0.42152947,-0.38124657,-0.19446401,-0.07036995,-0.38033074,-0.16090772,-0.25302258,-0.1288605,-0.265537,-0.19361831,0.75998944,2.2855053,-0.28697374,1.819287,0.5980442,-0.2052015,2.5289383,-0.13736127,-0.13916577,-0.29024357,2.5154157,-0.83140355,3.6094873,-0.09272616,0.012455601,0.31446406,0.05522775,-0.28574386,-0.4740759,-0.07363714,-0.091602236,-0.24204487,-0.21999276,-0.11552945,-0.45315093,-0.16334516,-0.33654034,-0.2069614,-0.16113873,0.7708369,-0.32298398,-0.1532346,-0.16589922,-0.3744831,-0.2834826,1.2480744,-1.0701054,-0.4022857,-0.30702847,1.7631428,-0.29848778,-0.22517133,-0.31185797,1.8066132,0.12619944,-0.26351932,-0.13835765,0.8448788,-0.13974895,-0.1413686,-0.23478852,-0.36145747,0.56188655,-0.19979209,-0.12944376,-0.25413054,-0.1343601,-0.37211764,-0.09473648,-0.28899387,0.55988574,-0.1394344,-0.15791109,0.58533925,-0.19227551,0.07388001,-0.3282087,-0.22837423,-0.0939753,0.91527027,-0.17481263,-0.14125611,-1.0039262,-0.14196976,-0.14998902,-0.23592822,-0.2226785,-0.16119815,-0.28932342,-0.09171743,-0.29692727,-0.104902744,0.3228788,-0.10136145,-0.18033062,-0.121062614,-0.1949115,0.48791364,1.91626,-0.13977395,-0.15972914,-0.68122506,1.5512844,-0.22527033,3.981088,-0.5680008,-0.18084498,3.6861486,-0.09827855,-0.30422124,-0.48227453,-0.31132117,-0.22683759,2.0080316,0.49980065,-0.4296265,-0.2974128,-0.10572313,-0.14401945,-0.17649053,-0.38137898,-0.39668053,1.2320309,-0.10819188,-0.2047146,-0.32354373,-0.78307754,-0.15152095,0.019746775,-0.17967562,0.1362757,-0.1513935,-0.19841684,-0.33795354,-0.34241444,-0.2358877,-0.09320213,-0.18254045,0.8556336
ADFL,-0.35832995,-0.46442366,-0.5863807,-0.3876786,-0.45785543,1.9280622,0.0,1.1176038,0.060877968,-0.4085061,-0.8607938,0.6877479,-0.36898717,2.42675,-0.21850958,-0.77428037,-0.4216868,-0.26408654,-0.28394753,-0.90778196,-0.15184641,-0.012119671,-0.2819938,0.36997998,-0.012969062,-0.29439822,-0.7287211,-0.4362907,-0.78207624,-0.6999541,-0.56930727,-0.070854865,-0.58119756,-0.820083,-0.091266364,-0.13590908,-0.8369634,-0.20284793,0.18351644,-0.5072259,-0.13471934,-0.19108576,-0.32514334,-0.31430194,1.8193986,-0.1035158,-0.36177242,0.4241122,1.4165387,-0.13480796,-0.028114764,-0.15592693,-0.1327347,-0.64964396,-0.11816035,-0.20278443,-0.3486465,-0.004637089,-0.29507917,-0.37626794,0.20975703,-0.5848732,-0.26026434,-0.41445988,-0.16325517,-0.09253507,0.8673212,3.3527515,0.76510435,-0.15990339,-0.2528605,-0.105260745,1.0572364,-0.7104994,-0.17162165,-1.0291324,-0.2636427,-0.18197845,-0.29473403,-0.17845973,-0.14071877,-0.17969438,-0.96233743,2.1087012,-0.11956139,-0.10809675,-0.13690129,-0.21337394,-0.5759573,-0.22671841,-0.055796284,-0.1939915,-0.29898974,3.5019124,0.36994404,1.7972453,-0.38124657,-0.17736419,0.26118404,-0.5192266,-0.16090772,-0.20999503,-0.11670748,-0.16733134,-0.1323262,-0.4740957,1.4969279,-0.5720269,-0.20635845,0.38547587,6.127798,-0.0057032206,-0.13736127,-0.42013398,-0.16599004,-0.5072213,-0.30779356,-0.396104,0.5001029,-0.6395311,1.3336496,-0.8303722,-0.31298283,-0.29305184,1.1075107,-0.091602236,-0.0811031,-0.17340584,-0.11552945,1.0034627,-0.14444093,2.994319,0.42419896,-0.16113873,2.1956248,-0.31820163,-0.1532346,-0.1451429,-0.37091523,-0.2834826,1.8126097,-0.66071045,-0.28520426,-0.42874974,-0.3999109,-0.094225176,-0.22517133,-0.2658874,-0.7990691,1.5216981,-0.08418825,-0.13835765,0.30582765,-0.15440103,-0.1413686,-0.23478852,-0.36055064,2.0455937,-0.13182244,-0.12944376,-0.17319556,-0.11510695,3.5014794,-0.09473648,-0.28899387,2.372329,-0.1394344,-0.15791109,-0.36289513,-0.8014715,1.2606783,-0.3083704,2.0704944,-0.031590357,-0.2127136,-0.82174283,-0.015558177,0.14786644,-0.05976644,-0.22405037,1.8994783,-0.23233902,-0.17780344,6.383725,-0.061882827,0.18941545,-0.104902744,-0.97225386,-0.10136145,-0.18033062,-0.089829795,0.014187183,-0.4537341,-1.6631479,-0.13977395,-0.15972914,-0.76979095,-0.53408957,2.2652059,-0.25181955,-0.5052961,-0.18084498,0.65262604,-0.09827855,-0.30422124,-0.091702,1.6665138,-0.22683759,-0.4187195,3.671778,-0.5796133,-0.24977376,-0.10572313,-0.14401945,-0.17649053,0.9382204,-0.39668053,1.8730105,-0.07360478,-0.031619787,-0.28112558,1.8321036,-0.15152095,-0.20282708,-0.17967562,-0.06541031,-0.1513935,-0.1633664,-0.20934835,-0.40205124,-0.2358877,-0.09320213,-0.26046586,0.02488764
ADFR,-0.35832995,-0.46442366,-0.5863807,-0.3876786,-0.45785543,1.9280622,0.0,1.1176038,0.060877968,-0.4085061,-0.8607938,0.6877479,-0.36898717,2.42675,-0.21850958,-0.77428037,-0.4216868,-0.26408654,-0.28394753,-0.90778196,-0.15184641,-0.012119671,-0.2819938,0.36997998,-0.012969062,-0.29439822,-0.7287211,-0.4362907,-0.78207624,-0.6999541,-0.56930727,-0.070854865,-0.58119756,-0.820083,-0.091266364,-0.13590908,-0.8369634,-0.20284793,0.18351644,-0.5072259,-0.13471934,-0.19108576,-0.32514334,-0.31430194,1.8193986,-0.1035158,-0.36177242,0.4241122,1.4165387,-0.13480796,-0.028114764,-0.15592693,-0.1327347,-0.64964396,-0.11816035,-0.20278443,-0.3486465,-0.004637089,-0.29507917,-0.37626794,0.20975703,-0.5848732,-0.26026434,-0.41445988,-0.16325517,-0.09253507,0.8673212,3.3527515,0.76510435,-0.15990339,-0.2528605,-0.105260745,1.0572364,-0.7104994,-0.17162165,-1.0291324,-0.2636427,-0.18197845,-0.29473403,-0.17845973,-0.14071877,-0.17969438,-0.96233743,2.1087012,-0.11956139,-0.10809675,-0.13690129,-0.21337394,-0.5759573,-0.22671841,-0.055796284,-0.1939915,-0.29898974,3.5019124,0.36994404,1.7972453,-0.38124657,-0.17736419,0.26118404,-0.5192266,-0.16090772,-0.20999503,-0.11670748,-0.16733134,-0.1323262,-0.4740957,1.4969279,-0.5720269,-0.20635845,0.38547587,6.127798,-0.0057032206,-0.13736127,-0.42013398,-0.16599004,-0.5072213,-0.30779356,-0.396104,0.5001029,-0.6395311,1.3336496,-0.8303722,-0.31298283,-0.29305184,1.1075107,-0.091602236,-0.0811031,-0.17340584,-0.11552945,1.0034627,-0.14444093,2.994319,0.42419896,-0.16113873,2.1956248,-0.31820163,-0.1532346,-0.1451429,-0.37091523,-0.2834826,1.8126097,-0.66071045,-0.28520426,-0.42874974,-0.3999109,-0.094225176,-0.22517133,-0.2658874,-0.7990691,1.5216981,-0.08418825,-0.13835765,0.30582765,-0.15440103,-0.1413686,-0.23478852,-0.36055064,2.0455937,-0.13182244,-0.12944376,-0.17319556,-0.11510695,3.5014794,-0.09473648,-0.28899387,2.372329,-0.1394344,-0.15791109,-0.36289513,-0.8014715,1.2606783,-0.3083704,2.0704944,-0.031590357,-0.2127136,-0.82174283,-0.015558177,0.14786644,-0.05976644,-0.22405037,1.8994783,-0.23233902,-0.17780344,6.383725,-0.061882827,0.18941545,-0.104902744,-0.97225386,-0.10136145,-0.18033062,-0.089829795,0.014187183,-0.4537341,-1.6631479,-0.13977395,-0.15972914,-0.76979095,-0.53408957,2.2652059,-0.25181955,-0.5052961,-0.18084498,0.65262604,-0.09827855,-0.30422124,-0.091702,1.6665138,-0.22683759,-0.4187195,3.671778,-0.5796133,-0.24977376,-0.10572313,-0.14401945,-0.17649053,0.9382204,-0.39668053,1.8730105,-0.07360478,-0.031619787,-0.28112558,1.8321036,-0.15152095,-0.20282708,-0.17967562,-0.06541031,-0.1513935,-0.1633664,-0.20934835,-0.40205124,-0.2358877,-0.09320213,-0.26046586,0.02488764
ADLL,1.0645522,-0.5365814,-0.5863807,-0.23162147,-0.341691,-0.84496486,0.0,0.3945299,-0.8209727,-0.74390167,-0.46657425,0.15623643,-0.36898717,-0.65128446,-0.32428536,-0.06940338,0.0006966998,-0.14338782,-0.5167055,-0.15059787,-0.15184641,-0.25585544,-0.63376516,-0.5770489,-0.7861127,-0.098860666,-0.8566227,-0.5260666,-0.8004889,-0.36185843,-0.6535029,-0.68383116,-0.6263047,-0.53738034,-0.091266364,-0.13679887,-1.313619,-0.19109704,-0.1316588,-0.5214407,-0.1314748,-0.1970127,-0.22394149,-0.29937744,1.4292333,-0.09905595,-0.3544841,-0.86418074,1.363829,-0.13642867,-0.10966404,-0.15287273,-0.13021845,-0.5357286,-0.113949195,4.840549,-0.3480713,-0.3452986,-0.34429845,-0.3458259,0.4950448,-0.6141971,-0.2586088,-0.421361,-0.14843816,-0.10285871,-1.1614711,-0.22584778,-0.14278704,-0.13377857,-0.24648254,-0.10149344,-0.63985556,-0.77467436,-0.1688228,-0.9664417,-0.2641048,-0.18197845,-0.29183197,-0.17243433,-0.14275505,-0.16757472,-0.17891178,3.0121965,-0.12028474,-0.13816561,-0.12374772,0.7890087,-0.53648156,-0.18118572,-0.2670545,-0.13669781,-0.29225862,1.9174626,-0.2819066,0.9663785,-0.1818589,-0.13499182,1.0100352,-0.5239466,-0.1570837,-0.23488352,-0.1288605,-0.23966174,-0.14323258,-0.31146678,-0.37092605,-0.6364299,-0.40401107,1.6229856,5.0448785,-0.6271308,-0.032910645,-0.36061075,-0.2465924,-0.48741436,-0.96835506,-0.3982844,-0.31551036,-0.9616404,1.6101884,-0.7024571,0.35998017,-0.4433454,-0.14084749,-0.091602236,-0.21518117,7.797867,-0.108695894,-0.7744625,-0.16334516,-0.160879,0.06743095,-0.16113873,1.6439552,-0.44394922,-0.1481,-0.14621122,-0.38350773,-0.2834826,-0.8878943,0.070986025,-0.3811323,-0.45657176,-0.27791497,-0.25451618,-0.13323087,-0.30822426,0.04230834,0.94502,0.68583417,-0.12686367,2.6541123,-0.09098424,-0.0762234,-0.2102157,-0.39815733,2.1938412,-0.19979209,-0.12944376,-0.26426506,-0.1343601,2.9825044,-0.09473648,-0.2756463,2.1425982,-0.1394344,-0.122837864,-0.4895534,-0.7434553,1.1483675,-0.3219363,-0.6232662,-0.13565758,-0.084681205,0.24634749,-0.18924734,0.5851785,-0.03800674,-0.1783066,3.1713164,-0.23682535,-0.1921467,-0.16326256,-0.072851434,-0.19664241,-0.104902744,-0.6226718,-0.053255875,-0.18033062,0.52081776,0.2520765,-0.29549482,-0.33229804,-0.068888985,0.18119937,-0.62522,-0.30871192,-0.6360523,-0.3653357,-0.49530634,-0.17356902,0.37706524,-0.09827855,-0.2636307,-0.5264709,-0.30309296,-0.22250374,-1.7503535,1.6768686,-0.5266768,-0.28988162,-0.052701496,0.0065673986,-0.17649053,0.9110816,-0.39668053,1.4079489,-0.10819188,-0.18907788,-0.29672047,0.31940114,0.23267563,-0.34272042,-0.17967562,0.16883875,-0.14328969,-0.19841684,-0.2403649,-0.22314088,-0.2358877,-0.09320213,-0.2524811,2.8818848
ADLR,1.0645522,-0.5365814,-0.5863807,-0.23162147,-0.341691,-0.84496486,0.0,0.3945299,-0.8209727,-0.74390167,-0.46657425,0.15623643,-0.36898717,-0.65128446,-0.32428536,-0.06940338,0.0006966998,-0.14338782,-0.5167055,-0.15059787,-0.15184641,-0.25585544,-0.63376516,-0.5770489,-0.7861127,-0.098860666,-0.8566227,-0.5260666,-0.8004889,-0.36185843,-0.6535029,-0.68383116,-0.6263047,-0.53738034,-0.091266364,-0.13679887,-1.313619,-0.19109704,-0.1316588,-0.5214407,-0.1314748,-0.1970127,-0.22394149,-0.29937744,1.4292333,-0.09905595,-0.3544841,-0.86418074,1.363829,-0.13642867,-0.10966404,-0.15287273,-0.13021845,-0.5357286,-0.113949195,4.840549,-0.3480713,-0.3452986,-0.34429845,-0.3458259,0.4950448,-0.6141971,-0.2586088,-0.421361,-0.14843816,-0.10285871,-1.1614711,-0.22584778,-0.14278704,-0.13377857,-0.24648254,-0.10149344,-0.63985556,-0.77467436,-0.1688228,-0.9664417,-0.2641048,-0.18197845,-0.29183197,-0.17243433,-0.14275505,-0.16757472,-0.17891178,3.0121965,-0.12028474,-0.13816561,-0.12374772,0.7890087,-0.53648156,-0.18118572,-0.2670545,-0.13669781,-0.29225862,1.9174626,-0.2819066,0.9663785,-0.1818589,-0.13499182,1.0100352,-0.5239466,-0.1570837,-0.23488352,-0.1288605,-0.23966174,-0.14323258,-0.31146678,-0.37092605,-0.6364299,-0.40401107,1.6229856,5.0448785,-0.6271308,-0.032910645,-0.36061075,-0.2465924,-0.48741436,-0.96835506,-0.3982844,-0.31551036,-0.9616404,1.6101884,-0.7024571,0.35998017,-0.4433454,-0.14084749,-0.091602236,-0.21518117,7.797867,-0.108695894,-0.7744625,-0.16334516,-0.160879,0.06743095,-0.16113873,1.6439552,-0.44394922,-0.1481,-0.14621122,-0.38350773,-0.2834826,-0.8878943,0.070986025,-0.3811323,-0.45657176,-0.27791497,-0.25451618,-0.13323087,-0.30822426,0.04230834,0.94502,0.68583417,-0.12686367,2.6541123,-0.09098424,-0.0762234,-0.2102157,-0.39815733,2.1938412,-0.19979209,-0.12944376,-0.26426506,-0.1343601,2.9825044,-0.09473648,-0.2756463,2.1425982,-0.1394344,-0.122837864,-0.4895534,-0.7434553,1.1483675,-0.3219363,-0.6232662,-0.13565758,-0.084681205,0.24634749,-0.18924734,0.5851785,-0.03800674,-0.1783066,3.1713164,-0.23682535,-0.1921467,-0.16326256,-0.072851434,-0.19664241,-0.104902744,-0.6226718,-0.053255875,-0.18033062,0.52081776,0.2520765,-0.29549482,-0.33229804,-0.068888985,0.18119937,-0.62522,-0.30871192,-0.6360523,-0.3653357,-0.49530634,-0.17356902,0.37706524,-0.09827855,-0.2636307,-0.5264709,-0.30309296,-0.22250374,-1.7503535,1.6768686,-0.5266768,-0.28988162,-0.052701496,0.0065673986,-0.17649053,0.9110816,-0.39668053,1.4079489,-0.10819188,-0.18907788,-0.29672047,0.31940114,0.23267563,-0.34272042,-0.17967562,0.16883875,-0.14328969,-0.19841684,-0.2403649,-0.22314088,-0.2358877,-0.09320213,-0.2524811,2.8818848
AFDL,-0.35832995,-0.5558534,-0.5863807,-0.38595977,-0.31679857,-0.2626956,0.0,-0.5135591,-0.7352788,-0.8382908,-0.09488152,0.33824435,-0.36898717,-0.11472557,-0.6371357,-0.36735404,0.6381584,-0.13380857,-0.7550059,-0.6013027,-0.15184641,-0.53681916,-0.37898877,-0.50833863,-0.22615024,0.022186385,-0.80948186,0.016797071,-0.09530867,-0.6999541,-0.6164449,-0.87547654,-0.38985735,-0.72105944,-0.08992052,-0.13750339,-0.9789674,-0.20701857,-0.12676306,-0.4605438,-0.12946625,-0.18371683,0.6270988,0.40617332,-0.30039054,-0.09870199,-0.34800562,-0.8481946,-0.1278662,-0.093054466,8.017684,0.0451655,-0.13484903,-0.5847688,-0.11475132,-0.17263529,-0.36683732,-0.3428304,-0.28113112,-0.24772112,-0.13645324,-0.61438185,-0.26026434,-0.42631912,-0.121721216,-0.10285871,-0.73801434,-0.33946425,-0.105183534,5.366834,-0.24253431,-0.09916131,-0.55957824,-0.5874829,-0.15349568,-0.9271698,-0.24964088,-0.18197845,-0.25714555,-0.17845973,-0.099273376,-0.16661283,-0.75848264,-0.066313855,-0.09764411,-0.13303481,-0.13690129,0.22070952,-0.5470352,-0.18248667,0.025021566,-0.1939915,-0.23905066,-0.04353164,-0.65125376,-0.046347417,-0.37526846,-0.19008726,2.0702944,-0.4841004,-0.16090772,-0.23099656,-0.1288605,-0.089585185,6.709039,-0.5179348,-0.5130697,-0.7036447,0.51033235,1.3597492,0.15447979,-0.30985406,-0.02913052,-0.35595137,1.7592821,-0.43797925,-0.5190864,-0.30112502,7.1836643,0.10164581,0.9671527,-0.5970029,-0.15733156,-0.16808785,-0.10522911,-0.091602236,-0.14669357,-0.1404992,-0.11552945,0.37052867,-0.16334516,0.10616398,0.15651937,-0.16113873,0.9538385,-0.3817385,-0.011910911,0.06785648,-0.22983107,-0.2834826,-0.76831305,0.01233952,-0.23104414,-0.42808732,-0.46620876,0.43300766,-0.22517133,-0.29420856,-0.90741163,1.0488234,0.048439298,-0.11974836,-0.17398782,-0.11606323,-0.074249305,-0.23478852,-0.4672973,0.9480813,-0.17891568,-0.12944376,-0.24920803,-0.1343601,0.14165367,-0.09473648,-0.28899387,2.3467557,-0.12937567,-0.11532217,-0.51521194,0.023061369,0.22149599,0.33188716,-0.4057935,-0.1301283,1.4415264,0.007600521,-0.2286687,0.3649542,8.021601,-0.21347018,1.06197,-0.2320485,-0.19877854,0.280004,-0.09171743,-0.1562101,-0.104902744,-0.8704937,-0.08578441,-0.18033062,-0.121062614,-0.06987526,-0.34062216,-1.3867307,-0.13977395,-0.14822957,-0.45000488,-0.4933655,-0.71840894,-0.2743111,-0.52520233,-0.08660403,0.29380456,-0.09827855,-0.28231522,0.18698484,-0.20474613,-0.22683759,0.49215707,0.45802605,-0.5367599,-0.07793282,-0.10572313,-0.119638726,-0.17649053,3.3852184,-0.19317117,0.35447758,-0.10819188,-0.12876484,-0.25840157,-0.4388344,-0.15152095,-0.29865146,-0.17967562,0.33837092,-0.1513935,-0.19841684,1.6765547,-0.40205124,-0.16855916,-0.09320213,-0.19798191,1.1593926
AFDR,-0.35832995,-0.5558534,-0.5863807,-0.38595977,-0.31679857,-0.2626956,0.0,-0.5135591,-0.7352788,-0.8382908,-0.09488152,0.33824435,-0.36898717,-0.11472557,-0.6371357,-0.36735404,0.6381584,-0.13380857,-0.7550059,-0.6013027,-0.15184641,-0.53681916,-0.37898877,-0.50833863,-0.22615024,0.022186385,-0.80948186,0.016797071,-0.09530867,-0.6999541,-0.6164449,-0.87547654,-0.38985735,-0.72105944,-0.08992052,-0.13750339,-0.9789674,-0.20701857,-0.12676306,-0.4605438,-0.12946625,-0.18371683,0.6270988,0.40617332,-0.30039054,-0.09870199,-0.34800562,-0.8481946,-0.1278662,-0.093054466,8.017684,0.0451655,-0.13484903,-0.5847688,-0.11475132,-0.17263529,-0.36683732,-0.3428304,-0.28113112,-0.24772112,-0.13645324,-0.61438185,-0.26026434,-0.42631912,-0.121721216,-0.10285871,-0.73801434,-0.33946425,-0.105183534,5.366834,-0.24253431,-0.09916131,-0.55957824,-0.5874829,-0.15349568,-0.9271698,-0.24964088,-0.18197845,-0.25714555,-0.17845973,-0.099273376,-0.16661283,-0.75848264,-0.066313855,-0.09764411,-0.13303481,-0.13690129,0.22070952,-0.5470352,-0.18248667,0.025021566,-0.1939915,-0.23905066,-0.04353164,-0.65125376,-0.046347417,-0.37526846,-0.19008726,2.0702944,-0.4841004,-0.16090772,-0.23099656,-0.1288605,-0.089585185,6.709039,-0.5179348,-0.5130697,-0.7036447,0.51033235,1.3597492,0.15447979,-0.30985406,-0.02913052,-0.35595137,1.7592821,-0.43797925,-0.5190864,-0.30112502,7.1836643,0.10164581,0.9671527,-0.5970029,-0.15733156,-0.16808785,-0.10522911,-0.091602236,-0.14669357,-0.1404992,-0.11552945,0.37052867,-0.16334516,0.10616398,0.15651937,-0.16113873,0.9538385,-0.3817385,-0.011910911,0.06785648,-0.22983107,-0.2834826,-0.76831305,0.01233952,-0.23104414,-0.42808732,-0.46620876,0.43300766,-0.22517133,-0.29420856,-0.90741163,1.0488234,0.048439298,-0.11974836,-0.17398782,-0.11606323,-0.074249305,-0.23478852,-0.4672973,0.9480813,-0.17891568,-0.12944376,-0.24920803,-0.1343601,0.14165367,-0.09473648,-0.28899387,2.3467557,-0.12937567,-0.11532217,-0.51521194,0.023061369,0.22149599,0.33188716,-0.4057935,-0.1301283,1.4415264,0.007600521,-0.2286687,0.3649542,8.021601,-0.21347018,1.06197,-0.2320485,-0.19877854,0.280004,-0.09171743,-0.1562101,-0.104902744,-0.8704937,-0.08578441,-0.18033062,-0.121062614,-0.06987526,-0.34062216,-1.3867307,-0.13977395,-0.14822957,-0.45000488,-0.4933655,-0.71840894,-0.2743111,-0.52520233,-0.08660403,0.29380456,-0.09827855,-0.28231522,0.18698484,-0.20474613,-0.22683759,0.49215707,0.45802605,-0.5367599,-0.07793282,-0.10572313,-0.119638726,-0.17649053,3.3852184,-0.19317117,0.35447758,-0.10819188,-0.12876484,-0.25840157,-0.4388344,-0.15152095,-0.29865146,-0.17967562,0.33837092,-0.1513935,-0.19841684,1.6765547,-0.40205124,-0.16855916,-0.09320213,-0.19798191,1.1593926
AIAL,-0.35832995,0.92937416,-0.5863807,0.988738,-0.45785543,1.67716,0.0,-0.8491572,2.3239958,-0.019383552,-0.8607938,5.819283,-0.36898717,1.1422086,-0.658955,3.8689632,-0.6505479,0.10069179,3.1775277,-0.90778196,-0.15184641,-1.0270258,-0.10093651,-0.17089523,0.3849693,1.4784756,-0.079321705,-0.73516965,0.68332183,-0.6999541,1.8706353,-0.96725035,-0.703889,-0.47504073,-0.091266364,-0.13601665,0.09565319,-0.21366067,8.022708,-0.46335128,-0.13471934,-0.14963637,-0.3231231,-0.032619543,-0.48299876,-0.1035158,-0.33974552,-0.3817873,-0.3370897,-0.14254181,-0.14736962,-0.16746502,-0.13706648,-0.63607234,-0.11816035,-0.20278443,-0.17515728,-0.35365865,-0.33757967,-0.46373886,0.8311858,-0.5942809,-0.26026434,-0.23498389,-0.18330604,-0.10285871,-1.1729597,-0.50993186,7.976208,-0.2990142,-0.2528605,-0.105260745,0.0736045,-0.5664084,-0.17162165,-0.735851,3.1762304,-0.18197845,0.2841289,7.060055,-0.18028031,-0.17969438,0.7264543,-0.41657448,-0.09332758,-0.13816561,-0.09714831,2.8900614,-0.52338547,-0.22671841,-0.2869903,-0.1939915,-0.2684753,-0.24627486,-0.4063029,-0.4425397,-0.34776914,-0.19446401,-0.6954439,3.106331,-0.16090772,-0.25302258,-0.1288605,-0.265537,-0.19361831,-0.28432333,-0.45762265,-0.09729896,0.6395916,3.1116726,-0.15343429,-0.8094815,-0.13736127,-0.43099263,-0.29024357,-0.49560648,0.75289595,-0.39798677,0.24716249,-0.70701134,-0.69118726,-0.12331569,-0.31298283,-0.4009373,-0.02940839,-0.091602236,-0.22096722,-0.17547637,-0.11552945,-0.16182819,-0.16334516,-0.44922873,-0.16172825,-0.16113873,-0.7441002,2.9261425,-0.10668092,-0.16589922,-0.35607287,-0.2834826,-0.9744876,0.33137655,-0.30639043,-0.45657176,-0.073606126,-0.6199188,-0.22517133,-0.31185797,-1.5741644,-0.7892582,0.32335335,-0.13835765,0.2505401,-0.17290895,-0.1413686,-0.23478852,-0.24447668,-0.46539173,-0.19979209,-0.12944376,0.97944677,-0.02397528,-0.4200696,-0.09473648,-0.28899387,-0.34729433,8.028255,-0.07841177,-0.5796344,-0.81966203,-0.63943917,-0.3282087,-0.5573192,-0.1445895,2.6343758,-0.5213974,-0.24323747,0.7277899,-0.14196976,-0.22405037,-0.7889458,-0.24454184,-0.19877854,-0.28932342,-0.09171743,-0.29692727,-0.104902744,-0.2846564,-0.10136145,-0.18033062,-0.121062614,1.6988195,0.16570528,-0.17643769,-0.13977395,-0.15972914,0.68977404,1.0428585,3.369542,0.15122887,-0.5680008,-0.18084498,-0.4899442,-0.09827855,-0.30422124,1.2502227,-0.31132117,-0.22683759,-2.046775,-0.7116707,-0.5796133,-0.2974128,-0.009577231,-0.14401945,-0.17649053,-0.46670645,-0.39668053,-0.72398907,-0.10819188,-0.2047146,-0.26274437,1.0732857,-0.15152095,7.1081657,-0.17967562,1.4771309,8.004286,-0.19841684,-0.33795354,-0.40205124,4.7410383,-0.09320213,0.055257697,2.0463703
AIAR,-0.35832995,0.92937416,-0.5863807,0.988738,-0.45785543,1.67716,0.0,-0.8491572,2.3239958,-0.019383552,-0.8607938,5.819283,-0.36898717,1.1422086,-0.658955,3.8689632,-0.6505479,0.10069179,3.1775277,-0.90778196,-0.15184641,-1.0270258,-0.10093651,-0.17089523,0.3849693,1.4784756,-0.079321705,-0.73516965,0.68332183,-0.6999541,1.8706353,-0.96725035,-0.703889,-0.47504073,-0.091266364,-0.13601665,0.09565319,-0.21366067,8.022708,-0.46335128,-0.13471934,-0.14963637,-0.3231231,-0.032619543,-0.48299876,-0.1035158,-0.33974552,-0.3817873,-0.3370897,-0.14254181,-0.14736962,-0.16746502,-0.13706648,-0.63607234,-0.11816035,-0.20278443,-0.17515728,-0.35365865,-0.33757967,-0.46373886,0.8311858,-0.5942809,-0.26026434,-0.23498389,-0.18330604,-0.10285871,-1.1729597,-0.50993186,7.976208,-0.2990142,-0.2528605,-0.105260745,0.0736045,-0.5664084,-0.17162165,-0.735851,3.1762304,-0.18197845,0.2841289,7.060055,-0.18028031,-0.17969438,0.7264543,-0.41657448,-0.09332758,-0.13816561,-0.09714831,2.8900614,-0.52338547,-0.22671841,-0.2869903,-0.1939915,-0.2684753,-0.24627486,-0.4063029,-0.4425397,-0.34776914,-0.19446401,-0.6954439,3.106331,-0.16090772,-0.25302258,-0.1288605,-0.265537,-0.19361831,-0.28432333,-0.45762265,-0.09729896,0.6395916,3.1116726,-0.15343429,-0.8094815,-0.13736127,-0.43099263,-0.29024357,-0.49560648,0.75289595,-0.39798677,0.24716249,-0.70701134,-0.69118726,-0.12331569,-0.31298283,-0.4009373,-0.02940839,-0.091602236,-0.22096722,-0.17547637,-0.11552945,-0.16182819,-0.16334516,-0.44922873,-0.16172825,-0.16113873,-0.7441002,2.9261425,-0.10668092,-0.16589922,-0.35607287,-0.2834826,-0.9744876,0.33137655,-0.30639043,-0.45657176,-0.073606126,-0.6199188,-0.22517133,-0.31185797,-1.5741644,-0.7892582,0.32335335,-0.13835765,0.2505401,-0.17290895,-0.1413686,-0.23478852,-0.24447668,-0.46539173,-0.19979209,-0.12944376,0.97944677,-0.02397528,-0.4200696,-0.09473648,-0.28899387,-0.34729433,8.028255,-0.07841177,-0.5796344,-0.81966203,-0.63943917,-0.3282087,-0.5573192,-0.1445895,2.6343758,-0.5213974,-0.24323747,0.7277899,-0.14196976,-0.22405037,-0.7889458,-0.24454184,-0.19877854,-0.28932342,-0.09171743,-0.29692727,-0.104902744,-0.2846564,-0.10136145,-0.18033062,-0.121062614,1.6988195,0.16570528,-0.17643769,-0.13977395,-0.15972914,0.68977404,1.0428585,3.369542,0.15122887,-0.5680008,-0.18084498,-0.4899442,-0.09827855,-0.30422124,1.2502227,-0.31132117,-0.22683759,-2.046775,-0.7116707,-0.5796133,-0.2974128,-0.009577231,-0.14401945,-0.17649053,-0.46670645,-0.39668053,-0.72398907,-0.10819188,-0.2047146,-0.26274437,1.0732857,-0.15152095,7.1081657,-0.17967562,1.4771309,8.004286,-0.19841684,-0.33795354,-0.40205124,4.7410383,-0.09320213,0.055257697,2.0463703
AIBL,-0.35832995,-0.13186985,-0.5863807,-0.45986825,-0.22552653,-0.2705113,0.0,-0.8491572,-1.0780547,0.9648673,-0.8607938,-0.5457942,-0.26520845,-0.5973718,0.38323748,-0.3131812,-0.36110592,-0.103154935,-0.76081806,-0.90778196,-0.15184641,-0.95456696,-0.17139322,-0.89769644,-0.9312882,-0.29439822,-1.0766135,-0.646703,1.3401874,-0.6999541,-0.34898224,0.16642639,-0.703889,-0.0698336,-0.08683302,-0.13730903,0.64167917,-0.2081907,-0.13429496,-0.2899498,-0.13471934,-0.19788252,-0.33194956,-0.10761858,-0.5399988,-0.1035158,-0.36177242,-1.2770125,-0.33828413,-0.13765128,-0.13659659,-0.16746502,-0.13706648,-0.5159239,-0.09289346,6.3147526,-0.05951476,-0.34697062,-0.052846704,-0.35984096,0.7846327,-0.63359594,-0.25364205,-0.33285788,-0.04383451,-0.10285871,-0.9419299,-0.5828357,-0.15040447,-0.29425922,-0.2528605,-0.09019154,-0.8309609,-0.8007077,-0.17162165,0.8799255,-0.27262098,-0.18197845,3.6288424,-0.16640893,-0.15526347,-0.16353482,-0.6531922,-0.44483757,-0.098067306,-0.13816561,-0.13690129,1.0480057,0.616982,-0.22671841,-0.27369976,-0.1939915,-0.25860298,-0.30797932,-1.0249237,-0.4425397,-0.26309094,-0.19446401,-0.5614635,-0.49902156,0.40504456,-0.25302258,-0.1288605,1.0592772,-0.17811501,-0.44718468,-0.51439196,-0.4374925,-0.41411698,0.1107776,-0.19551244,-0.6972657,-0.13736127,-0.66445416,-0.2727831,-0.50012624,-0.65269786,-0.42060766,-0.39262798,-0.6888235,-0.65995777,-0.94551665,-0.31298283,0.15589935,-0.0953179,-0.091602236,-0.2771743,-0.1807136,-0.11552945,0.48936373,-0.16334516,-0.23048072,-0.12713818,-0.14113624,-0.7296848,-0.31088743,-0.11215782,-0.16589922,-0.36184862,-0.2834826,-0.22061619,-0.63779736,-0.12729192,0.8629282,-0.466789,-0.55132335,-0.22517133,-0.31185797,-0.20847733,-0.65942687,0.8724929,-0.13835765,-0.25639507,-0.12609483,-0.11767944,-0.23478852,-0.52890056,-0.519459,-0.19979209,-0.12944376,-0.26426506,-0.1343601,-0.42651692,0.008612988,-0.28899387,-0.62866575,-0.1394344,-0.15791109,-0.1994153,-0.8369164,-0.69277143,-0.30311912,-0.40410116,-0.10886183,1.3035138,-0.24455845,-0.20724404,1.1895808,-0.14196976,-0.22405037,-0.59291816,-0.24454184,-0.19877854,-0.23624517,-0.09171743,6.3085036,-0.104902744,-0.77902293,-0.10136145,7.943823,-0.121062614,-0.27448004,-0.6177034,-0.58544695,-0.13977395,-0.15972914,0.38286737,-0.4992182,-1.1191885,-0.46773836,0.06642357,-0.09353351,-0.4032433,-0.09827855,-0.30422124,-0.31588826,-0.24549541,-0.22683759,0.14610438,-0.7116707,0.54264086,-0.2974128,-0.10572313,-0.14401945,-0.17649053,-0.46670645,-0.3671048,-0.7886509,-0.10819188,-0.2047146,-0.21625076,1.2958812,-0.15152095,-0.37356868,-0.17967562,0.47275597,-0.11897825,-0.19841684,-0.30542397,0.10310743,-0.2358877,-0.09320213,-0.2524811,0.5179252
AIBR,-0.35832995,-0.13186985,-0.5863807,-0.45986825,-0.22552653,-0.2705113,0.0,-0.8491572,-1.0780547,0.9648673,-0.8607938,-0.5457942,-0.26520845,-0.5973718,0.38323748,-0.3131812,-0.36110592,-0.103154935,-0.76081806,-0.90778196,-0.15184641,-0.95456696,-0.17139322,-0.89769644,-0.9312882,-0.29439822,-1.0766135,-0.646703,1.3401874,-0.6999541,-0.34898224,0.16642639,-0.703889,-0.0698336,-0.08683302,-0.13730903,0.64167917,-0.2081907,-0.13429496,-0.2899498,-0.13471934,-0.19788252,-0.33194956,-0.10761858,-0.5399988,-0.1035158,-0.36177242,-1.2770125,-0.33828413,-0.13765128,-0.13659659,-0.16746502,-0.13706648,-0.5159239,-0.09289346,6.3147526,-0.05951476,-0.34697062,-0.052846704,-0.35984096,0.7846327,-0.63359594,-0.25364205,-0.33285788,-0.04383451,-0.10285871,-0.9419299,-0.5828357,-0.15040447,-0.29425922,-0.2528605,-0.09019154,-0.8309609,-0.8007077,-0.17162165,0.8799255,-0.27262098,-0.18197845,3.6288424,-0.16640893,-0.15526347,-0.16353482,-0.6531922,-0.44483757,-0.098067306,-0.13816561,-0.13690129,1.0480057,0.616982,-0.22671841,-0.27369976,-0.1939915,-0.25860298,-0.30797932,-1.0249237,-0.4425397,-0.26309094,-0.19446401,-0.5614635,-0.49902156,0.40504456,-0.25302258,-0.1288605,1.0592772,-0.17811501,-0.44718468,-0.51439196,-0.4374925,-0.41411698,0.1107776,-0.19551244,-0.6972657,-0.13736127,-0.66445416,-0.2727831,-0.50012624,-0.65269786,-0.42060766,-0.39262798,-0.6888235,-0.65995777,-0.94551665,-0.31298283,0.15589935,-0.0953179,-0.091602236,-0.2771743,-0.1807136,-0.11552945,0.48936373,-0.16334516,-0.23048072,-0.12713818,-0.14113624,-0.7296848,-0.31088743,-0.11215782,-0.16589922,-0.36184862,-0.2834826,-0.22061619,-0.63779736,-0.12729192,0.8629282,-0.466789,-0.55132335,-0.22517133,-0.31185797,-0.20847733,-0.65942687,0.8724929,-0.13835765,-0.25639507,-0.12609483,-0.11767944,-0.23478852,-0.52890056,-0.519459,-0.19979209,-0.12944376,-0.26426506,-0.1343601,-0.42651692,0.008612988,-0.28899387,-0.62866575,-0.1394344,-0.15791109,-0.1994153,-0.8369164,-0.69277143,-0.30311912,-0.40410116,-0.10886183,1.3035138,-0.24455845,-0.20724404,1.1895808,-0.14196976,-0.22405037,-0.59291816,-0.24454184,-0.19877854,-0.23624517,-0.09171743,6.3085036,-0.104902744,-0.77902293,-0.10136145,7.943823,-0.121062614,-0.27448004,-0.6177034,-0.58544695,-0.13977395,-0.15972914,0.38286737,-0.4992182,-1.1191885,-0.46773836,0.06642357,-0.09353351,-0.4032433,-0.09827855,-0.30422124,-0.31588826,-0.24549541,-0.22683759,0.14610438,-0.7116707,0.54264086,-0.2974128,-0.10572313,-0.14401945,-0.17649053,-0.46670645,-0.3671048,-0.7886509,-0.10819188,-0.2047146,-0.21625076,1.2958812,-0.15152095,-0.37356868,-0.17967562,0.47275597,-0.11897825,-0.19841684,-0.30542397,0.10310743,-0.2358877,-0.09320213,-0.2524811,0.5179252
AIML,-0.35832995,-0.2555317,-0.5863807,-0.07184876,-0.45785543,-0.92702967,0.0,-0.8491572,0.3573193,-0.174312,-0.8607938,-0.10377491,-0.2219673,-0.50751746,-0.39166856,0.093115166,-0.24050502,1.7877915,-0.90321684,0.1648955,-0.15184641,1.3485914,-0.6998183,0.0108050555,-0.9312882,-0.29439822,-0.45330617,-0.66680914,-0.38017377,-0.061328974,-0.50688183,-0.96725035,-0.703889,1.9756833,-0.091266364,-0.13543849,-0.14218521,-0.20591155,-0.1395673,0.047604993,-0.13471934,-0.14569318,-0.33891782,-0.3223885,-0.55515844,-0.1035158,-0.25852147,2.4331815,-0.33455145,-0.12868536,-0.14736962,0.08060392,-0.13706648,-0.4097487,-0.11816035,0.21930367,-0.13591358,-0.28733575,0.07608208,0.14937025,-1.2404246,-0.5766926,-0.26026434,-0.3441377,0.14001435,-0.10285871,2.3023994,-0.59187335,-0.15040447,-0.25859687,-0.2528605,-0.08391271,-0.30542114,-0.05008222,-0.17162165,0.3557623,0.09735841,-0.18197845,-0.29473403,-0.17845973,-0.18028031,-0.13390893,-0.5340654,-0.44483757,-0.032896116,-0.13816561,-0.13690129,-0.40828183,-0.47771707,-0.123510994,-0.2869903,-0.1939915,-0.27991822,-0.26941404,1.7084386,-0.4425397,-0.36032316,-0.17914543,-0.19880998,0.18463768,-0.16090772,-0.25302258,-0.10708633,0.49692088,-0.19361831,-0.35313463,0.39731014,-0.41223067,-0.41411698,-0.35408723,-0.18167093,1.874346,-0.13736127,-0.40180996,0.27867657,-0.3179225,-0.433909,0.21932618,-0.0927262,-0.52268505,-0.6554535,-0.86299646,-0.28574386,-0.29122946,-0.14735171,-0.091602236,-0.20691544,-0.21999276,-0.076805994,-0.36211258,-0.16334516,-0.33654034,-0.15041995,-0.16113873,-0.7608092,-0.25443703,-0.1532346,-0.16589922,-0.22106427,-0.2834826,-0.74357206,0.040825304,-0.4022857,-0.38180012,1.6595668,-0.74699616,-0.22517133,-0.10594812,0.27329645,-0.46947497,0.14592655,-0.13835765,1.0306097,-0.17290895,-0.1413686,-0.23478852,1.2762738,-0.519459,-0.19979209,-0.12944376,0.74513596,-0.09986485,-0.44062045,-0.09473648,-0.28899387,-0.47100076,-0.1394344,-0.15791109,-0.4011304,-0.47745118,-0.59277344,-0.3282087,-0.49690074,0.057867303,0.37805006,0.14441042,-0.14125611,-0.7345481,-0.14196976,0.035164353,-0.84640217,-0.24454184,-0.19877854,-0.28932342,-0.09171743,-0.2590419,-0.104902744,0.28068832,-0.10136145,-0.18033062,-0.121062614,-0.1949115,0.38051087,0.77708983,-0.13977395,-0.15972914,-0.20518377,-0.43366766,1.6792659,-0.46773836,-0.49310353,-0.09838415,-0.4899442,-0.03985276,-0.30422124,-0.4380782,4.4912176,-0.22683759,1.6468023,-0.66989577,-0.51961863,-0.25473616,-0.10572313,-0.14401945,-0.17649053,-0.46670645,-0.39668053,-0.70782363,-0.10819188,-0.16041057,-0.28554413,0.109404705,-0.15152095,1.0248864,-0.17967562,0.320797,-0.1513935,0.42957026,-0.33795354,-0.40205124,-0.09449775,-0.09320213,-0.2365855,-0.26068163
AIMR,-0.35832995,-0.2555317,-0.5863807,-0.07184876,-0.45785543,-0.92702967,0.0,-0.8491572,0.3573193,-0.174312,-0.8607938,-0.10377491,-0.2219673,-0.50751746,-0.39166856,0.093115166,-0.24050502,1.7877915,-0.90321684,0.1648955,-0.15184641,1.3485914,-0.6998183,0.0108050555,-0.9312882,-0.29439822,-0.45330617,-0.66680914,-0.38017377,-0.061328974,-0.50688183,-0.96725035,-0.703889,1.9756833,-0.091266364,-0.13543849,-0.14218521,-0.20591155,-0.1395673,0.047604993,-0.13471934,-0.14569318,-0.33891782,-0.3223885,-0.55515844,-0.1035158,-0.25852147,2.4331815,-0.33455145,-0.12868536,-0.14736962,0.08060392,-0.13706648,-0.4097487,-0.11816035,0.21930367,-0.13591358,-0.28733575,0.07608208,0.14937025,-1.2404246,-0.5766926,-0.26026434,-0.3441377,0.14001435,-0.10285871,2.3023994,-0.59187335,-0.15040447,-0.25859687,-0.2528605,-0.08391271,-0.30542114,-0.05008222,-0.17162165,0.3557623,0.09735841,-0.18197845,-0.29473403,-0.17845973,-0.18028031,-0.13390893,-0.5340654,-0.44483757,-0.032896116,-0.13816561,-0.13690129,-0.40828183,-0.47771707,-0.123510994,-0.2869903,-0.1939915,-0.27991822,-0.26941404,1.7084386,-0.4425397,-0.36032316,-0.17914543,-0.19880998,0.18463768,-0.16090772,-0.25302258,-0.10708633,0.49692088,-0.19361831,-0.35313463,0.39731014,-0.41223067,-0.41411698,-0.35408723,-0.18167093,1.874346,-0.13736127,-0.40180996,0.27867657,-0.3179225,-0.433909,0.21932618,-0.0927262,-0.52268505,-0.6554535,-0.86299646,-0.28574386,-0.29122946,-0.14735171,-0.091602236,-0.20691544,-0.21999276,-0.076805994,-0.36211258,-0.16334516,-0.33654034,-0.15041995,-0.16113873,-0.7608092,-0.25443703,-0.1532346,-0.16589922,-0.22106427,-0.2834826,-0.74357206,0.040825304,-0.4022857,-0.38180012,1.6595668,-0.74699616,-0.22517133,-0.10594812,0.27329645,-0.46947497,0.14592655,-0.13835765,1.0306097,-0.17290895,-0.1413686,-0.23478852,1.2762738,-0.519459,-0.19979209,-0.12944376,0.74513596,-0.09986485,-0.44062045,-0.09473648,-0.28899387,-0.47100076,-0.1394344,-0.15791109,-0.4011304,-0.47745118,-0.59277344,-0.3282087,-0.49690074,0.057867303,0.37805006,0.14441042,-0.14125611,-0.7345481,-0.14196976,0.035164353,-0.84640217,-0.24454184,-0.19877854,-0.28932342,-0.09171743,-0.2590419,-0.104902744,0.28068832,-0.10136145,-0.18033062,-0.121062614,-0.1949115,0.38051087,0.77708983,-0.13977395,-0.15972914,-0.20518377,-0.43366766,1.6792659,-0.46773836,-0.49310353,-0.09838415,-0.4899442,-0.03985276,-0.30422124,-0.4380782,4.4912176,-0.22683759,1.6468023,-0.66989577,-0.51961863,-0.25473616,-0.10572313,-0.14401945,-0.17649053,-0.46670645,-0.39668053,-0.70782363,-0.10819188,-0.16041057,-0.28554413,0.109404705,-0.15152095,1.0248864,-0.17967562,0.320797,-0.1513935,0.42957026,-0.33795354,-0.40205124,-0.09449775,-0.09320213,-0.2365855,-0.26068163
AINL,-0.35832995,-1.2111009,-0.5863807,0.31617072,-0.45785543,-0.2294789,0.0,-0.8491572,0.44836906,-0.65846324,0.47955266,-0.5457942,-0.36898717,-0.35476506,-0.6780469,-1.2882925,-0.6505479,-0.26408654,-0.9896734,0.70123416,-0.15184641,-0.74107194,-0.6998183,-0.89769644,-0.9312882,-0.29439822,-1.0766135,-0.75225985,0.035254143,-0.6999541,0.54766196,-0.48543778,-0.703889,-0.5081587,-0.091266364,-0.13832934,-1.0633518,-0.20784883,-0.13396545,-0.46335128,-0.12782468,0.10568549,-0.33891782,0.17746289,-0.5422728,-0.1035158,-0.36177242,0.61759084,-0.34724262,-0.14254181,-0.14736962,-0.105447784,-0.113783136,-0.2881699,-0.11816035,-0.20278443,-0.10321054,-0.33944657,-0.32523155,-0.29537213,-0.5421291,-0.5492108,-0.24619196,-0.40313974,0.11307096,-0.10285871,0.9513167,-0.59187335,-0.15040447,-0.30190116,-0.2528605,-0.105260745,-0.36343527,-0.5110878,-0.14783132,-0.49869543,-0.27262098,0.28196228,-0.29473403,-0.17845973,-0.18028031,-0.1453553,-0.808503,-0.36534762,-0.13361521,-0.13816561,-0.13690129,-0.39862624,-0.549074,-0.22671841,-0.2869903,-0.1939915,-0.27038246,-0.30797932,-0.8349668,-0.4425397,-0.38124657,-0.19446401,-0.1988099,-0.45095176,-0.16090772,-0.21447708,-0.1288605,-0.265537,-0.19361831,-0.51504356,-0.27142563,-0.46591222,-0.41411698,-0.044644386,-0.22873205,-0.06605189,-0.13736127,0.079704374,-0.2531401,2.0592003,-0.24935807,-0.4384663,-0.12914285,-0.41862997,-0.6554535,-0.9140089,0.95362926,-0.36959222,-0.14735171,-0.091602236,0.30246115,-0.21999276,-0.11552945,-0.68074673,-0.16334516,0.057868943,-0.2069614,-0.16113873,-0.74688506,-0.22016351,-0.1532346,-0.16589922,-0.22106427,-0.2834826,-0.671411,-0.6855525,-0.3123839,-0.45657176,0.05413766,-0.8778112,-0.22517133,-0.31185797,0.0489081,-0.6262315,-0.53648335,-0.13835765,-0.046629228,-0.123168945,-0.1413686,-0.23478852,-0.5564255,-0.41808286,-0.19979209,-0.026618099,-0.23690179,-0.1343601,-0.47487187,-0.09473648,-0.11881278,-0.5740894,-0.1394344,-0.15791109,-0.6594915,0.011421471,-0.64277244,-0.3282087,-0.61438113,-0.1445895,1.3949312,-0.6308456,-0.09026544,1.1895808,-0.14196976,0.05367967,-0.7386715,-0.24454184,-0.19877854,-0.28932342,-0.09171743,4.5334606,-0.104902744,-0.68967974,-0.10136145,-0.18033062,-0.03712442,-0.15512726,0.5953164,0.5239409,-0.13977395,-0.099356376,0.29465955,-0.4684914,-0.026881117,-0.46773836,-0.45565486,-0.057153735,-0.4899442,-0.09827855,-0.30422124,-0.59276545,-0.31132117,-0.22683759,-0.6108856,-0.58634603,-0.5796133,-0.2974128,-0.10572313,-0.14401945,-0.044217385,-0.46670645,5.573925,-0.66740996,-0.10819188,-0.2047146,-0.32354373,-0.24758822,-0.15152095,-0.24246353,-0.17967562,-0.4172882,-0.1513935,-0.19841684,-0.33795354,-0.13368571,-0.16519272,-0.09320213,-0.29063052,0.2177391
AINR,-0.35832995,-1.2111009,-0.5863807,0.31617072,-0.45785543,-0.2294789,0.0,-0.8491572,0.44836906,-0.65846324,0.47955266,-0.5457942,-0.36898717,-0.35476506,-0.6780469,-1.2882925,-0.6505479,-0.26408654,-0.9896734,0.70123416,-0.15184641,-0.74107194,-0.6998183,-0.89769644,-0.9312882,-0.29439822,-1.0766135,-0.75225985,0.035254143,-0.6999541,0.54766196,-0.48543778,-0.703889,-0.5081587,-0.091266364,-0.13832934,-1.0633518,-0.20784883,-0.13396545,-0.46335128,-0.12782468,0.10568549,-0.33891782,0.17746289,-0.5422728,-0.1035158,-0.36177242,0.61759084,-0.34724262,-0.14254181,-0.14736962,-0.105447784,-0.113783136,-0.2881699,-0.11816035,-0.20278443,-0.10321054,-0.33944657,-0.32523155,-0.29537213,-0.5421291,-0.5492108,-0.24619196,-0.40313974,0.11307096,-0.10285871,0.9513167,-0.59187335,-0.15040447,-0.30190116,-0.2528605,-0.105260745,-0.36343527,-0.5110878,-0.14783132,-0.49869543,-0.27262098,0.28196228,-0.29473403,-0.17845973,-0.18028031,-0.1453553,-0.808503,-0.36534762,-0.13361521,-0.13816561,-0.13690129,-0.39862624,-0.549074,-0.22671841,-0.2869903,-0.1939915,-0.27038246,-0.30797932,-0.8349668,-0.4425397,-0.38124657,-0.19446401,-0.1988099,-0.45095176,-0.16090772,-0.21447708,-0.1288605,-0.265537,-0.19361831,-0.51504356,-0.27142563,-0.46591222,-0.41411698,-0.044644386,-0.22873205,-0.06605189,-0.13736127,0.079704374,-0.2531401,2.0592003,-0.24935807,-0.4384663,-0.12914285,-0.41862997,-0.6554535,-0.9140089,0.95362926,-0.36959222,-0.14735171,-0.091602236,0.30246115,-0.21999276,-0.11552945,-0.68074673,-0.16334516,0.057868943,-0.2069614,-0.16113873,-0.74688506,-0.22016351,-0.1532346,-0.16589922,-0.22106427,-0.2834826,-0.671411,-0.6855525,-0.3123839,-0.45657176,0.05413766,-0.8778112,-0.22517133,-0.31185797,0.0489081,-0.6262315,-0.53648335,-0.13835765,-0.046629228,-0.123168945,-0.1413686,-0.23478852,-0.5564255,-0.41808286,-0.19979209,-0.026618099,-0.23690179,-0.1343601,-0.47487187,-0.09473648,-0.11881278,-0.5740894,-0.1394344,-0.15791109,-0.6594915,0.011421471,-0.64277244,-0.3282087,-0.61438113,-0.1445895,1.3949312,-0.6308456,-0.09026544,1.1895808,-0.14196976,0.05367967,-0.7386715,-0.24454184,-0.19877854,-0.28932342,-0.09171743,4.5334606,-0.104902744,-0.68967974,-0.10136145,-0.18033062,-0.03712442,-0.15512726,0.5953164,0.5239409,-0.13977395,-0.099356376,0.29465955,-0.4684914,-0.026881117,-0.46773836,-0.45565486,-0.057153735,-0.4899442,-0.09827855,-0.30422124,-0.59276545,-0.31132117,-0.22683759,-0.6108856,-0.58634603,-0.5796133,-0.2974128,-0.10572313,-0.14401945,-0.044217385,-0.46670645,5.573925,-0.66740996,-0.10819188,-0.2047146,-0.32354373,-0.24758822,-0.15152095,-0.24246353,-0.17967562,-0.4172882,-0.1513935,-0.19841684,-0.33795354,-0.13368571,-0.16519272,-0.09320213,-0.29063052,0.2177391
AIYL,-0.35832995,0.44012251,0.0006372919,-0.21153578,-0.29987177,-0.257381,0.0,0.2784524,-0.23996769,-0.39121178,-0.21742754,0.09071352,0.054430004,-0.37309536,-0.59786093,-0.40419164,-0.45372736,-0.26408654,-0.25306454,0.12198836,-0.15184641,-1.2029976,-0.6998183,-0.2435754,-0.5364109,-0.29439822,-0.777426,-0.8445467,-0.9119216,-0.39341405,0.85827315,0.26618987,-0.703889,-0.5280294,-0.070917346,-0.10086383,-1.1667099,6.4146285,-0.13239692,-0.49165043,-0.13030677,-0.1906456,-0.31522572,-0.30152515,-0.53825253,-0.1035158,5.215429,-0.80647504,-0.34419674,-0.1358907,-0.14004396,-0.16250364,-0.11098913,-0.42957544,-0.11816035,-0.20278443,-0.26635212,2.5888045,-0.3326404,-0.6136806,0.96339566,-0.56438076,-0.25125805,-0.38366908,-0.10570915,-0.10285871,-0.933243,-0.58572775,-0.15040447,-0.3174907,-0.2528605,-0.105260745,-0.3471914,-0.77883977,0.0110881375,-0.6409888,-0.26489967,-0.18197845,6.620046,3.6811705,-0.11223449,-0.14672886,-0.94818246,-0.41940078,-0.12152893,-0.13816561,-0.13690129,0.04746097,-0.53708607,-0.22671841,-0.2869903,-0.1939915,-0.26237243,-0.30797932,-0.9824271,-0.412285,-0.3511169,-0.17975816,-0.013856717,-0.54175025,-0.16090772,-0.24068801,-0.1288605,-0.23738472,-0.19361831,0.7551316,-0.42405474,-0.68708014,-0.29042074,1.0550671,-0.22873205,-0.61871475,-0.12599705,-0.38430032,0.3746508,-0.3957193,-1.0278795,-0.29274,-0.2616994,0.2538633,-0.7075228,-0.8007612,-0.26068398,-0.0874863,-0.12966022,-0.091602236,-0.26031214,-0.20663783,-0.11552945,-0.4677171,-0.1308299,0.49735343,-0.08483189,-0.10673195,-0.7752902,-0.38056344,-0.1392685,-0.11234791,-0.31679764,-0.2834826,0.2586011,-1.049596,-0.35913283,-0.3130102,-0.36638114,-0.67373985,-0.22517133,-0.31185797,1.2202125,-0.40802658,-0.20073767,-0.13835765,0.113841355,-0.061491355,-0.1413686,-0.12975726,-0.27567157,-0.519459,-0.19979209,-0.12944376,-0.20589007,8.0286,-0.47487187,-0.047884725,-0.25268856,-0.083387375,-0.10563705,-0.15791109,-0.3691876,-0.80010706,-0.54877436,-0.3282087,0.51141614,-0.07170505,1.5169562,-1.2218646,-0.09638433,-0.6206397,-0.10662233,-0.09962732,-0.7602176,-0.24454184,-0.19877854,-0.28932342,-0.09171743,-0.27874228,-0.104902744,0.38363126,-0.10136145,-0.14249209,-0.121062614,-0.12170849,-0.53885704,-0.5949778,-0.13977395,-0.15972914,-0.6507584,-0.45595488,-0.63633275,-0.39810455,-0.55002546,-0.18084498,-0.41133535,-0.09827855,-0.2796865,-0.19234644,-0.24417889,-0.22683759,-1.2448448,-0.6515149,-0.40682852,-0.23595841,0.067339465,-0.14401945,-0.15532683,-0.44622785,-0.35645753,-0.7304552,-0.048702065,-0.2047146,-0.06818647,-0.71881884,-0.15152095,-0.016962696,-0.15310419,-0.22538602,-0.12935114,-0.19841684,-0.31583342,-0.31617427,-0.14539814,-0.09320213,-0.23874731,0.9576963
AIYR,-0.35832995,0.44012251,0.0006372919,-0.21153578,-0.29987177,-0.257381,0.0,0.2784524,-0.23996769,-0.39121178,-0.21742754,0.09071352,0.054430004,-0.37309536,-0.59786093,-0.40419164,-0.45372736,-0.26408654,-0.25306454,0.12198836,-0.15184641,-1.2029976,-0.6998183,-0.2435754,-0.5364109,-0.29439822,-0.777426,-0.8445467,-0.9119216,-0.39341405,0.85827315,0.26618987,-0.703889,-0.5280294,-0.070917346,-0.10086383,-1.1667099,6.4146285,-0.13239692,-0.49165043,-0.13030677,-0.1906456,-0.31522572,-0.30152515,-0.53825253,-0.1035158,5.215429,-0.80647504,-0.34419674,-0.1358907,-0.14004396,-0.16250364,-0.11098913,-0.42957544,-0.11816035,-0.20278443,-0.26635212,2.5888045,-0.3326404,-0.6136806,0.96339566,-0.56438076,-0.25125805,-0.38366908,-0.10570915,-0.10285871,-0.933243,-0.58572775,-0.15040447,-0.3174907,-0.2528605,-0.105260745,-0.3471914,-0.77883977,0.0110881375,-0.6409888,-0.26489967,-0.18197845,6.620046,3.6811705,-0.11223449,-0.14672886,-0.94818246,-0.41940078,-0.12152893,-0.13816561,-0.13690129,0.04746097,-0.53708607,-0.22671841,-0.2869903,-0.1939915,-0.26237243,-0.30797932,-0.9824271,-0.412285,-0.3511169,-0.17975816,-0.013856717,-0.54175025,-0.16090772,-0.24068801,-0.1288605,-0.23738472,-0.19361831,0.7551316,-0.42405474,-0.68708014,-0.29042074,1.0550671,-0.22873205,-0.61871475,-0.12599705,-0.38430032,0.3746508,-0.3957193,-1.0278795,-0.29274,-0.2616994,0.2538633,-0.7075228,-0.8007612,-0.26068398,-0.0874863,-0.12966022,-0.091602236,-0.26031214,-0.20663783,-0.11552945,-0.4677171,-0.1308299,0.49735343,-0.08483189,-0.10673195,-0.7752902,-0.38056344,-0.1392685,-0.11234791,-0.31679764,-0.2834826,0.2586011,-1.049596,-0.35913283,-0.3130102,-0.36638114,-0.67373985,-0.22517133,-0.31185797,1.2202125,-0.40802658,-0.20073767,-0.13835765,0.113841355,-0.061491355,-0.1413686,-0.12975726,-0.27567157,-0.519459,-0.19979209,-0.12944376,-0.20589007,8.0286,-0.47487187,-0.047884725,-0.25268856,-0.083387375,-0.10563705,-0.15791109,-0.3691876,-0.80010706,-0.54877436,-0.3282087,0.51141614,-0.07170505,1.5169562,-1.2218646,-0.09638433,-0.6206397,-0.10662233,-0.09962732,-0.7602176,-0.24454184,-0.19877854,-0.28932342,-0.09171743,-0.27874228,-0.104902744,0.38363126,-0.10136145,-0.14249209,-0.121062614,-0.12170849,-0.53885704,-0.5949778,-0.13977395,-0.15972914,-0.6507584,-0.45595488,-0.63633275,-0.39810455,-0.55002546,-0.18084498,-0.41133535,-0.09827855,-0.2796865,-0.19234644,-0.24417889,-0.22683759,-1.2448448,-0.6515149,-0.40682852,-0.23595841,0.067339465,-0.14401945,-0.15532683,-0.44622785,-0.35645753,-0.7304552,-0.048702065,-0.2047146,-0.06818647,-0.71881884,-0.15152095,-0.016962696,-0.15310419,-0.22538602,-0.12935114,-0.19841684,-0.31583342,-0.31617427,-0.14539814,-0.09320213,-0.23874731,0.9576963
AIZL,-0.35832995,1.5409384,-0.5863807,-0.45986825,-0.45785543,-0.36898905,0.0,-0.8491572,2.4696758,2.3045423,-0.8607938,-0.5457942,-0.36898717,-0.81302226,-0.048014596,-1.2882925,-0.6505479,-0.26408654,0.41092107,4.24107,-0.15184641,0.38074723,0.19850434,0.19250534,-0.9312882,-0.29439822,-0.3286447,-1.0086122,1.0821326,-0.6999541,0.029976824,-0.96725035,-0.703889,-1.004927,-0.091266364,-0.1348603,0.8679759,-0.21366067,-0.1395673,-0.45156,-0.12368786,-0.1930115,-0.33891782,-0.20068555,-0.565467,0.60411316,-0.36177242,0.338022,-0.33201322,-0.14254181,-0.12905547,-0.16746502,-0.13706648,-0.18716596,-0.11816035,-0.20278443,0.011717396,-0.35365865,0.082256176,-0.51456654,-0.1371176,-0.6382517,-0.26026434,-0.41199005,0.032240864,0.2522746,-0.44524768,-0.59187335,-0.15040447,-0.2759186,-0.2528605,0.35585693,1.4350029,-0.83194757,-0.17162165,-0.16388753,-0.27262098,-0.18197845,-0.29473403,-0.17845973,-0.18028031,-0.17969438,-0.6665526,-0.44483757,-0.13361521,-0.13816561,-0.13690129,-0.41600627,-0.52338547,0.2686772,-0.2869903,-0.1939915,-0.29898974,-0.30797932,2.1542487,-0.3921152,-0.38124657,-0.19446401,-0.5070655,-0.49332437,-0.16090772,-0.25302258,-0.1288605,-0.265537,-0.19361831,-0.5757594,1.3256729,-0.6269568,-0.41411698,-0.25887415,-0.22873205,0.87375546,-0.13736127,-0.38430038,-0.29024357,1.943946,0.593898,-0.4384663,-0.18012613,-0.5167391,-0.7320259,0.20316395,-0.18223576,-0.2755569,-0.14735171,-0.091602236,-0.2771743,-0.21999276,0.7208971,-1.0357962,-0.16334516,-0.44922873,-0.2069614,-0.16113873,-0.78865725,-0.28185576,-0.1532346,-0.16589922,-0.33152586,-0.2834826,-0.90521294,-0.4206381,-0.33036426,-0.45657176,1.0588256,-0.44051546,-0.22517133,-0.31185797,0.8791436,-0.2876374,-0.82309556,-0.13835765,-0.49238303,-0.17290895,-0.1413686,-0.23478852,-0.5564255,-0.519459,-0.19979209,-0.12944376,-0.288588,-0.1343601,-0.47487187,-0.09473648,-0.28899387,-0.6771781,-0.1394344,-0.15791109,-0.72995365,-1.0152111,-0.69277143,-0.15759936,-0.66472983,-0.023115419,-0.5275499,-0.08360599,0.0015177743,-0.5652247,-0.14196976,-0.22405037,-0.5878485,-0.19206981,-0.19877854,-0.28932342,-0.09171743,-0.29692727,0.92109966,2.4492507,-0.10136145,0.5764399,-0.121062614,0.68034226,-0.049100336,0.7011451,-0.13977395,-0.15972914,1.22294,-0.5729626,4.2583246,-0.46773836,-0.47812402,-0.18084498,-0.4899442,0.32238716,-0.30422124,-0.12870368,-0.31132117,-0.22683759,-1.0714539,-0.7116707,-0.5796133,-0.2974128,-0.10572313,-0.14401945,-0.17649053,-0.46670645,-0.39668053,-0.7886509,0.6354309,-0.2047146,-0.32354373,-0.78307754,-0.15152095,-0.37356868,-0.17967562,-0.3434797,-0.1513935,-0.19841684,-0.33795354,-0.40205124,-0.2358877,-0.09320213,0.35790986,-1.0580499
AIZR,-0.35832995,1.5409384,-0.5863807,-0.45986825,-0.45785543,-0.36898905,0.0,-0.8491572,2.4696758,2.3045423,-0.8607938,-0.5457942,-0.36898717,-0.81302226,-0.048014596,-1.2882925,-0.6505479,-0.26408654,0.41092107,4.24107,-0.15184641,0.38074723,0.19850434,0.19250534,-0.9312882,-0.29439822,-0.3286447,-1.0086122,1.0821326,-0.6999541,0.029976824,-0.96725035,-0.703889,-1.004927,-0.091266364,-0.1348603,0.8679759,-0.21366067,-0.1395673,-0.45156,-0.12368786,-0.1930115,-0.33891782,-0.20068555,-0.565467,0.60411316,-0.36177242,0.338022,-0.33201322,-0.14254181,-0.12905547,-0.16746502,-0.13706648,-0.18716596,-0.11816035,-0.20278443,0.011717396,-0.35365865,0.082256176,-0.51456654,-0.1371176,-0.6382517,-0.26026434,-0.41199005,0.032240864,0.2522746,-0.44524768,-0.59187335,-0.15040447,-0.2759186,-0.2528605,0.35585693,1.4350029,-0.83194757,-0.17162165,-0.16388753,-0.27262098,-0.18197845,-0.29473403,-0.17845973,-0.18028031,-0.17969438,-0.6665526,-0.44483757,-0.13361521,-0.13816561,-0.13690129,-0.41600627,-0.52338547,0.2686772,-0.2869903,-0.1939915,-0.29898974,-0.30797932,2.1542487,-0.3921152,-0.38124657,-0.19446401,-0.5070655,-0.49332437,-0.16090772,-0.25302258,-0.1288605,-0.265537,-0.19361831,-0.5757594,1.3256729,-0.6269568,-0.41411698,-0.25887415,-0.22873205,0.87375546,-0.13736127,-0.38430038,-0.29024357,1.943946,0.593898,-0.4384663,-0.18012613,-0.5167391,-0.7320259,0.20316395,-0.18223576,-0.2755569,-0.14735171,-0.091602236,-0.2771743,-0.21999276,0.7208971,-1.0357962,-0.16334516,-0.44922873,-0.2069614,-0.16113873,-0.78865725,-0.28185576,-0.1532346,-0.16589922,-0.33152586,-0.2834826,-0.90521294,-0.4206381,-0.33036426,-0.45657176,1.0588256,-0.44051546,-0.22517133,-0.31185797,0.8791436,-0.2876374,-0.82309556,-0.13835765,-0.49238303,-0.17290895,-0.1413686,-0.23478852,-0.5564255,-0.519459,-0.19979209,-0.12944376,-0.288588,-0.1343601,-0.47487187,-0.09473648,-0.28899387,-0.6771781,-0.1394344,-0.15791109,-0.72995365,-1.0152111,-0.69277143,-0.15759936,-0.66472983,-0.023115419,-0.5275499,-0.08360599,0.0015177743,-0.5652247,-0.14196976,-0.22405037,-0.5878485,-0.19206981,-0.19877854,-0.28932342,-0.09171743,-0.29692727,0.92109966,2.4492507,-0.10136145,0.5764399,-0.121062614,0.68034226,-0.049100336,0.7011451,-0.13977395,-0.15972914,1.22294,-0.5729626,4.2583246,-0.46773836,-0.47812402,-0.18084498,-0.4899442,0.32238716,-0.30422124,-0.12870368,-0.31132117,-0.22683759,-1.0714539,-0.7116707,-0.5796133,-0.2974128,-0.10572313,-0.14401945,-0.17649053,-0.46670645,-0.39668053,-0.7886509,0.6354309,-0.2047146,-0.32354373,-0.78307754,-0.15152095,-0.37356868,-0.17967562,-0.3434797,-0.1513935,-0.19841684,-0.33795354,-0.40205124,-0.2358877,-0.09320213,0.35790986,-1.0580499
ALA,-0.35832995,-0.44664556,-0.5863807,-0.28741515,-0.45785543,-0.61700714,0.0,-0.8491572,1.692717,2.1496143,0.6284801,-0.25111467,-0.36898717,0.0016572106,-0.8371459,0.86056393,1.2629856,-0.26408654,1.1717381,0.5224546,-0.15184641,-0.8510542,-0.45028424,2.433476,0.165593,0.07495048,0.37777033,1.0422065,-1.3772008,1.0030462,-0.37905836,0.10344435,1.0546886,1.2029326,-0.091266364,-0.13832934,-0.85604596,-0.21107763,-0.12711874,0.06070633,-0.13471934,0.35377815,1.9743516,0.43101072,-0.5345414,-0.086667486,1.4692107,0.22233805,-0.33455145,-0.14254181,-0.14228235,-0.14679262,-0.13706648,-0.25076103,-0.11816035,-0.20278443,-0.26361126,-0.3410257,-0.0576891,0.18643206,-0.79041183,1.3653522,-0.25400996,1.0374936,-0.17133121,-0.078196675,0.4340704,-0.5748022,-0.15040447,-0.2489737,-0.2528605,-0.105260745,-0.086256534,0.12202637,-0.16104817,-0.46381953,-0.27262098,-0.18197845,-0.2837707,-0.17845973,2.9857404,-0.17969438,1.6172721,-0.44483757,-0.1168287,-0.13816561,1.3207082,1.3039726,-0.401603,5.5528965,-0.2869903,-0.1939915,2.0150213,-0.30797932,0.13984641,-0.4425397,-0.38124657,-0.1842516,-0.59840053,-0.3803307,-0.16090772,-0.25302258,-0.1288605,0.5751218,-0.19361831,-0.4273429,-0.5730124,-0.29293832,-0.41411698,1.232799,-0.16598392,0.11318165,-0.13736127,-0.0613452,-0.29024357,-0.34193388,0.730182,-0.33726746,-0.4811704,-0.27493465,-0.68097764,-0.1743281,-0.31298283,0.17024015,11.180122,-0.091602236,-0.18349583,1.0227565,-0.11552945,-0.5340738,-0.16334516,-0.35532176,-0.18811424,-0.14224748,-0.77009183,-0.41437992,-0.1532346,-0.16589922,1.7631528,-0.2834826,0.41100585,0.9808438,-0.3823075,-0.406724,-0.44648,0.9847443,-0.22517133,-0.31185797,0.18603396,-0.7516367,1.7154695,-0.13835765,0.10195481,-0.15080228,-0.1413686,-0.23478852,-0.29646814,-0.519459,-0.19979209,-0.12944376,-0.288588,-0.1343601,-0.4292033,-0.09473648,-0.28899387,-0.6084523,-0.1394344,-0.15791109,-0.040990595,2.6459017,-0.6705497,-0.30451298,-0.5080894,-0.1108467,1.0687618,0.46363363,-0.20924369,0.21468882,-0.11742293,-0.19936326,-0.70276123,-0.24454184,-0.19877854,-0.28932342,-0.09171743,-0.12012877,-0.06927767,-0.0427677,-0.10136145,-0.18033062,-0.121062614,-0.27448004,-0.084901206,-0.7839953,-0.13977395,-0.10606447,-0.36386415,-0.38723606,-0.02688089,-0.08088381,-0.09365121,-0.18084498,-0.4899442,-0.09827855,-0.30422124,4.3498607,-0.28023678,-0.22683759,-1.1075767,-0.6559708,-0.49962035,-0.12670615,-0.10572313,-0.14401945,-0.17649053,-0.40982148,-0.39668053,-0.734766,-0.10819188,-0.2047146,-0.32354373,-0.6343305,-0.15152095,-0.31529972,-0.17967562,1.7969682,-0.1513935,-0.19841684,-0.33795354,-0.28277767,-0.2358877,-0.09320213,-0.21857049,0.6784409
ALML,0.0,0.0,0.0,0.0,0.0,0.0,0.0,0.0,0.0,0.0,0.0,0.0,0.0,0.0,0.0,0.0,0.0,0.0,0.0,0.0,0.0,0.0,0.0,0.0,0.0,0.0,0.0,0.0,0.0,0.0,0.0,0.0,0.0,0.0,0.0,0.0,0.0,0.0,0.0,0.0,0.0,0.0,0.0,0.0,0.0,0.0,0.0,0.0,0.0,0.0,0.0,0.0,0.0,0.0,0.0,0.0,0.0,0.0,0.0,0.0,0.0,0.0,0.0,0.0,0.0,0.0,0.0,0.0,0.0,0.0,0.0,0.0,0.0,0.0,0.0,0.0,0.0,0.0,0.0,0.0,0.0,0.0,0.0,0.0,0.0,0.0,0.0,0.0,0.0,0.0,0.0,0.0,0.0,0.0,0.0,0.0,0.0,0.0,0.0,0.0,0.0,0.0,0.0,0.0,0.0,0.0,0.0,0.0,0.0,0.0,0.0,0.0,0.0,0.0,0.0,0.0,0.0,0.0,0.0,0.0,0.0,0.0,0.0,0.0,0.0,0.0,0.0,0.0,0.0,0.0,0.0,0.0,0.0,0.0,0.0,0.0,0.0,0.0,0.0,0.0,0.0,0.0,0.0,0.0,0.0,0.0,0.0,0.0,0.0,0.0,0.0,0.0,0.0,0.0,0.0,0.0,0.0,0.0,0.0,0.0,0.0,0.0,0.0,0.0,0.0,0.0,0.0,0.0,0.0,0.0,0.0,0.0,0.0,0.0,0.0,0.0,0.0,0.0,0.0,0.0,0.0,0.0,0.0,0.0,0.0,0.0,0.0,0.0,0.0,0.0,0.0,0.0,0.0,0.0,0.0,0.0,0.0,0.0,0.0,0.0,0.0,0.0,0.0,0.0,0.0,0.0,0.0,0.0,0.0,0.0,0.0,0.0,0.0,0.0,0.0,0.0,0.0,0.0,0.0,0.0,0.0,0.0,0.0,0.0,0.0,0.0,0.0,0.0,0.0,0.0,0.0,0.0,0.0,0.0
ALMR,0.0,0.0,0.0,0.0,0.0,0.0,0.0,0.0,0.0,0.0,0.0,0.0,0.0,0.0,0.0,0.0,0.0,0.0,0.0,0.0,0.0,0.0,0.0,0.0,0.0,0.0,0.0,0.0,0.0,0.0,0.0,0.0,0.0,0.0,0.0,0.0,0.0,0.0,0.0,0.0,0.0,0.0,0.0,0.0,0.0,0.0,0.0,0.0,0.0,0.0,0.0,0.0,0.0,0.0,0.0,0.0,0.0,0.0,0.0,0.0,0.0,0.0,0.0,0.0,0.0,0.0,0.0,0.0,0.0,0.0,0.0,0.0,0.0,0.0,0.0,0.0,0.0,0.0,0.0,0.0,0.0,0.0,0.0,0.0,0.0,0.0,0.0,0.0,0.0,0.0,0.0,0.0,0.0,0.0,0.0,0.0,0.0,0.0,0.0,0.0,0.0,0.0,0.0,0.0,0.0,0.0,0.0,0.0,0.0,0.0,0.0,0.0,0.0,0.0,0.0,0.0,0.0,0.0,0.0,0.0,0.0,0.0,0.0,0.0,0.0,0.0,0.0,0.0,0.0,0.0,0.0,0.0,0.0,0.0,0.0,0.0,0.0,0.0,0.0,0.0,0.0,0.0,0.0,0.0,0.0,0.0,0.0,0.0,0.0,0.0,0.0,0.0,0.0,0.0,0.0,0.0,0.0,0.0,0.0,0.0,0.0,0.0,0.0,0.0,0.0,0.0,0.0,0.0,0.0,0.0,0.0,0.0,0.0,0.0,0.0,0.0,0.0,0.0,0.0,0.0,0.0,0.0,0.0,0.0,0.0,0.0,0.0,0.0,0.0,0.0,0.0,0.0,0.0,0.0,0.0,0.0,0.0,0.0,0.0,0.0,0.0,0.0,0.0,0.0,0.0,0.0,0.0,0.0,0.0,0.0,0.0,0.0,0.0,0.0,0.0,0.0,0.0,0.0,0.0,0.0,0.0,0.0,0.0,0.0,0.0,0.0,0.0,0.0,0.0,0.0,0.0,0.0,0.0,0.0
ALNL,-0.35832995,-1.2111009,-0.5863807,-0.45986825,0.6705994,-0.92702967,0.0,-0.8491572,-1.4636774,-0.9489539,0.67103076,-0.5457942,-0.36898717,1.281868,-0.96442515,0.2904592,0.7553135,0.51758134,-0.063354254,-0.90778196,-0.15184641,2.0399084,-0.6998183,2.2171657,4.709815,-0.29439822,2.1289673,1.3351804,-1.7095432,1.4896177,2.3965375,-0.96725035,5.3255196,-1.004927,-0.091266364,-0.13832934,2.0090632,-0.21366067,-0.1395673,0.7663126,-0.13471934,7.1464005,-0.33891782,1.4907371,-0.565467,-0.045750163,-0.36177242,-1.6230913,-0.34724262,-0.14254181,-0.14736962,-0.16746502,-0.13706648,1.307051,-0.11816035,-0.20278443,-0.36950693,-0.32117394,-0.35169178,2.1212125,-1.5895723,3.028916,-0.26026434,-0.39681807,-0.18330604,-0.10285871,-1.7661365,-0.59187335,-0.15040447,-0.24622421,-0.2528605,-0.105260745,-0.8192606,0.95095813,-0.17162165,-0.88731176,-0.27262098,4.059766,-0.29473403,-0.17845973,-0.18028031,-0.17969438,1.539763,-0.3842738,-0.13361521,-0.13816561,-0.13690129,-0.46897396,-0.54295766,-0.22671841,-0.2869903,-0.1939915,-0.29898974,-0.30797932,-1.2554656,-0.4425397,-0.38124657,-0.19446401,-0.7492664,-0.54175025,-0.16090772,-0.25302258,-0.1288605,-0.265537,-0.19361831,-0.5757594,-0.5355482,0.26262286,-0.11960215,-1.3606265,-0.22873205,-1.1781906,-0.13736127,-0.4643443,-0.29024357,3.088258,1.9470022,-0.4384663,-0.28001177,-1.0875559,-0.7320259,3.1414819,0.15397094,-0.5263177,-0.14735171,-0.091602236,-0.2771743,-0.21999276,-0.11552945,-0.45315084,-0.16334516,0.2269015,-0.2069614,-0.16113873,-0.78865725,-0.4111158,-0.1532346,-0.16589922,-0.4051669,-0.2834826,-0.9744876,3.886355,-0.4022857,-0.45657176,1.3784317,3.4551008,-0.22517133,-0.2412603,-0.09534116,-0.22314328,-1.1506523,-0.13835765,-1.0654949,-0.17290895,-0.1413686,-0.23478852,-0.5564255,-0.519459,-0.19979209,-0.12944376,-0.288588,-0.1343601,-0.47487187,-0.09473648,-0.28899387,-0.6771781,-0.1394344,-0.15791109,0.719553,1.5827981,-0.69277143,-0.3282087,1.8670917,-0.1445895,-1.4090297,0.8545191,-0.24323747,-0.85549337,-0.14196976,7.3936887,-0.7232814,-0.24454184,0.0589155,-0.28932342,-0.09171743,-0.29692727,-0.104902744,-1.5575866,-0.10136145,-0.18033062,-0.121062614,-0.27448004,-0.6935171,-0.39824405,-0.13977395,0.2542555,-1.0620581,1.6955543,0.31321466,-0.46773836,-0.5680008,-0.18084498,-0.3495713,-0.09827855,-0.30422124,-0.65906,-0.31132117,-0.22683759,-0.1270952,-0.7116707,-0.5796133,-0.2974128,-0.10572313,-0.14401945,1.1840334,-0.46670645,-0.39668053,-0.7886509,-0.10819188,-0.2047146,-0.32354373,-0.63008064,-0.15152095,-0.37356868,-0.17967562,-0.57544935,-0.1513935,-0.19841684,-0.33795354,-0.40205124,-0.2358877,-0.09320213,-0.29063052,-1.5136888
ALNR,-0.35832995,-1.2111009,-0.5863807,-0.45986825,0.6705994,-0.92702967,0.0,-0.8491572,-1.4636774,-0.9489539,0.67103076,-0.5457942,-0.36898717,1.281868,-0.96442515,0.2904592,0.7553135,0.51758134,-0.063354254,-0.90778196,-0.15184641,2.0399084,-0.6998183,2.2171657,4.709815,-0.29439822,2.1289673,1.3351804,-1.7095432,1.4896177,2.3965375,-0.96725035,5.3255196,-1.004927,-0.091266364,-0.13832934,2.0090632,-0.21366067,-0.1395673,0.7663126,-0.13471934,7.1464005,-0.33891782,1.4907371,-0.565467,-0.045750163,-0.36177242,-1.6230913,-0.34724262,-0.14254181,-0.14736962,-0.16746502,-0.13706648,1.307051,-0.11816035,-0.20278443,-0.36950693,-0.32117394,-0.35169178,2.1212125,-1.5895723,3.028916,-0.26026434,-0.39681807,-0.18330604,-0.10285871,-1.7661365,-0.59187335,-0.15040447,-0.24622421,-0.2528605,-0.105260745,-0.8192606,0.95095813,-0.17162165,-0.88731176,-0.27262098,4.059766,-0.29473403,-0.17845973,-0.18028031,-0.17969438,1.539763,-0.3842738,-0.13361521,-0.13816561,-0.13690129,-0.46897396,-0.54295766,-0.22671841,-0.2869903,-0.1939915,-0.29898974,-0.30797932,-1.2554656,-0.4425397,-0.38124657,-0.19446401,-0.7492664,-0.54175025,-0.16090772,-0.25302258,-0.1288605,-0.265537,-0.19361831,-0.5757594,-0.5355482,0.26262286,-0.11960215,-1.3606265,-0.22873205,-1.1781906,-0.13736127,-0.4643443,-0.29024357,3.088258,1.9470022,-0.4384663,-0.28001177,-1.0875559,-0.7320259,3.1414819,0.15397094,-0.5263177,-0.14735171,-0.091602236,-0.2771743,-0.21999276,-0.11552945,-0.45315084,-0.16334516,0.2269015,-0.2069614,-0.16113873,-0.78865725,-0.4111158,-0.1532346,-0.16589922,-0.4051669,-0.2834826,-0.9744876,3.886355,-0.4022857,-0.45657176,1.3784317,3.4551008,-0.22517133,-0.2412603,-0.09534116,-0.22314328,-1.1506523,-0.13835765,-1.0654949,-0.17290895,-0.1413686,-0.23478852,-0.5564255,-0.519459,-0.19979209,-0.12944376,-0.288588,-0.1343601,-0.47487187,-0.09473648,-0.28899387,-0.6771781,-0.1394344,-0.15791109,0.719553,1.5827981,-0.69277143,-0.3282087,1.8670917,-0.1445895,-1.4090297,0.8545191,-0.24323747,-0.85549337,-0.14196976,7.3936887,-0.7232814,-0.24454184,0.0589155,-0.28932342,-0.09171743,-0.29692727,-0.104902744,-1.5575866,-0.10136145,-0.18033062,-0.121062614,-0.27448004,-0.6935171,-0.39824405,-0.13977395,0.2542555,-1.0620581,1.6955543,0.31321466,-0.46773836,-0.5680008,-0.18084498,-0.3495713,-0.09827855,-0.30422124,-0.65906,-0.31132117,-0.22683759,-0.1270952,-0.7116707,-0.5796133,-0.2974128,-0.10572313,-0.14401945,1.1840334,-0.46670645,-0.39668053,-0.7886509,-0.10819188,-0.2047146,-0.32354373,-0.63008064,-0.15152095,-0.37356868,-0.17967562,-0.57544935,-0.1513935,-0.19841684,-0.33795354,-0.40205124,-0.2358877,-0.09320213,-0.29063052,-1.5136888
AQR,0.0,0.0,0.0,0.0,0.0,0.0,0.0,0.0,0.0,0.0,0.0,0.0,0.0,0.0,0.0,0.0,0.0,0.0,0.0,0.0,0.0,0.0,0.0,0.0,0.0,0.0,0.0,0.0,0.0,0.0,0.0,0.0,0.0,0.0,0.0,0.0,0.0,0.0,0.0,0.0,0.0,0.0,0.0,0.0,0.0,0.0,0.0,0.0,0.0,0.0,0.0,0.0,0.0,0.0,0.0,0.0,0.0,0.0,0.0,0.0,0.0,0.0,0.0,0.0,0.0,0.0,0.0,0.0,0.0,0.0,0.0,0.0,0.0,0.0,0.0,0.0,0.0,0.0,0.0,0.0,0.0,0.0,0.0,0.0,0.0,0.0,0.0,0.0,0.0,0.0,0.0,0.0,0.0,0.0,0.0,0.0,0.0,0.0,0.0,0.0,0.0,0.0,0.0,0.0,0.0,0.0,0.0,0.0,0.0,0.0,0.0,0.0,0.0,0.0,0.0,0.0,0.0,0.0,0.0,0.0,0.0,0.0,0.0,0.0,0.0,0.0,0.0,0.0,0.0,0.0,0.0,0.0,0.0,0.0,0.0,0.0,0.0,0.0,0.0,0.0,0.0,0.0,0.0,0.0,0.0,0.0,0.0,0.0,0.0,0.0,0.0,0.0,0.0,0.0,0.0,0.0,0.0,0.0,0.0,0.0,0.0,0.0,0.0,0.0,0.0,0.0,0.0,0.0,0.0,0.0,0.0,0.0,0.0,0.0,0.0,0.0,0.0,0.0,0.0,0.0,0.0,0.0,0.0,0.0,0.0,0.0,0.0,0.0,0.0,0.0,0.0,0.0,0.0,0.0,0.0,0.0,0.0,0.0,0.0,0.0,0.0,0.0,0.0,0.0,0.0,0.0,0.0,0.0,0.0,0.0,0.0,0.0,0.0,0.0,0.0,0.0,0.0,0.0,0.0,0.0,0.0,0.0,0.0,0.0,0.0,0.0,0.0,0.0,0.0,0.0,0.0,0.0,0.0,0.0
ASEL,2.1878803,2.2289486,0.18601143,-0.13311496,0.16576427,-0.48647127,0.0,1.005464,-0.198564,-0.39855045,-0.15534829,0.850056,0.14171341,-0.5235967,-0.12036282,-0.56123585,-0.26208627,-0.19209082,-0.15696137,-0.23030145,-0.15184641,1.6032875,-0.22701691,-0.46735367,-0.15192527,0.055511076,-0.4861118,-0.4149542,0.022135416,-0.6999541,-0.58761245,-0.4600792,-0.21796627,-0.27284727,-0.089778855,0.021428559,-0.9183155,-0.17817785,-0.1301326,-0.34854132,0.09026478,-0.1923889,0.2565017,-0.029569376,3.5883286,-0.09553502,-0.12049128,-0.3844935,6.632251,0.48756233,0.14421074,-0.14788063,0.019789794,-0.5805497,-0.11062461,-0.14169273,-0.34000042,-0.13524185,-0.023027824,-0.2878483,2.7214847,-0.38345233,-0.26026434,-0.4334171,-0.16628918,-0.10285871,-0.6708273,3.6696239,-0.12768582,0.50720495,-0.2490561,-0.105260745,-0.31152788,-0.4324741,-0.1415707,-0.90068513,7.0524635,-0.18197845,-0.28434774,-0.17306858,0.032362908,-0.1724651,1.6644231,1.223057,0.31166923,-0.13816561,-0.13690129,0.61215925,-0.4071113,-0.21857046,0.65244275,-0.1939915,-0.29898974,6.1770763,-0.41833574,1.5147254,5.5257573,-0.18962656,2.1469064,-0.49077567,-0.14722182,-0.17187414,-0.1288605,-0.22849451,-0.047968898,-0.3456783,-0.6088991,-0.53089505,0.39967394,3.0710824,-0.07268735,-0.7341788,8.02694,-0.47092685,0.0143955685,-0.40512165,-1.0899243,-0.15084855,0.09127367,-0.51486135,3.386765,-0.58779764,0.0052830223,0.2903045,-0.10079514,-0.079812884,-0.26608077,0.34231952,-0.11552945,-0.39565298,-0.12056191,7.1661325,0.6768706,-0.16113873,2.5882924,-0.3446304,0.7288352,5.1305127,-0.2307539,-0.19157057,0.9396797,1.8803831,0.033028357,-0.40934756,-0.41740596,1.025398,-0.053167913,-0.29885313,-1.3387543,3.403235,1.1228495,0.22158524,0.14105545,-0.07866473,8.018924,-0.23478852,-0.38403276,3.962431,-0.19979209,-0.01038247,0.08137635,-0.12346687,0.73654646,-0.079324715,-0.28899387,3.2293384,-0.083846666,-0.14222044,-0.04758345,-0.59323674,3.8439796,4.5431376,-0.3785371,-0.11262264,1.5130788,-0.14121047,-0.17882818,0.15662716,0.20685351,0.044909228,2.011296,-0.23763761,-0.09197115,2.7382312,-0.09171743,-0.28496346,-0.104902744,-1.5556833,-0.10136145,-0.18033062,-0.121062614,0.479327,-0.2526004,-1.5079122,0.41835195,0.005501569,-0.4006111,-0.36402023,-0.7536119,-0.36084434,-0.30783126,-0.18084498,0.40216237,-0.0798283,-0.28807998,0.08064745,-0.13463095,-0.21908227,0.65104127,3.1140275,-0.5227762,-0.041352827,-0.10572313,0.46229076,-0.16256705,3.6155376,-0.19821166,2.4018986,-0.10819188,0.34092444,-0.14354567,2.6412354,8.012652,-0.37356868,-0.1621944,0.74810946,-0.1513935,-0.19841684,3.780457,-0.30788788,0.0022427426,-0.09320213,-0.08582831,2.2657144
ASER,2.1878803,2.2289486,0.18601143,-0.13311496,0.16576427,-0.48647127,0.0,1.005464,-0.198564,-0.39855045,-0.15534829,0.850056,0.14171341,-0.5235967,-0.12036282,-0.56123585,-0.26208627,-0.19209082,-0.15696137,-0.23030145,-0.15184641,1.6032875,-0.22701691,-0.46735367,-0.15192527,0.055511076,-0.4861118,-0.4149542,0.022135416,-0.6999541,-0.58761245,-0.4600792,-0.21796627,-0.27284727,-0.089778855,0.021428559,-0.9183155,-0.17817785,-0.1301326,-0.34854132,0.09026478,-0.1923889,0.2565017,-0.029569376,3.5883286,-0.09553502,-0.12049128,-0.3844935,6.632251,0.48756233,0.14421074,-0.14788063,0.019789794,-0.5805497,-0.11062461,-0.14169273,-0.34000042,-0.13524185,-0.023027824,-0.2878483,2.7214847,-0.38345233,-0.26026434,-0.4334171,-0.16628918,-0.10285871,-0.6708273,3.6696239,-0.12768582,0.50720495,-0.2490561,-0.105260745,-0.31152788,-0.4324741,-0.1415707,-0.90068513,7.0524635,-0.18197845,-0.28434774,-0.17306858,0.032362908,-0.1724651,1.6644231,1.223057,0.31166923,-0.13816561,-0.13690129,0.61215925,-0.4071113,-0.21857046,0.65244275,-0.1939915,-0.29898974,6.1770763,-0.41833574,1.5147254,5.5257573,-0.18962656,2.1469064,-0.49077567,-0.14722182,-0.17187414,-0.1288605,-0.22849451,-0.047968898,-0.3456783,-0.6088991,-0.53089505,0.39967394,3.0710824,-0.07268735,-0.7341788,8.02694,-0.47092685,0.0143955685,-0.40512165,-1.0899243,-0.15084855,0.09127367,-0.51486135,3.386765,-0.58779764,0.0052830223,0.2903045,-0.10079514,-0.079812884,-0.26608077,0.34231952,-0.11552945,-0.39565298,-0.12056191,7.1661325,0.6768706,-0.16113873,2.5882924,-0.3446304,0.7288352,5.1305127,-0.2307539,-0.19157057,0.9396797,1.8803831,0.033028357,-0.40934756,-0.41740596,1.025398,-0.053167913,-0.29885313,-1.3387543,3.403235,1.1228495,0.22158524,0.14105545,-0.07866473,8.018924,-0.23478852,-0.38403276,3.962431,-0.19979209,-0.01038247,0.08137635,-0.12346687,0.73654646,-0.079324715,-0.28899387,3.2293384,-0.083846666,-0.14222044,-0.04758345,-0.59323674,3.8439796,4.5431376,-0.3785371,-0.11262264,1.5130788,-0.14121047,-0.17882818,0.15662716,0.20685351,0.044909228,2.011296,-0.23763761,-0.09197115,2.7382312,-0.09171743,-0.28496346,-0.104902744,-1.5556833,-0.10136145,-0.18033062,-0.121062614,0.479327,-0.2526004,-1.5079122,0.41835195,0.005501569,-0.4006111,-0.36402023,-0.7536119,-0.36084434,-0.30783126,-0.18084498,0.40216237,-0.0798283,-0.28807998,0.08064745,-0.13463095,-0.21908227,0.65104127,3.1140275,-0.5227762,-0.041352827,-0.10572313,0.46229076,-0.16256705,3.6155376,-0.19821166,2.4018986,-0.10819188,0.34092444,-0.14354567,2.6412354,8.012652,-0.37356868,-0.1621944,0.74810946,-0.1513935,-0.19841684,3.780457,-0.30788788,0.0022427426,-0.09320213,-0.08582831,2.2657144
ASGL,-0.35832995,-1.0026131,-0.5863807,-0.24822125,-0.18856509,-0.41972,0.0,-0.8491572,-0.47040644,-0.10389,0.357703,1.1419157,-0.36898717,0.020172672,-0.86028755,-1.0371275,0.24409114,-0.13973029,-0.9660943,-0.90778196,-0.15184641,0.30875906,-0.2914898,0.093396105,-0.48256403,0.0077961795,-0.7366277,-0.63573605,-0.7125162,-0.0032721453,-0.7857695,-0.6168412,-0.703889,-0.64364094,-0.09040992,-0.13754092,-0.90793157,-0.21154727,-0.09882654,-0.51694816,-0.12970504,-0.20215257,7.051398,-0.3223885,1.1972911,-0.08513582,-0.33549035,-0.82933116,0.14771412,-0.13876277,-0.13904501,-0.16746502,-0.13706648,-0.59934366,-0.11816035,-0.20278443,-0.36441037,-0.33298656,-0.40100402,-0.56828225,0.022856083,-0.4487774,-0.26026434,-0.42325407,-0.17350845,-0.10285871,-1.3325115,1.4194182,-0.1425562,0.7177175,-0.20686206,-0.09361637,-0.7800822,-0.78769106,-0.15431958,-0.95525163,-0.27262098,-0.18197845,-0.29473403,-0.17845973,-0.16094911,-0.16720743,-1.1930597,0.6053933,-0.13361521,-0.13816561,-0.13690129,-0.22219265,-0.58410376,-0.21264467,0.2983987,-0.1939915,-0.2885871,1.700921,-0.29199275,1.2879361,-0.38124657,-0.19446401,0.34997824,-0.5307444,-0.16090772,-0.070807435,-0.1288605,-0.265537,-0.19361831,-0.4874455,-0.49672168,-0.71479934,-0.39849877,0.49417517,0.25899205,-0.35296726,-0.072791785,-0.34609753,-0.19579834,0.2910923,-1.2521282,-0.2728682,-0.25163516,-0.8929593,0.77157813,-0.6288029,2.0048056,-0.42658335,-0.066935815,-0.091602236,-0.25801277,-0.113760464,-0.09440756,-0.9000664,-0.16334516,0.47276706,0.024344523,-0.16113873,0.8518495,-0.47254097,-0.1532346,-0.10504546,-0.33822048,-0.2834826,0.033143554,-0.54183084,-0.10806158,-0.44297692,-0.45903465,0.16700926,2.3970306,-0.30062655,-0.06328565,0.8957313,-0.07120388,-0.13835765,-0.4315991,-0.11864713,0.05998928,-0.23478852,-0.49261782,0.5127341,-0.19979209,-0.12944376,-0.1758181,-0.1343601,0.94500464,-0.09473648,-0.28899387,1.159674,-0.1394344,-0.10370701,-0.24312438,-0.8329949,1.8526314,0.19525178,-0.64642125,-0.089374006,-0.30568528,-0.8049675,-0.21542436,-0.32173496,-0.12188599,-0.20385182,-0.2196055,-0.23261636,-0.11678498,0.16184168,-0.09171743,-0.29692727,-0.104902744,0.04672614,-0.041885465,-0.13733229,-0.121062614,-0.14427699,-0.19555867,-1.1445407,8.010711,-0.1377754,-0.90626276,-0.4969835,-0.8492944,-0.46773836,-0.26160273,-0.18084498,0.15768516,-0.09827855,-0.30422124,2.884684,-0.2858885,-0.22683759,0.33734244,1.202378,-0.5796133,-0.2974128,-0.10572313,8.001359,-0.17649053,0.7899341,-0.37382653,1.2614223,-0.10819188,-0.2047146,-0.30281666,2.0404112,0.1700981,-0.37356868,-0.17967562,-0.048245523,-0.1513935,-0.19841684,0.1396394,-0.27193463,-0.1587659,-0.09320213,-0.29063052,0.71065694
ASGR,-0.35832995,-1.0026131,-0.5863807,-0.24822125,-0.18856509,-0.41972,0.0,-0.8491572,-0.47040644,-0.10389,0.357703,1.1419157,-0.36898717,0.020172672,-0.86028755,-1.0371275,0.24409114,-0.13973029,-0.9660943,-0.90778196,-0.15184641,0.30875906,-0.2914898,0.093396105,-0.48256403,0.0077961795,-0.7366277,-0.63573605,-0.7125162,-0.0032721453,-0.7857695,-0.6168412,-0.703889,-0.64364094,-0.09040992,-0.13754092,-0.90793157,-0.21154727,-0.09882654,-0.51694816,-0.12970504,-0.20215257,7.051398,-0.3223885,1.1972911,-0.08513582,-0.33549035,-0.82933116,0.14771412,-0.13876277,-0.13904501,-0.16746502,-0.13706648,-0.59934366,-0.11816035,-0.20278443,-0.36441037,-0.33298656,-0.40100402,-0.56828225,0.022856083,-0.4487774,-0.26026434,-0.42325407,-0.17350845,-0.10285871,-1.3325115,1.4194182,-0.1425562,0.7177175,-0.20686206,-0.09361637,-0.7800822,-0.78769106,-0.15431958,-0.95525163,-0.27262098,-0.18197845,-0.29473403,-0.17845973,-0.16094911,-0.16720743,-1.1930597,0.6053933,-0.13361521,-0.13816561,-0.13690129,-0.22219265,-0.58410376,-0.21264467,0.2983987,-0.1939915,-0.2885871,1.700921,-0.29199275,1.2879361,-0.38124657,-0.19446401,0.34997824,-0.5307444,-0.16090772,-0.070807435,-0.1288605,-0.265537,-0.19361831,-0.4874455,-0.49672168,-0.71479934,-0.39849877,0.49417517,0.25899205,-0.35296726,-0.072791785,-0.34609753,-0.19579834,0.2910923,-1.2521282,-0.2728682,-0.25163516,-0.8929593,0.77157813,-0.6288029,2.0048056,-0.42658335,-0.066935815,-0.091602236,-0.25801277,-0.113760464,-0.09440756,-0.9000664,-0.16334516,0.47276706,0.024344523,-0.16113873,0.8518495,-0.47254097,-0.1532346,-0.10504546,-0.33822048,-0.2834826,0.033143554,-0.54183084,-0.10806158,-0.44297692,-0.45903465,0.16700926,2.3970306,-0.30062655,-0.06328565,0.8957313,-0.07120388,-0.13835765,-0.4315991,-0.11864713,0.05998928,-0.23478852,-0.49261782,0.5127341,-0.19979209,-0.12944376,-0.1758181,-0.1343601,0.94500464,-0.09473648,-0.28899387,1.159674,-0.1394344,-0.10370701,-0.24312438,-0.8329949,1.8526314,0.19525178,-0.64642125,-0.089374006,-0.30568528,-0.8049675,-0.21542436,-0.32173496,-0.12188599,-0.20385182,-0.2196055,-0.23261636,-0.11678498,0.16184168,-0.09171743,-0.29692727,-0.104902744,0.04672614,-0.041885465,-0.13733229,-0.121062614,-0.14427699,-0.19555867,-1.1445407,8.010711,-0.1377754,-0.90626276,-0.4969835,-0.8492944,-0.46773836,-0.26160273,-0.18084498,0.15768516,-0.09827855,-0.30422124,2.884684,-0.2858885,-0.22683759,0.33734244,1.202378,-0.5796133,-0.2974128,-0.10572313,8.001359,-0.17649053,0.7899341,-0.37382653,1.2614223,-0.10819188,-0.2047146,-0.30281666,2.0404112,0.1700981,-0.37356868,-0.17967562,-0.048245523,-0.1513935,-0.19841684,0.1396394,-0.27193463,-0.1587659,-0.09320213,-0.29063052,0.71065694
ASHL,-0.35832995,-0.9053188,-0.5863807,-0.32190576,-0.37008676,-0.86502516,0.0,-0.2227074,-0.5895991,0.2388304,-0.8607938,0.39718023,-0.2905766,2.038356,-0.4043965,-0.30595815,0.33355504,-0.14249377,-0.8340518,-0.90778196,-0.15184641,-0.14716764,-0.6000047,-0.7765629,0.6043455,-0.29439822,-0.49486,-0.4617272,-0.86760926,-0.5296541,-0.5835759,-0.8815948,-0.11769653,-0.47504073,-0.09084766,-0.1379439,-1.1832249,-0.2033285,-0.13657965,-0.55637145,-0.13471934,-0.20221229,0.6048173,-0.30886596,1.5759585,-0.1035158,-0.35810125,-1.4323664,1.515826,8.006903,-0.14329982,-0.16195238,-0.13706648,-0.62110883,-0.11816035,-0.17699017,-0.3445903,-0.29302055,-0.4075523,-0.68399227,0.0025417847,-0.64997727,-0.25776258,-0.419857,-0.16893625,-0.10285871,-1.2657071,-0.36994845,-0.15040447,-0.125797,-0.2528605,-0.099567935,-0.6844468,-0.84178233,-0.16316287,-0.75910145,-0.15680134,-0.18197845,-0.2903487,-0.17845973,-0.08104682,-0.16748494,-0.18202798,3.1257334,-0.12690061,-0.13337687,-0.117024794,1.3863667,1.1967918,-0.22671841,-0.061050694,-0.1939915,-0.25830382,0.2833554,-1.224257,0.8740996,-0.28639385,-0.19446401,1.125548,-0.53098893,-0.15512922,-0.22561245,-0.12305406,-0.265537,-0.1526207,0.7626878,-0.54853576,-0.58401155,2.7088304,0.4901363,-0.12206022,-0.96533674,-0.004778603,-0.3765183,-0.11214684,-0.5148155,-1.2459333,-0.29678792,-0.43908894,-0.85764354,2.5282586,-1.0891517,1.3722017,-0.47059312,-0.14735171,-0.091602236,-0.2771743,-0.10870178,-0.11552945,0.024295183,-0.16334516,-0.20131432,-0.018489916,-0.16113873,2.4417236,-0.46464768,7.9781427,-0.1361485,0.23305584,-0.26623493,-0.08931092,0.55926037,-0.30639043,-0.37016895,-0.5155307,-0.061774507,-0.22517133,-0.3008761,-0.63672143,0.94969374,2.7072394,8.016235,-0.6508724,-0.084482275,0.23449945,-0.22948392,-0.5460272,2.319073,-0.19979209,-0.12944376,0.26273164,-0.1343601,2.7036595,-0.09473648,-0.28899387,1.8977482,-0.12065809,-0.15791109,0.12185556,-0.4285634,2.2671695,-0.20499085,-0.575221,-0.11759526,1.8362201,-1.0321541,-0.20244493,1.723206,-0.14196976,-0.21417552,3.261729,-0.23288138,-0.19877854,0.18189345,-0.06320881,-0.27672175,-0.104902744,-0.622175,-0.10136145,-0.13828781,-0.09121793,-0.15777953,-0.46439114,-0.98651373,-0.12906244,-0.1489962,-0.75739163,-0.51724464,-1.2648295,-0.28720623,0.979878,-0.15885542,1.8355668,-0.09827855,-0.30422124,1.3680805,-0.23671864,-0.22028865,-2.2635128,2.2404208,0.17232081,-0.19498882,-0.089698814,-0.14401945,-0.17649053,0.61410844,-0.38550746,1.3128587,-0.10819188,-0.18108578,-0.3134105,0.56159675,-0.030570215,-0.3619149,-0.16491371,-0.031843677,-0.13914774,-0.19841684,0.067581505,-0.32253554,-0.18561572,-0.05680181,-0.26180652,1.4226515
ASHR,-0.35832995,-0.9053188,-0.5863807,-0.32190576,-0.37008676,-0.86502516,0.0,-0.2227074,-0.5895991,0.2388304,-0.8607938,0.39718023,-0.2905766,2.038356,-0.4043965,-0.30595815,0.33355504,-0.14249377,-0.8340518,-0.90778196,-0.15184641,-0.14716764,-0.6000047,-0.7765629,0.6043455,-0.29439822,-0.49486,-0.4617272,-0.86760926,-0.5296541,-0.5835759,-0.8815948,-0.11769653,-0.47504073,-0.09084766,-0.1379439,-1.1832249,-0.2033285,-0.13657965,-0.55637145,-0.13471934,-0.20221229,0.6048173,-0.30886596,1.5759585,-0.1035158,-0.35810125,-1.4323664,1.515826,8.006903,-0.14329982,-0.16195238,-0.13706648,-0.62110883,-0.11816035,-0.17699017,-0.3445903,-0.29302055,-0.4075523,-0.68399227,0.0025417847,-0.64997727,-0.25776258,-0.419857,-0.16893625,-0.10285871,-1.2657071,-0.36994845,-0.15040447,-0.125797,-0.2528605,-0.099567935,-0.6844468,-0.84178233,-0.16316287,-0.75910145,-0.15680134,-0.18197845,-0.2903487,-0.17845973,-0.08104682,-0.16748494,-0.18202798,3.1257334,-0.12690061,-0.13337687,-0.117024794,1.3863667,1.1967918,-0.22671841,-0.061050694,-0.1939915,-0.25830382,0.2833554,-1.224257,0.8740996,-0.28639385,-0.19446401,1.125548,-0.53098893,-0.15512922,-0.22561245,-0.12305406,-0.265537,-0.1526207,0.7626878,-0.54853576,-0.58401155,2.7088304,0.4901363,-0.12206022,-0.96533674,-0.004778603,-0.3765183,-0.11214684,-0.5148155,-1.2459333,-0.29678792,-0.43908894,-0.85764354,2.5282586,-1.0891517,1.3722017,-0.47059312,-0.14735171,-0.091602236,-0.2771743,-0.10870178,-0.11552945,0.024295183,-0.16334516,-0.20131432,-0.018489916,-0.16113873,2.4417236,-0.46464768,7.9781427,-0.1361485,0.23305584,-0.26623493,-0.08931092,0.55926037,-0.30639043,-0.37016895,-0.5155307,-0.061774507,-0.22517133,-0.3008761,-0.63672143,0.94969374,2.7072394,8.016235,-0.6508724,-0.084482275,0.23449945,-0.22948392,-0.5460272,2.319073,-0.19979209,-0.12944376,0.26273164,-0.1343601,2.7036595,-0.09473648,-0.28899387,1.8977482,-0.12065809,-0.15791109,0.12185556,-0.4285634,2.2671695,-0.20499085,-0.575221,-0.11759526,1.8362201,-1.0321541,-0.20244493,1.723206,-0.14196976,-0.21417552,3.261729,-0.23288138,-0.19877854,0.18189345,-0.06320881,-0.27672175,-0.104902744,-0.622175,-0.10136145,-0.13828781,-0.09121793,-0.15777953,-0.46439114,-0.98651373,-0.12906244,-0.1489962,-0.75739163,-0.51724464,-1.2648295,-0.28720623,0.979878,-0.15885542,1.8355668,-0.09827855,-0.30422124,1.3680805,-0.23671864,-0.22028865,-2.2635128,2.2404208,0.17232081,-0.19498882,-0.089698814,-0.14401945,-0.17649053,0.61410844,-0.38550746,1.3128587,-0.10819188,-0.18108578,-0.3134105,0.56159675,-0.030570215,-0.3619149,-0.16491371,-0.031843677,-0.13914774,-0.19841684,0.067581505,-0.32253554,-0.18561572,-0.05680181,-0.26180652,1.4226515
ASIL,-0.35832995,-0.9490019,0.25221646,-0.45986825,-0.2885872,-0.36898905,0.0,0.7617137,-0.77690154,-0.48416877,-0.40124646,1.5758983,-0.21776675,-0.39404425,-0.70259356,0.13258404,0.33355504,-0.18591976,-0.35977638,-0.5400068,-0.15184641,-0.67508256,-0.6998183,-0.11898086,-0.64923304,-0.104447454,-0.43549737,-0.83282775,-0.7410027,0.39483184,-0.8246145,-0.7469932,-0.4777862,-0.5507388,-0.08965136,-0.13783376,-0.9136901,-0.21100383,-0.13572603,-0.51725435,-0.13314342,-0.1930115,-0.12738132,-0.31990477,2.2584817,-0.1035158,-0.35469234,-1.1118797,0.40335125,-0.13066484,-0.092427194,-0.1497458,-0.13706648,-0.6264529,-0.11816035,-0.20278443,-0.35028553,-0.27569538,-0.050045043,-0.42198753,-0.67580247,-0.5779488,-0.25383124,-0.41199005,-0.10940425,-0.10285871,-0.9359946,1.26498,-0.13560489,-0.16703925,-0.2528605,-0.09794142,-0.73306817,-0.59169775,-0.16618386,-0.89926916,-0.27262098,-0.18197845,-0.29473403,-0.16675323,-0.16812927,-0.15614758,-1.2116419,2.2199695,-0.12498215,-0.13200866,-0.13690129,-0.38290143,-0.46956202,-0.20017937,-0.21598072,-0.17543925,-0.23360167,0.79608995,-0.70024383,2.2515688,-0.3668991,-0.19446401,2.2085207,-0.5209963,-0.15347822,-0.23540178,-0.1288605,-0.21526507,-0.11078639,-0.47861406,-0.553531,-0.70671225,-0.4042998,0.3613722,-0.2045292,-0.5369574,-0.13736127,-0.48435524,-0.13758923,-0.35291052,-1.119384,-0.40376955,-0.40486884,-0.771568,2.0158315,-0.8987052,-0.31298283,-0.16808793,-0.14735171,-0.07880237,-0.2651299,-0.20091431,-0.11552945,-0.48436376,-0.16334516,0.57462585,7.8768525,-0.16113873,0.83449006,-0.42286667,-0.123307236,-0.16589922,-0.21580419,-0.2834826,0.9058251,-0.8894265,-0.2789918,-0.44802642,-0.42083257,1.0715994,-0.22517133,-0.31185797,-1.1211145,2.2383819,-0.76460326,0.20777518,0.43733293,-0.11606323,-0.12986244,-0.23478852,-0.48957932,1.2995191,-0.17474042,-0.12944376,1.6961628,-0.1343601,2.5666542,-0.09473648,-0.28899387,2.7866015,-0.1394344,-0.12383995,-0.21457353,-0.13524018,1.0671945,0.26892424,-0.5266305,-0.12723605,-0.39598542,-0.7871997,-0.22575495,0.3055814,-0.05360119,-0.16056922,1.1358435,-0.22205383,-0.17300914,-0.25065213,-0.09171743,-0.283938,-0.104902744,-0.6318191,-0.10136145,-0.0857343,-0.121062614,-0.19263813,-0.49098608,-1.5265652,-0.13977395,8.009567,0.047798708,-0.5013252,-0.8703184,-0.45115888,-0.49096358,-0.05361969,-0.06882557,-0.09827855,-0.12897314,-0.47722355,-0.24737614,-0.22683759,-0.7153839,1.393784,-0.52818924,-0.28278083,-0.10572313,-0.14401945,-0.17649053,2.6928492,-0.32485372,1.4283265,-0.10819188,6.4181056,-0.14114568,0.79279137,-0.12041933,-0.32861835,-0.17967562,-0.28021523,0.021796605,-0.090761915,-0.14835273,-0.38160434,-0.2358877,-0.06980193,-0.19798191,-0.1832229
ASIR,-0.35832995,-0.9490019,0.25221646,-0.45986825,-0.2885872,-0.36898905,0.0,0.7617137,-0.77690154,-0.48416877,-0.40124646,1.5758983,-0.21776675,-0.39404425,-0.70259356,0.13258404,0.33355504,-0.18591976,-0.35977638,-0.5400068,-0.15184641,-0.67508256,-0.6998183,-0.11898086,-0.64923304,-0.104447454,-0.43549737,-0.83282775,-0.7410027,0.39483184,-0.8246145,-0.7469932,-0.4777862,-0.5507388,-0.08965136,-0.13783376,-0.9136901,-0.21100383,-0.13572603,-0.51725435,-0.13314342,-0.1930115,-0.12738132,-0.31990477,2.2584817,-0.1035158,-0.35469234,-1.1118797,0.40335125,-0.13066484,-0.092427194,-0.1497458,-0.13706648,-0.6264529,-0.11816035,-0.20278443,-0.35028553,-0.27569538,-0.050045043,-0.42198753,-0.67580247,-0.5779488,-0.25383124,-0.41199005,-0.10940425,-0.10285871,-0.9359946,1.26498,-0.13560489,-0.16703925,-0.2528605,-0.09794142,-0.73306817,-0.59169775,-0.16618386,-0.89926916,-0.27262098,-0.18197845,-0.29473403,-0.16675323,-0.16812927,-0.15614758,-1.2116419,2.2199695,-0.12498215,-0.13200866,-0.13690129,-0.38290143,-0.46956202,-0.20017937,-0.21598072,-0.17543925,-0.23360167,0.79608995,-0.70024383,2.2515688,-0.3668991,-0.19446401,2.2085207,-0.5209963,-0.15347822,-0.23540178,-0.1288605,-0.21526507,-0.11078639,-0.47861406,-0.553531,-0.70671225,-0.4042998,0.3613722,-0.2045292,-0.5369574,-0.13736127,-0.48435524,-0.13758923,-0.35291052,-1.119384,-0.40376955,-0.40486884,-0.771568,2.0158315,-0.8987052,-0.31298283,-0.16808793,-0.14735171,-0.07880237,-0.2651299,-0.20091431,-0.11552945,-0.48436376,-0.16334516,0.57462585,7.8768525,-0.16113873,0.83449006,-0.42286667,-0.123307236,-0.16589922,-0.21580419,-0.2834826,0.9058251,-0.8894265,-0.2789918,-0.44802642,-0.42083257,1.0715994,-0.22517133,-0.31185797,-1.1211145,2.2383819,-0.76460326,0.20777518,0.43733293,-0.11606323,-0.12986244,-0.23478852,-0.48957932,1.2995191,-0.17474042,-0.12944376,1.6961628,-0.1343601,2.5666542,-0.09473648,-0.28899387,2.7866015,-0.1394344,-0.12383995,-0.21457353,-0.13524018,1.0671945,0.26892424,-0.5266305,-0.12723605,-0.39598542,-0.7871997,-0.22575495,0.3055814,-0.05360119,-0.16056922,1.1358435,-0.22205383,-0.17300914,-0.25065213,-0.09171743,-0.283938,-0.104902744,-0.6318191,-0.10136145,-0.0857343,-0.121062614,-0.19263813,-0.49098608,-1.5265652,-0.13977395,8.009567,0.047798708,-0.5013252,-0.8703184,-0.45115888,-0.49096358,-0.05361969,-0.06882557,-0.09827855,-0.12897314,-0.47722355,-0.24737614,-0.22683759,-0.7153839,1.393784,-0.52818924,-0.28278083,-0.10572313,-0.14401945,-0.17649053,2.6928492,-0.32485372,1.4283265,-0.10819188,6.4181056,-0.14114568,0.79279137,-0.12041933,-0.32861835,-0.17967562,-0.28021523,0.021796605,-0.090761915,-0.14835273,-0.38160434,-0.2358877,-0.06980193,-0.19798191,-0.1832229
ASJL,-0.35832995,-0.9977645,-0.5863807,-0.35158372,-0.320079,-0.8621412,0.0,0.13422333,-0.34567007,-0.7868196,-0.61142707,-0.29908577,-0.36898717,-0.38673648,-0.37834865,0.12524094,-0.3072562,-0.07321416,-0.9112594,-0.30907828,-0.15184641,-0.13489032,-0.49090606,-0.64416116,-0.012969062,-0.13978712,-0.7287211,-0.4362907,-1.1066897,0.3693716,-0.78333735,-0.60869217,0.093605384,-0.820083,-0.08995183,-0.1371192,-1.2581512,-0.20933557,-0.13644068,-0.52779204,-0.13087116,-0.19521236,-0.28795227,-0.2617392,1.6151466,-0.09646301,-0.35985145,-1.1703494,2.11426,-0.14254181,-0.1388514,-0.15881145,-0.1349006,-0.62354475,-0.11150085,-0.19787644,-0.35125405,-0.34572634,-0.3553839,-0.4693535,-0.15075977,-0.5818054,-0.25764623,-0.42680916,-0.17829332,-0.10285871,-0.9395144,-0.28459266,-0.14237368,0.08179499,-0.24949847,-0.105260745,-0.63191926,-0.84429824,-0.17162165,-0.91720533,-0.26813185,-0.18197845,-0.29014474,-0.17845973,-0.15555435,-0.17969438,0.19967453,3.5432158,-0.07739991,-0.13816561,-0.13690129,-0.110979915,-0.55604374,-0.18351531,-0.21342857,-0.1939915,-0.2510892,0.21937865,-1.0974818,2.758827,-0.35789022,-0.18163913,0.27910614,-0.53048843,-0.06415157,-0.23150879,-0.1288605,-0.2409856,-0.18748909,-0.050496582,-0.435179,-0.69686764,-0.40612626,1.0231823,-0.03829875,-0.72988653,-0.13736127,-0.52600604,-0.062445432,-0.47371706,-0.87828386,-0.41728514,-0.37389654,-0.8552467,1.5117255,-0.8517263,-0.046927765,-0.25660402,-0.14735171,-0.08118374,-0.22815649,-0.21222827,-0.11552945,-0.8342415,-0.14444093,-0.15833543,0.88967997,-0.15323077,0.87445825,-0.23211934,-0.1288751,-0.16589922,-0.32810068,-0.2834826,0.41100603,0.83378047,-0.37719682,-0.42874974,-0.36137095,-0.12551625,-0.22517133,-0.31185797,-0.5381528,1.0229936,-0.21749611,-0.12926939,1.0418397,8.026092,-0.1413686,-0.22923718,-0.4258423,1.3571789,-0.19979209,8.029649,7.5773253,-0.1343601,2.0199063,-0.09473648,-0.20456293,1.7106438,-0.1394344,-0.15791109,-0.5202059,0.05121368,1.6327643,-0.19925977,-0.58979225,0.053159002,0.42980918,-1.101726,-0.18631765,0.7814866,-0.14196976,-0.21371622,0.15574408,-0.24454184,-0.19877854,-0.27883118,-0.09171743,-0.29692727,-0.104902744,-0.6425835,-0.10136145,-0.15833148,-0.121062614,-0.24117228,-0.4986934,-0.8742647,-0.10614481,-0.058639873,-0.6369421,-0.514653,-0.99022204,-0.45424342,-0.44259137,-0.16933882,0.16132078,-0.09827855,-0.28995684,-0.4987197,-0.2983091,-0.22683759,-1.1747822,1.5500023,-0.5377565,-0.2974128,-0.10572313,-0.14401945,-0.16418605,1.7954638,-0.3849878,1.3090991,-0.10819188,4.679032,-0.28112558,0.87320393,-0.13886331,-0.349177,-0.1487786,-0.1683989,-0.13857816,-0.18089163,-0.33795354,-0.3854084,-0.2095826,-0.09320213,-0.24538353,0.98914707
ASJR,-0.35832995,-0.9977645,-0.5863807,-0.35158372,-0.320079,-0.8621412,0.0,0.13422333,-0.34567007,-0.7868196,-0.61142707,-0.29908577,-0.36898717,-0.38673648,-0.37834865,0.12524094,-0.3072562,-0.07321416,-0.9112594,-0.30907828,-0.15184641,-0.13489032,-0.49090606,-0.64416116,-0.012969062,-0.13978712,-0.7287211,-0.4362907,-1.1066897,0.3693716,-0.78333735,-0.60869217,0.093605384,-0.820083,-0.08995183,-0.1371192,-1.2581512,-0.20933557,-0.13644068,-0.52779204,-0.13087116,-0.19521236,-0.28795227,-0.2617392,1.6151466,-0.09646301,-0.35985145,-1.1703494,2.11426,-0.14254181,-0.1388514,-0.15881145,-0.1349006,-0.62354475,-0.11150085,-0.19787644,-0.35125405,-0.34572634,-0.3553839,-0.4693535,-0.15075977,-0.5818054,-0.25764623,-0.42680916,-0.17829332,-0.10285871,-0.9395144,-0.28459266,-0.14237368,0.08179499,-0.24949847,-0.105260745,-0.63191926,-0.84429824,-0.17162165,-0.91720533,-0.26813185,-0.18197845,-0.29014474,-0.17845973,-0.15555435,-0.17969438,0.19967453,3.5432158,-0.07739991,-0.13816561,-0.13690129,-0.110979915,-0.55604374,-0.18351531,-0.21342857,-0.1939915,-0.2510892,0.21937865,-1.0974818,2.758827,-0.35789022,-0.18163913,0.27910614,-0.53048843,-0.06415157,-0.23150879,-0.1288605,-0.2409856,-0.18748909,-0.050496582,-0.435179,-0.69686764,-0.40612626,1.0231823,-0.03829875,-0.72988653,-0.13736127,-0.52600604,-0.062445432,-0.47371706,-0.87828386,-0.41728514,-0.37389654,-0.8552467,1.5117255,-0.8517263,-0.046927765,-0.25660402,-0.14735171,-0.08118374,-0.22815649,-0.21222827,-0.11552945,-0.8342415,-0.14444093,-0.15833543,0.88967997,-0.15323077,0.87445825,-0.23211934,-0.1288751,-0.16589922,-0.32810068,-0.2834826,0.41100603,0.83378047,-0.37719682,-0.42874974,-0.36137095,-0.12551625,-0.22517133,-0.31185797,-0.5381528,1.0229936,-0.21749611,-0.12926939,1.0418397,8.026092,-0.1413686,-0.22923718,-0.4258423,1.3571789,-0.19979209,8.029649,7.5773253,-0.1343601,2.0199063,-0.09473648,-0.20456293,1.7106438,-0.1394344,-0.15791109,-0.5202059,0.05121368,1.6327643,-0.19925977,-0.58979225,0.053159002,0.42980918,-1.101726,-0.18631765,0.7814866,-0.14196976,-0.21371622,0.15574408,-0.24454184,-0.19877854,-0.27883118,-0.09171743,-0.29692727,-0.104902744,-0.6425835,-0.10136145,-0.15833148,-0.121062614,-0.24117228,-0.4986934,-0.8742647,-0.10614481,-0.058639873,-0.6369421,-0.514653,-0.99022204,-0.45424342,-0.44259137,-0.16933882,0.16132078,-0.09827855,-0.28995684,-0.4987197,-0.2983091,-0.22683759,-1.1747822,1.5500023,-0.5377565,-0.2974128,-0.10572313,-0.14401945,-0.16418605,1.7954638,-0.3849878,1.3090991,-0.10819188,4.679032,-0.28112558,0.87320393,-0.13886331,-0.349177,-0.1487786,-0.1683989,-0.13857816,-0.18089163,-0.33795354,-0.3854084,-0.2095826,-0.09320213,-0.24538353,0.98914707
ASKL,-0.35832995,-1.1394331,-0.5863807,-0.36286336,-0.27271834,-0.752642,0.0,0.03178781,-0.37107944,-0.9489539,-0.8607938,0.9460208,-0.14845738,-0.69845796,-0.8928306,-0.25223675,-0.6505479,-0.26408654,-0.730304,-0.103273876,-0.15184641,-0.16366504,-0.6998183,-0.21632034,-0.9312882,0.12111906,-0.72600317,-0.43181947,-0.650202,-0.6999541,-0.81845164,1.0804532,-0.5390224,0.48537815,-0.09067756,-0.1377873,-0.9091734,-0.21366067,-0.13816684,-0.5573132,-0.13471934,-0.20299272,0.3385278,-0.31695533,2.2738886,-0.09087956,-0.35660985,-0.7224115,1.2375708,-0.11136478,-0.14450803,-0.16746502,-0.13706648,-0.6458922,-0.09578862,-0.067584336,-0.34497964,-0.19022006,-0.37732515,-0.6110598,-0.07077959,-0.5409662,-0.24971007,-0.44185984,-0.16983436,-0.095922515,-0.819471,0.9109209,-0.15040447,-0.22070563,-0.23930737,-0.105260745,-0.45770824,-0.95365304,-0.15972649,-0.97605824,-0.27262098,-0.18197845,-0.2824003,-0.17845973,-0.18028031,0.043509677,-1.1207939,2.330687,-0.10528797,-0.13143145,-0.13690129,0.13001628,-0.5276669,-0.17833993,-0.2728691,-0.18384574,-0.29898974,1.6877741,-1.0635874,3.6544485,-0.24001366,-0.18871954,0.4353618,-0.5114841,0.0828724,-0.25302258,-0.1288605,-0.1665641,-0.19361831,-0.3860224,-0.5566218,-0.6940587,-0.38190442,0.5712658,-0.22873205,-0.46056053,-0.13736127,-0.4565275,-0.29024357,-0.47099486,-1.1330734,-0.27718064,-0.44778848,-0.8534318,1.593862,-0.8853144,-0.2210513,-0.34020618,-0.13353023,-0.091602236,-0.26400074,0.6355566,-0.08648685,-0.612468,-0.15064389,-0.25906712,0.06867813,-0.16113873,0.60026723,-0.15590073,-0.14232358,-0.16589922,-0.34763482,-0.2834826,-0.9095426,-0.7816907,-0.3573348,-0.26964265,-0.5155307,-0.13496912,-0.21629071,-0.30413634,-0.27364954,1.3371437,-0.58766407,-0.13835765,-0.78490895,-0.16047394,-0.12878373,-0.23478852,-0.3517091,1.6474557,-0.13585813,-0.12944376,-0.27566645,-0.121424384,2.453624,-0.076435015,-0.2748121,1.4232534,-0.12623231,-0.13927844,-0.113410056,-0.5691148,1.7821792,-0.28822216,-0.4381606,-0.12560917,-0.1303907,-0.7847567,-0.22411595,-0.35453263,-0.14196976,-0.21016388,0.3655681,-0.23634307,-0.19877854,-0.20472996,-0.09171743,-0.28272027,-0.104902744,-0.86371315,-0.10136145,-0.18033062,-0.10007807,-0.25956094,-0.23034255,-1.1531707,-0.1247109,-0.14463595,-0.59791785,-0.5076681,-1.1428202,-0.06879465,-0.32926565,-0.18084498,-0.044698987,-0.09827855,-0.30422124,-0.4270291,-0.25886625,-0.22683759,-1.085,1.1838644,-0.5683643,-0.2654053,-0.03812055,-0.11201975,-0.17649053,1.9651259,-0.39668053,0.34798253,-0.10819188,-0.2047146,-0.28079417,-0.23085418,-0.15152095,-0.35718054,-0.15891668,-0.02518045,-0.11695229,-0.15131782,-0.00960841,0.2912264,-0.21821396,-0.09320213,-0.29063052,1.1147783
ASKR,-0.35832995,-1.1394331,-0.5863807,-0.36286336,-0.27271834,-0.752642,0.0,0.03178781,-0.37107944,-0.9489539,-0.8607938,0.9460208,-0.14845738,-0.69845796,-0.8928306,-0.25223675,-0.6505479,-0.26408654,-0.730304,-0.103273876,-0.15184641,-0.16366504,-0.6998183,-0.21632034,-0.9312882,0.12111906,-0.72600317,-0.43181947,-0.650202,-0.6999541,-0.81845164,1.0804532,-0.5390224,0.48537815,-0.09067756,-0.1377873,-0.9091734,-0.21366067,-0.13816684,-0.5573132,-0.13471934,-0.20299272,0.3385278,-0.31695533,2.2738886,-0.09087956,-0.35660985,-0.7224115,1.2375708,-0.11136478,-0.14450803,-0.16746502,-0.13706648,-0.6458922,-0.09578862,-0.067584336,-0.34497964,-0.19022006,-0.37732515,-0.6110598,-0.07077959,-0.5409662,-0.24971007,-0.44185984,-0.16983436,-0.095922515,-0.819471,0.9109209,-0.15040447,-0.22070563,-0.23930737,-0.105260745,-0.45770824,-0.95365304,-0.15972649,-0.97605824,-0.27262098,-0.18197845,-0.2824003,-0.17845973,-0.18028031,0.043509677,-1.1207939,2.330687,-0.10528797,-0.13143145,-0.13690129,0.13001628,-0.5276669,-0.17833993,-0.2728691,-0.18384574,-0.29898974,1.6877741,-1.0635874,3.6544485,-0.24001366,-0.18871954,0.4353618,-0.5114841,0.0828724,-0.25302258,-0.1288605,-0.1665641,-0.19361831,-0.3860224,-0.5566218,-0.6940587,-0.38190442,0.5712658,-0.22873205,-0.46056053,-0.13736127,-0.4565275,-0.29024357,-0.47099486,-1.1330734,-0.27718064,-0.44778848,-0.8534318,1.593862,-0.8853144,-0.2210513,-0.34020618,-0.13353023,-0.091602236,-0.26400074,0.6355566,-0.08648685,-0.612468,-0.15064389,-0.25906712,0.06867813,-0.16113873,0.60026723,-0.15590073,-0.14232358,-0.16589922,-0.34763482,-0.2834826,-0.9095426,-0.7816907,-0.3573348,-0.26964265,-0.5155307,-0.13496912,-0.21629071,-0.30413634,-0.27364954,1.3371437,-0.58766407,-0.13835765,-0.78490895,-0.16047394,-0.12878373,-0.23478852,-0.3517091,1.6474557,-0.13585813,-0.12944376,-0.27566645,-0.121424384,2.453624,-0.076435015,-0.2748121,1.4232534,-0.12623231,-0.13927844,-0.113410056,-0.5691148,1.7821792,-0.28822216,-0.4381606,-0.12560917,-0.1303907,-0.7847567,-0.22411595,-0.35453263,-0.14196976,-0.21016388,0.3655681,-0.23634307,-0.19877854,-0.20472996,-0.09171743,-0.28272027,-0.104902744,-0.86371315,-0.10136145,-0.18033062,-0.10007807,-0.25956094,-0.23034255,-1.1531707,-0.1247109,-0.14463595,-0.59791785,-0.5076681,-1.1428202,-0.06879465,-0.32926565,-0.18084498,-0.044698987,-0.09827855,-0.30422124,-0.4270291,-0.25886625,-0.22683759,-1.085,1.1838644,-0.5683643,-0.2654053,-0.03812055,-0.11201975,-0.17649053,1.9651259,-0.39668053,0.34798253,-0.10819188,-0.2047146,-0.28079417,-0.23085418,-0.15152095,-0.35718054,-0.15891668,-0.02518045,-0.11695229,-0.15131782,-0.00960841,0.2912264,-0.21821396,-0.09320213,-0.29063052,1.1147783
AUAL,-0.35832995,0.9675969,0.14739183,-0.38226435,0.5295425,-0.5084992,0.0,-0.1444012,-0.37107944,-0.3679725,-0.59272456,-0.5457942,-0.28077528,-0.4464165,-0.39166856,-1.012011,0.8256066,-0.12729467,-0.31531298,-0.26417547,-0.15184641,-0.14716764,-0.47523764,-0.08004509,0.055904888,0.03801561,1.5412775,0.2218791,0.18480842,-0.31677902,-0.5452289,0.7672752,-0.4401024,0.38602456,-0.090324275,0.0620071,-0.11252026,-0.1904133,-0.1395673,-0.39555135,-0.032678157,-0.15160798,-0.23230343,-0.25284398,-0.46959767,-0.1035158,-0.31221196,1.4447289,-0.33962792,-0.13838488,-0.14736962,-0.14265811,0.05385701,-0.56873643,-0.11816035,-0.19223224,-0.324657,-0.13763547,0.0915172,0.42892268,-0.9261916,-0.63165605,-0.24337748,-0.30578634,-0.14019667,-0.10285871,1.6255205,-0.5150532,-0.15040447,-0.21529257,-0.2528605,-0.105260745,0.19350055,-0.43363884,-0.15258938,-0.69748765,-0.26296934,-0.16244408,-0.07766046,-0.17845973,-0.042062227,0.026340133,-0.5416362,-0.37064695,-0.08829162,-0.13816561,-0.121993914,-0.31172612,-0.5405112,0.036460508,-0.16272353,-0.1858749,-0.17311768,-0.20385303,0.56533474,-0.40472135,0.020482609,-0.19446401,0.0066937604,-0.49332437,-0.1219029,-0.20676798,-0.1288605,-0.17756109,-0.16726269,1.1850004,-0.49958256,-0.43370333,-0.41411698,-0.3874119,-0.2146137,1.3647001,-0.108950704,-0.36679074,-0.08246406,-0.34673616,0.67907554,-0.28666803,0.03837369,-0.7307954,-0.54825205,-0.7150604,-0.21492253,-0.024796112,-0.058894224,-0.091602236,-0.19286367,-0.2032991,-0.09229538,-0.18003602,0.26341757,-0.2801962,-0.2069614,-0.02512177,-0.5046065,-0.28185576,-0.1532346,-0.16589922,-0.36834636,-0.2834826,0.16854405,0.2801028,-0.3123839,-0.45657176,0.0023496284,-0.014432604,-0.22517133,-0.31185797,0.116224736,-0.13715133,0.0981579,-0.13835765,0.42141235,-0.113220945,-0.1413686,-0.23478852,-0.5096332,-0.41808286,-0.19979209,-0.10887863,0.7864849,-0.092965804,-0.43377015,-0.09473648,-0.28899387,0.06506011,-0.1394344,-0.15791109,-0.3353657,-0.18412776,-0.5727739,-0.28555638,-0.6043114,-0.11422098,0.57758886,0.4362718,0.552217,-0.42668757,-0.14196976,-0.13517676,0.101627834,-0.24454184,-0.15368208,-0.22164865,-0.09171743,0.40774095,-0.104902744,0.5760178,-0.10136145,-0.13303247,-0.08748734,-0.25060946,-0.21020448,-0.5899147,-0.043370392,-0.15972914,-0.69074583,-0.42670292,0.28260568,-0.29365382,-0.45565486,-0.18084498,-0.29342213,-0.09827855,-0.28888702,0.6137949,-0.22739331,-0.22683759,1.1230187,-0.5612811,-0.5436165,-0.22059481,-0.10572313,-0.14401945,-0.15003589,-0.46670645,-0.39668053,-0.47342455,-0.10819188,-0.2047146,-0.30074397,-0.70275414,-0.15152095,0.25573602,-0.17967562,-0.15895833,-0.12384054,-0.16073762,-0.33795354,-0.40205124,-0.17933172,-0.052251775,-0.29063052,0.090160325
AUAR,-0.35832995,0.9675969,0.14739183,-0.38226435,0.5295425,-0.5084992,0.0,-0.1444012,-0.37107944,-0.3679725,-0.59272456,-0.5457942,-0.28077528,-0.4464165,-0.39166856,-1.012011,0.8256066,-0.12729467,-0.31531298,-0.26417547,-0.15184641,-0.14716764,-0.47523764,-0.08004509,0.055904888,0.03801561,1.5412775,0.2218791,0.18480842,-0.31677902,-0.5452289,0.7672752,-0.4401024,0.38602456,-0.090324275,0.0620071,-0.11252026,-0.1904133,-0.1395673,-0.39555135,-0.032678157,-0.15160798,-0.23230343,-0.25284398,-0.46959767,-0.1035158,-0.31221196,1.4447289,-0.33962792,-0.13838488,-0.14736962,-0.14265811,0.05385701,-0.56873643,-0.11816035,-0.19223224,-0.324657,-0.13763547,0.0915172,0.42892268,-0.9261916,-0.63165605,-0.24337748,-0.30578634,-0.14019667,-0.10285871,1.6255205,-0.5150532,-0.15040447,-0.21529257,-0.2528605,-0.105260745,0.19350055,-0.43363884,-0.15258938,-0.69748765,-0.26296934,-0.16244408,-0.07766046,-0.17845973,-0.042062227,0.026340133,-0.5416362,-0.37064695,-0.08829162,-0.13816561,-0.121993914,-0.31172612,-0.5405112,0.036460508,-0.16272353,-0.1858749,-0.17311768,-0.20385303,0.56533474,-0.40472135,0.020482609,-0.19446401,0.0066937604,-0.49332437,-0.1219029,-0.20676798,-0.1288605,-0.17756109,-0.16726269,1.1850004,-0.49958256,-0.43370333,-0.41411698,-0.3874119,-0.2146137,1.3647001,-0.108950704,-0.36679074,-0.08246406,-0.34673616,0.67907554,-0.28666803,0.03837369,-0.7307954,-0.54825205,-0.7150604,-0.21492253,-0.024796112,-0.058894224,-0.091602236,-0.19286367,-0.2032991,-0.09229538,-0.18003602,0.26341757,-0.2801962,-0.2069614,-0.02512177,-0.5046065,-0.28185576,-0.1532346,-0.16589922,-0.36834636,-0.2834826,0.16854405,0.2801028,-0.3123839,-0.45657176,0.0023496284,-0.014432604,-0.22517133,-0.31185797,0.116224736,-0.13715133,0.0981579,-0.13835765,0.42141235,-0.113220945,-0.1413686,-0.23478852,-0.5096332,-0.41808286,-0.19979209,-0.10887863,0.7864849,-0.092965804,-0.43377015,-0.09473648,-0.28899387,0.06506011,-0.1394344,-0.15791109,-0.3353657,-0.18412776,-0.5727739,-0.28555638,-0.6043114,-0.11422098,0.57758886,0.4362718,0.552217,-0.42668757,-0.14196976,-0.13517676,0.101627834,-0.24454184,-0.15368208,-0.22164865,-0.09171743,0.40774095,-0.104902744,0.5760178,-0.10136145,-0.13303247,-0.08748734,-0.25060946,-0.21020448,-0.5899147,-0.043370392,-0.15972914,-0.69074583,-0.42670292,0.28260568,-0.29365382,-0.45565486,-0.18084498,-0.29342213,-0.09827855,-0.28888702,0.6137949,-0.22739331,-0.22683759,1.1230187,-0.5612811,-0.5436165,-0.22059481,-0.10572313,-0.14401945,-0.15003589,-0.46670645,-0.39668053,-0.47342455,-0.10819188,-0.2047146,-0.30074397,-0.70275414,-0.15152095,0.25573602,-0.17967562,-0.15895833,-0.12384054,-0.16073762,-0.33795354,-0.40205124,-0.17933172,-0.052251775,-0.29063052,0.090160325
AVAL,-0.35832995,-0.54635715,-0.5863807,0.5298626,-0.34337452,0.69047916,0.0,-0.8491572,-0.45025334,-0.41007262,-0.54998887,1.760393,-0.21557514,1.7372786,-0.30035958,-0.006986818,-0.5079243,-0.26408654,0.19440395,-0.53467673,-0.15184641,0.4113506,-0.5696266,-0.10769519,-0.35900232,0.28371277,-0.101002134,-0.23584011,0.54460466,0.6328286,-0.62359023,2.2727642,-0.55096924,1.1837337,-0.08908182,-0.13682106,-0.960057,-0.20692231,-0.13696934,0.32273567,-0.13312058,-0.20141223,-0.33205056,-0.3123096,-0.5493319,-0.09765551,-0.3593782,0.58391976,-0.3428283,-0.14254181,-0.13940695,-0.14229861,-0.13436697,-0.34916264,-0.11401023,-0.20278443,-0.2817571,-0.343772,-0.048741255,1.2909222,-0.46825165,1.4842021,-0.2570012,4.241991,-0.17081058,-0.10285871,0.52906775,-0.57406,-0.15040447,-0.25483128,-0.24867015,-0.105260745,0.60767084,-0.18156919,-0.17162165,-0.7625387,-0.26702583,-0.18197845,1.7187027,-0.17845973,-0.08782676,-0.17969438,0.55134255,-0.43254927,-0.13361521,-0.13816561,-0.12825933,-0.050605945,0.594498,-0.19979474,-0.2869903,-0.1939915,-0.27908903,-0.3012723,0.42203286,-0.4425397,1.0306276,-0.19446401,-0.56737643,-0.5136773,-0.16090772,-0.24408449,-0.1288605,-0.0615349,-0.18597901,2.6624207,0.04042305,1.9030799,-0.40415755,-0.81773406,-0.22054751,-0.05487099,-0.13736127,0.9900771,-0.28163987,-0.50061756,0.6166116,-0.4120666,-0.36083713,0.9082344,-0.6787582,0.63965285,-0.21823859,1.04548,-0.14735171,-0.091602236,-0.1916418,-0.18128285,-0.11552945,0.06405222,-0.16334516,-0.16505809,-0.2069614,-0.14142613,-0.7595984,0.21049023,-0.1532346,-0.15296412,0.26720777,0.80762136,2.8506796,-0.7604816,2.5058422,0.74844366,-0.44347778,-0.63811916,-0.21693423,-0.30469587,-0.12507442,-0.3945046,-0.15374051,-0.13835765,-0.05955005,-0.11523938,-0.1413686,-0.23478852,-0.5157365,-0.5077052,-0.19979209,-0.12944376,-0.2646176,-0.1343601,-0.43913126,-0.09473648,-0.28899387,-0.61741656,-0.1394344,-0.15791109,-0.043713924,0.5746875,-0.6695835,-0.3282087,0.66622746,-0.07416974,-0.15249704,-0.21050249,-0.11908626,-0.15563627,-0.14196976,-0.22405037,-0.69651604,-0.24454184,-0.1857071,-0.27624616,-0.09171743,-0.2573947,-0.104902744,0.23482932,-0.10136145,-0.18033062,-0.10159868,-0.27448004,-0.17051223,0.33132705,-0.13977395,-0.14572966,0.61029536,0.16590594,0.5044566,2.7784748,4.733428,-0.08045788,-0.3902591,-0.09827855,-0.30422124,3.998852,-0.21401352,-0.22683759,0.38445964,-0.65354913,-0.2561636,-0.28256875,-0.10572313,-0.14401945,-0.17649053,-0.46670645,-0.0031944313,-0.7183663,-0.10819188,-0.2047146,-0.28389198,4.5252533,-0.15152095,-0.099957936,-0.17967562,0.005238723,-0.1513935,-0.15473078,-0.33795354,-0.21536218,-0.2358877,-0.09320213,-0.27183226,-0.75297004
AVAR,-0.35832995,-0.54635715,-0.5863807,0.5298626,-0.34337452,0.69047916,0.0,-0.8491572,-0.45025334,-0.41007262,-0.54998887,1.760393,-0.21557514,1.7372786,-0.30035958,-0.006986818,-0.5079243,-0.26408654,0.19440395,-0.53467673,-0.15184641,0.4113506,-0.5696266,-0.10769519,-0.35900232,0.28371277,-0.101002134,-0.23584011,0.54460466,0.6328286,-0.62359023,2.2727642,-0.55096924,1.1837337,-0.08908182,-0.13682106,-0.960057,-0.20692231,-0.13696934,0.32273567,-0.13312058,-0.20141223,-0.33205056,-0.3123096,-0.5493319,-0.09765551,-0.3593782,0.58391976,-0.3428283,-0.14254181,-0.13940695,-0.14229861,-0.13436697,-0.34916264,-0.11401023,-0.20278443,-0.2817571,-0.343772,-0.048741255,1.2909222,-0.46825165,1.4842021,-0.2570012,4.241991,-0.17081058,-0.10285871,0.52906775,-0.57406,-0.15040447,-0.25483128,-0.24867015,-0.105260745,0.60767084,-0.18156919,-0.17162165,-0.7625387,-0.26702583,-0.18197845,1.7187027,-0.17845973,-0.08782676,-0.17969438,0.55134255,-0.43254927,-0.13361521,-0.13816561,-0.12825933,-0.050605945,0.594498,-0.19979474,-0.2869903,-0.1939915,-0.27908903,-0.3012723,0.42203286,-0.4425397,1.0306276,-0.19446401,-0.56737643,-0.5136773,-0.16090772,-0.24408449,-0.1288605,-0.0615349,-0.18597901,2.6624207,0.04042305,1.9030799,-0.40415755,-0.81773406,-0.22054751,-0.05487099,-0.13736127,0.9900771,-0.28163987,-0.50061756,0.6166116,-0.4120666,-0.36083713,0.9082344,-0.6787582,0.63965285,-0.21823859,1.04548,-0.14735171,-0.091602236,-0.1916418,-0.18128285,-0.11552945,0.06405222,-0.16334516,-0.16505809,-0.2069614,-0.14142613,-0.7595984,0.21049023,-0.1532346,-0.15296412,0.26720777,0.80762136,2.8506796,-0.7604816,2.5058422,0.74844366,-0.44347778,-0.63811916,-0.21693423,-0.30469587,-0.12507442,-0.3945046,-0.15374051,-0.13835765,-0.05955005,-0.11523938,-0.1413686,-0.23478852,-0.5157365,-0.5077052,-0.19979209,-0.12944376,-0.2646176,-0.1343601,-0.43913126,-0.09473648,-0.28899387,-0.61741656,-0.1394344,-0.15791109,-0.043713924,0.5746875,-0.6695835,-0.3282087,0.66622746,-0.07416974,-0.15249704,-0.21050249,-0.11908626,-0.15563627,-0.14196976,-0.22405037,-0.69651604,-0.24454184,-0.1857071,-0.27624616,-0.09171743,-0.2573947,-0.104902744,0.23482932,-0.10136145,-0.18033062,-0.10159868,-0.27448004,-0.17051223,0.33132705,-0.13977395,-0.14572966,0.61029536,0.16590594,0.5044566,2.7784748,4.733428,-0.08045788,-0.3902591,-0.09827855,-0.30422124,3.998852,-0.21401352,-0.22683759,0.38445964,-0.65354913,-0.2561636,-0.28256875,-0.10572313,-0.14401945,-0.17649053,-0.46670645,-0.0031944313,-0.7183663,-0.10819188,-0.2047146,-0.28389198,4.5252533,-0.15152095,-0.099957936,-0.17967562,0.005238723,-0.1513935,-0.15473078,-0.33795354,-0.21536218,-0.2358877,-0.09320213,-0.27183226,-0.75297004
AVBL,-0.35832995,0.12669587,-0.5863807,0.5101806,-0.21100597,0.81684726,0.0,-0.8491572,-0.0068800813,-0.4648027,0.03277052,-0.10377491,4.7767086,2.7002833,-0.58258736,-0.82782334,-0.6505479,-0.15009332,-0.21156542,-0.90778196,-0.15184641,-0.1911605,-0.32551718,-0.21632034,-0.5199577,-0.017386686,0.63748175,-0.4104568,-0.62943053,-0.38064152,-0.12341136,1.4418129,-0.37415573,0.48537803,-0.07949031,-0.1361612,-1.1544276,-0.20784883,-0.115292594,-0.34298185,-0.13471934,-0.15062217,-0.33398196,0.6628258,-0.55258137,-0.09087956,1.7824055,-0.25003657,-0.34406984,-0.13561358,-0.14355418,-0.15196072,-0.13318594,-0.1759433,-0.11816035,-0.20278443,0.01358614,6.3212686,-0.21718557,-0.35096493,1.2152473,0.87434477,-0.26026434,-0.41789025,-0.102475956,-0.10285871,-0.5067824,-0.57907003,-0.15040447,-0.30911854,-0.2528605,-0.09458673,-0.42144942,-0.5756286,-0.16369154,-0.5684471,-0.24849188,-0.18197845,-0.27828905,-0.17845973,-0.17142017,-0.15680167,-0.5719187,-0.37417984,-0.13361521,-0.120207824,-0.13690129,-0.12827034,-0.12093241,-0.21381748,-0.25874788,-0.18722767,-0.2513109,-0.30797932,0.050938383,-0.42152947,1.5750908,-0.19446401,-0.62694275,-0.4711292,-0.16090772,-0.060295034,-0.1288605,0.7755113,-0.1826368,-0.4239698,-0.54678744,-0.29592073,-0.41411698,-0.35408708,-0.22873205,-0.4517936,-0.13736127,-0.24130522,-0.27787572,-0.41396794,-0.10739582,-0.41316658,-0.49330926,0.9043568,-0.6554535,-0.78647774,-0.31298283,4.005662,-0.14735171,-0.091602236,-0.2771743,-0.094790414,-0.05744427,-0.16486284,-0.16334516,-0.20976593,-0.19282603,-0.1469703,-0.78865725,-0.13447979,-0.1532346,-0.1287108,-0.25174806,3.6942668,-0.873462,-0.54312545,4.871954,-0.35687622,-0.5155307,-0.7283083,-0.22517133,-0.19860753,-0.5868583,-0.84569055,-0.26351932,-0.13835765,-1.1052945,-0.13974895,-0.1413686,-0.23478852,0.008981657,-0.519459,-0.18761419,-0.12944376,-0.16798685,-0.1343601,-0.47487187,-0.07033452,-0.27008483,-0.556908,-0.1394344,0.015993653,-0.42461774,0.4391853,-0.62610614,-0.29266512,0.81216615,-0.119282395,0.12862644,-1.0184736,-0.19224678,-0.7730307,-0.12355964,-0.18701969,1.02093,-0.2226785,-0.19877854,-0.27052486,-0.09171743,0.2524109,-0.104902744,-0.9639141,-0.10136145,-0.18033062,-0.121062614,-0.21480364,-0.5324129,-0.7418034,-0.13977395,-0.07923213,-0.03856935,-0.50331515,-1.018827,-0.44355994,0.4805615,-0.18084498,-0.3671179,-0.09827855,-0.27866423,2.8324523,-0.05487495,-0.22683759,-0.13677147,-0.62812096,-0.23464371,2.6899538,-0.07567754,-0.14401945,-0.17649053,-0.46670645,-0.35478157,-0.7482372,-0.10819188,-0.2047146,-0.32354373,-0.62689316,-0.15152095,-0.32986698,-0.17967562,-0.35578114,-0.059550267,-0.16701749,-0.33795354,0.7906845,-0.2358877,-0.09320213,6.681179,-0.31383973
AVBR,-0.35832995,0.12669587,-0.5863807,0.5101806,-0.21100597,0.81684726,0.0,-0.8491572,-0.0068800813,-0.4648027,0.03277052,-0.10377491,4.7767086,2.7002833,-0.58258736,-0.82782334,-0.6505479,-0.15009332,-0.21156542,-0.90778196,-0.15184641,-0.1911605,-0.32551718,-0.21632034,-0.5199577,-0.017386686,0.63748175,-0.4104568,-0.62943053,-0.38064152,-0.12341136,1.4418129,-0.37415573,0.48537803,-0.07949031,-0.1361612,-1.1544276,-0.20784883,-0.115292594,-0.34298185,-0.13471934,-0.15062217,-0.33398196,0.6628258,-0.55258137,-0.09087956,1.7824055,-0.25003657,-0.34406984,-0.13561358,-0.14355418,-0.15196072,-0.13318594,-0.1759433,-0.11816035,-0.20278443,0.01358614,6.3212686,-0.21718557,-0.35096493,1.2152473,0.87434477,-0.26026434,-0.41789025,-0.102475956,-0.10285871,-0.5067824,-0.57907003,-0.15040447,-0.30911854,-0.2528605,-0.09458673,-0.42144942,-0.5756286,-0.16369154,-0.5684471,-0.24849188,-0.18197845,-0.27828905,-0.17845973,-0.17142017,-0.15680167,-0.5719187,-0.37417984,-0.13361521,-0.120207824,-0.13690129,-0.12827034,-0.12093241,-0.21381748,-0.25874788,-0.18722767,-0.2513109,-0.30797932,0.050938383,-0.42152947,1.5750908,-0.19446401,-0.62694275,-0.4711292,-0.16090772,-0.060295034,-0.1288605,0.7755113,-0.1826368,-0.4239698,-0.54678744,-0.29592073,-0.41411698,-0.35408708,-0.22873205,-0.4517936,-0.13736127,-0.24130522,-0.27787572,-0.41396794,-0.10739582,-0.41316658,-0.49330926,0.9043568,-0.6554535,-0.78647774,-0.31298283,4.005662,-0.14735171,-0.091602236,-0.2771743,-0.094790414,-0.05744427,-0.16486284,-0.16334516,-0.20976593,-0.19282603,-0.1469703,-0.78865725,-0.13447979,-0.1532346,-0.1287108,-0.25174806,3.6942668,-0.873462,-0.54312545,4.871954,-0.35687622,-0.5155307,-0.7283083,-0.22517133,-0.19860753,-0.5868583,-0.84569055,-0.26351932,-0.13835765,-1.1052945,-0.13974895,-0.1413686,-0.23478852,0.008981657,-0.519459,-0.18761419,-0.12944376,-0.16798685,-0.1343601,-0.47487187,-0.07033452,-0.27008483,-0.556908,-0.1394344,0.015993653,-0.42461774,0.4391853,-0.62610614,-0.29266512,0.81216615,-0.119282395,0.12862644,-1.0184736,-0.19224678,-0.7730307,-0.12355964,-0.18701969,1.02093,-0.2226785,-0.19877854,-0.27052486,-0.09171743,0.2524109,-0.104902744,-0.9639141,-0.10136145,-0.18033062,-0.121062614,-0.21480364,-0.5324129,-0.7418034,-0.13977395,-0.07923213,-0.03856935,-0.50331515,-1.018827,-0.44355994,0.4805615,-0.18084498,-0.3671179,-0.09827855,-0.27866423,2.8324523,-0.05487495,-0.22683759,-0.13677147,-0.62812096,-0.23464371,2.6899538,-0.07567754,-0.14401945,-0.17649053,-0.46670645,-0.35478157,-0.7482372,-0.10819188,-0.2047146,-0.32354373,-0.62689316,-0.15152095,-0.32986698,-0.17967562,-0.35578114,-0.059550267,-0.16701749,-0.33795354,0.7906845,-0.2358877,-0.09320213,6.681179,-0.31383973
AVDL,-0.35832995,0.48768878,-0.5863807,0.34491298,-0.45785543,-0.5136662,0.0,1.2390088,0.47871915,-0.432526,-0.8607938,-0.15288818,-0.36898717,0.5447769,-0.79471946,1.1675435,0.4428998,-0.061431922,0.5953616,3.8596735,-0.15184641,-0.16671994,-0.3671062,-0.89769644,2.7249825,-0.29439822,0.5855396,-0.09713728,1.6877337,1.0030462,-0.71992105,-0.96725035,-0.5084915,1.3501234,-0.091266364,-0.13062038,-1.0173802,-0.2033285,-0.13624768,-0.05720653,-0.13471934,-0.1566465,-0.33453038,0.3279818,-0.5425592,-0.1035158,0.6845038,1.9833002,-0.3416021,-0.14254181,-0.14058661,-0.16746502,-0.13706648,0.17528439,-0.11816035,-0.20278443,-0.26984045,-0.10099995,0.35391462,-0.014760959,-0.76196283,0.91831577,-0.26026434,-0.36872187,-0.16733961,-0.08641735,0.78187376,-0.5691118,-0.15040447,-0.30671275,-0.2528605,-0.105260745,1.2802985,0.5482005,-0.15752368,0.39257562,-0.27262098,-0.18197845,-0.22164528,-0.17845973,-0.14877762,-0.1593453,-1.1039702,-0.44483757,-0.021705104,-0.13816561,-0.13690129,-0.24091859,-0.18594661,-0.22671841,-0.2869903,-0.1939915,-0.29898974,-0.2908392,1.6089462,-0.4425397,4.5101776,-0.19446401,-0.39860526,-0.32652423,-0.16090772,-0.070288315,-0.1288605,-0.1873362,-0.19361831,-0.5037999,-0.4156628,0.112655476,-0.38866508,-0.5021966,-0.22873205,0.21708517,-0.13736127,0.65849423,-0.29024357,-0.53402466,-0.064806804,-0.10113682,-0.162862,0.36591268,-0.68664974,-0.3273657,-0.2887704,0.40242603,-0.14735171,-0.091602236,-0.24594812,0.44775307,-0.11552945,-0.18340789,-0.16334516,-0.14872637,-0.2069614,-0.16113873,-0.7143956,2.578838,-0.1532346,-0.16589922,0.16759679,3.5685022,-0.3587129,-0.74727094,-0.37564814,0.4074561,-0.45415226,-0.39400345,-0.22517133,-0.31185797,-0.038353752,-0.6331985,-0.30143094,-0.13835765,-0.013610554,-0.14343338,-0.1413686,-0.23478852,-0.4524426,-0.45938423,-0.19979209,-0.12944376,-0.25795913,-0.1343601,-0.38353476,-0.09473648,-0.28899387,-0.6160885,-0.0455529,-0.15791109,-0.4376663,3.388265,-0.69277143,-0.29661438,0.021504574,-0.1445895,-0.48320806,-0.04306962,-0.061937287,-0.708893,-0.14196976,-0.15821807,0.3665657,-0.24454184,-0.19877854,-0.28932342,-0.09171743,0.982757,-0.104902744,0.3603808,-0.10136145,-0.18033062,-0.121062614,-0.23911624,-0.07296761,0.26610458,-0.13977395,-0.123952694,0.33432966,-0.04673742,-0.39720762,1.5525017,1.0963836,-0.18084498,-0.4535512,-0.09827855,-0.30422124,-0.42334607,-0.31132117,-0.22683759,0.93939334,-0.6745375,-0.47295603,-0.14567356,-0.052308746,-0.14401945,-0.17649053,-0.46670645,3.2531867,-0.7527277,-0.10819188,-0.2047146,-0.2897663,-0.7037458,-0.15152095,1.1025782,-0.17967562,-0.13025503,0.011883361,0.080688536,-0.33795354,1.8773994,-0.2358877,-0.09320213,0.045649666,-0.6564128
AVDR,-0.35832995,0.48768878,-0.5863807,0.34491298,-0.45785543,-0.5136662,0.0,1.2390088,0.47871915,-0.432526,-0.8607938,-0.15288818,-0.36898717,0.5447769,-0.79471946,1.1675435,0.4428998,-0.061431922,0.5953616,3.8596735,-0.15184641,-0.16671994,-0.3671062,-0.89769644,2.7249825,-0.29439822,0.5855396,-0.09713728,1.6877337,1.0030462,-0.71992105,-0.96725035,-0.5084915,1.3501234,-0.091266364,-0.13062038,-1.0173802,-0.2033285,-0.13624768,-0.05720653,-0.13471934,-0.1566465,-0.33453038,0.3279818,-0.5425592,-0.1035158,0.6845038,1.9833002,-0.3416021,-0.14254181,-0.14058661,-0.16746502,-0.13706648,0.17528439,-0.11816035,-0.20278443,-0.26984045,-0.10099995,0.35391462,-0.014760959,-0.76196283,0.91831577,-0.26026434,-0.36872187,-0.16733961,-0.08641735,0.78187376,-0.5691118,-0.15040447,-0.30671275,-0.2528605,-0.105260745,1.2802985,0.5482005,-0.15752368,0.39257562,-0.27262098,-0.18197845,-0.22164528,-0.17845973,-0.14877762,-0.1593453,-1.1039702,-0.44483757,-0.021705104,-0.13816561,-0.13690129,-0.24091859,-0.18594661,-0.22671841,-0.2869903,-0.1939915,-0.29898974,-0.2908392,1.6089462,-0.4425397,4.5101776,-0.19446401,-0.39860526,-0.32652423,-0.16090772,-0.070288315,-0.1288605,-0.1873362,-0.19361831,-0.5037999,-0.4156628,0.112655476,-0.38866508,-0.5021966,-0.22873205,0.21708517,-0.13736127,0.65849423,-0.29024357,-0.53402466,-0.064806804,-0.10113682,-0.162862,0.36591268,-0.68664974,-0.3273657,-0.2887704,0.40242603,-0.14735171,-0.091602236,-0.24594812,0.44775307,-0.11552945,-0.18340789,-0.16334516,-0.14872637,-0.2069614,-0.16113873,-0.7143956,2.578838,-0.1532346,-0.16589922,0.16759679,3.5685022,-0.3587129,-0.74727094,-0.37564814,0.4074561,-0.45415226,-0.39400345,-0.22517133,-0.31185797,-0.038353752,-0.6331985,-0.30143094,-0.13835765,-0.013610554,-0.14343338,-0.1413686,-0.23478852,-0.4524426,-0.45938423,-0.19979209,-0.12944376,-0.25795913,-0.1343601,-0.38353476,-0.09473648,-0.28899387,-0.6160885,-0.0455529,-0.15791109,-0.4376663,3.388265,-0.69277143,-0.29661438,0.021504574,-0.1445895,-0.48320806,-0.04306962,-0.061937287,-0.708893,-0.14196976,-0.15821807,0.3665657,-0.24454184,-0.19877854,-0.28932342,-0.09171743,0.982757,-0.104902744,0.3603808,-0.10136145,-0.18033062,-0.121062614,-0.23911624,-0.07296761,0.26610458,-0.13977395,-0.123952694,0.33432966,-0.04673742,-0.39720762,1.5525017,1.0963836,-0.18084498,-0.4535512,-0.09827855,-0.30422124,-0.42334607,-0.31132117,-0.22683759,0.93939334,-0.6745375,-0.47295603,-0.14567356,-0.052308746,-0.14401945,-0.17649053,-0.46670645,3.2531867,-0.7527277,-0.10819188,-0.2047146,-0.2897663,-0.7037458,-0.15152095,1.1025782,-0.17967562,-0.13025503,0.011883361,0.080688536,-0.33795354,1.8773994,-0.2358877,-0.09320213,0.045649666,-0.6564128
AVEL,-0.35832995,-0.8649324,-0.032590125,-0.40129927,-0.45785543,2.6528523,0.0,-0.8491572,-0.14431381,-0.685868,1.76932,-0.5457942,-0.36898717,-0.39799687,0.50528985,-0.037206296,0.2778511,-0.057608247,0.3169606,0.54944026,-0.15184641,-0.73484653,-0.19133377,-0.48629954,-0.5587625,-0.04351985,1.7459104,-0.6216653,-0.3550912,-0.41076535,-0.54305834,-0.38543892,0.3910743,-0.25508794,-0.090555355,-0.13832934,0.030294493,-0.2066426,-0.1395673,-0.200828,-0.13471934,-0.18921712,-0.3165668,-0.24693924,-0.54446095,-0.099701084,-0.34307036,-0.5496135,-0.34724262,-0.13626719,-0.14391412,-0.16746502,-0.13355201,0.5895267,0.37891424,-0.19482051,-0.073328204,-0.34936818,0.020748578,0.18743119,-0.9887746,0.4105772,-0.26026434,-0.25368646,-0.06943221,-0.10285871,-0.16781244,-0.59187335,-0.15040447,-0.247158,-0.2528605,-0.09559371,-0.1237164,0.44397667,-0.16443968,-0.6921576,-0.19977842,-0.18197845,-0.026649976,-0.17845973,-0.124110416,-0.17969438,1.467525,-0.44483757,-0.12221306,-0.13816561,-0.13690129,-0.44398922,1.4696542,-0.21503456,-0.27846432,-0.1939915,-0.28171742,-0.30797932,-0.15611416,-0.4425397,0.5188542,-0.1875273,-0.56231886,-0.45951766,7.9834933,-0.2413862,-0.1288605,-0.21241948,-0.19361831,3.447525,-0.22169723,1.16783,-0.36225274,-0.37205166,-0.2180767,-0.083254926,-0.13736127,0.16807826,-0.29024357,-0.5231516,-0.35623148,-0.3926404,-0.2219022,0.35294878,-0.7204678,-0.3119655,-0.31298283,-0.20695256,-0.14735171,-0.07469675,-0.24535896,-0.20739377,-0.0979943,3.3945072,-0.16334516,-0.25787112,-0.19415955,-0.16113873,-0.71299446,-0.016462779,-0.1532346,-0.16589922,-0.33569422,-0.22490555,0.999187,0.49390453,-0.34800535,3.4710565,-0.48426247,-0.9550308,-0.22517133,-0.31185797,0.17803705,-0.7646505,-0.76438254,-0.13835765,-0.6858232,-0.17290895,-0.1413686,-0.23478852,2.621921,-0.50415695,-0.177734,-0.12944376,-0.17936432,-0.1343601,-0.4593618,-0.09473648,-0.27186874,-0.64605695,-0.12349225,-0.13541128,0.057094976,-0.39904714,-0.48145488,-0.3282087,0.8552319,-0.09875022,-0.37637517,-0.08360547,0.03384394,0.23986,-0.14196976,-0.22405037,-0.79761845,-0.24454184,-0.19877854,-0.28932342,-0.09171743,-0.29692727,-0.056506403,0.036305565,-0.10136145,-0.12678553,-0.121062614,-0.22043349,-0.45034096,-0.070719875,-0.13977395,-0.15972914,0.942705,-0.4468087,-0.30537447,-0.35825124,1.1786608,-0.050152343,-0.4899442,-0.09827855,-0.29264826,-0.038643215,-0.26909333,-0.22683759,-0.010254779,-0.63600296,-0.49811104,-0.27808756,-0.07851203,-0.14401945,-0.17649053,-0.46670645,-0.30181488,-0.7154488,-0.10819188,-0.2047146,-0.32354373,-0.7224561,-0.15152095,-0.19546357,-0.17967562,-0.00646728,-0.1513935,-0.16997969,-0.33795354,0.0030288429,-0.2358877,-0.09320213,-0.2661573,-0.70901346
AVER,-0.35832995,-0.8649324,-0.032590125,-0.40129927,-0.45785543,2.6528523,0.0,-0.8491572,-0.14431381,-0.685868,1.76932,-0.5457942,-0.36898717,-0.39799687,0.50528985,-0.037206296,0.2778511,-0.057608247,0.3169606,0.54944026,-0.15184641,-0.73484653,-0.19133377,-0.48629954,-0.5587625,-0.04351985,1.7459104,-0.6216653,-0.3550912,-0.41076535,-0.54305834,-0.38543892,0.3910743,-0.25508794,-0.090555355,-0.13832934,0.030294493,-0.2066426,-0.1395673,-0.200828,-0.13471934,-0.18921712,-0.3165668,-0.24693924,-0.54446095,-0.099701084,-0.34307036,-0.5496135,-0.34724262,-0.13626719,-0.14391412,-0.16746502,-0.13355201,0.5895267,0.37891424,-0.19482051,-0.073328204,-0.34936818,0.020748578,0.18743119,-0.9887746,0.4105772,-0.26026434,-0.25368646,-0.06943221,-0.10285871,-0.16781244,-0.59187335,-0.15040447,-0.247158,-0.2528605,-0.09559371,-0.1237164,0.44397667,-0.16443968,-0.6921576,-0.19977842,-0.18197845,-0.026649976,-0.17845973,-0.124110416,-0.17969438,1.467525,-0.44483757,-0.12221306,-0.13816561,-0.13690129,-0.44398922,1.4696542,-0.21503456,-0.27846432,-0.1939915,-0.28171742,-0.30797932,-0.15611416,-0.4425397,0.5188542,-0.1875273,-0.56231886,-0.45951766,7.9834933,-0.2413862,-0.1288605,-0.21241948,-0.19361831,3.447525,-0.22169723,1.16783,-0.36225274,-0.37205166,-0.2180767,-0.083254926,-0.13736127,0.16807826,-0.29024357,-0.5231516,-0.35623148,-0.3926404,-0.2219022,0.35294878,-0.7204678,-0.3119655,-0.31298283,-0.20695256,-0.14735171,-0.07469675,-0.24535896,-0.20739377,-0.0979943,3.3945072,-0.16334516,-0.25787112,-0.19415955,-0.16113873,-0.71299446,-0.016462779,-0.1532346,-0.16589922,-0.33569422,-0.22490555,0.999187,0.49390453,-0.34800535,3.4710565,-0.48426247,-0.9550308,-0.22517133,-0.31185797,0.17803705,-0.7646505,-0.76438254,-0.13835765,-0.6858232,-0.17290895,-0.1413686,-0.23478852,2.621921,-0.50415695,-0.177734,-0.12944376,-0.17936432,-0.1343601,-0.4593618,-0.09473648,-0.27186874,-0.64605695,-0.12349225,-0.13541128,0.057094976,-0.39904714,-0.48145488,-0.3282087,0.8552319,-0.09875022,-0.37637517,-0.08360547,0.03384394,0.23986,-0.14196976,-0.22405037,-0.79761845,-0.24454184,-0.19877854,-0.28932342,-0.09171743,-0.29692727,-0.056506403,0.036305565,-0.10136145,-0.12678553,-0.121062614,-0.22043349,-0.45034096,-0.070719875,-0.13977395,-0.15972914,0.942705,-0.4468087,-0.30537447,-0.35825124,1.1786608,-0.050152343,-0.4899442,-0.09827855,-0.29264826,-0.038643215,-0.26909333,-0.22683759,-0.010254779,-0.63600296,-0.49811104,-0.27808756,-0.07851203,-0.14401945,-0.17649053,-0.46670645,-0.30181488,-0.7154488,-0.10819188,-0.2047146,-0.32354373,-0.7224561,-0.15152095,-0.19546357,-0.17967562,-0.00646728,-0.1513935,-0.16997969,-0.33795354,0.0030288429,-0.2358877,-0.09320213,-0.2661573,-0.70901346
AVFL,0.0,0.0,0.0,0.0,0.0,0.0,0.0,0.0,0.0,0.0,0.0,0.0,0.0,0.0,0.0,0.0,0.0,0.0,0.0,0.0,0.0,0.0,0.0,0.0,0.0,0.0,0.0,0.0,0.0,0.0,0.0,0.0,0.0,0.0,0.0,0.0,0.0,0.0,0.0,0.0,0.0,0.0,0.0,0.0,0.0,0.0,0.0,0.0,0.0,0.0,0.0,0.0,0.0,0.0,0.0,0.0,0.0,0.0,0.0,0.0,0.0,0.0,0.0,0.0,0.0,0.0,0.0,0.0,0.0,0.0,0.0,0.0,0.0,0.0,0.0,0.0,0.0,0.0,0.0,0.0,0.0,0.0,0.0,0.0,0.0,0.0,0.0,0.0,0.0,0.0,0.0,0.0,0.0,0.0,0.0,0.0,0.0,0.0,0.0,0.0,0.0,0.0,0.0,0.0,0.0,0.0,0.0,0.0,0.0,0.0,0.0,0.0,0.0,0.0,0.0,0.0,0.0,0.0,0.0,0.0,0.0,0.0,0.0,0.0,0.0,0.0,0.0,0.0,0.0,0.0,0.0,0.0,0.0,0.0,0.0,0.0,0.0,0.0,0.0,0.0,0.0,0.0,0.0,0.0,0.0,0.0,0.0,0.0,0.0,0.0,0.0,0.0,0.0,0.0,0.0,0.0,0.0,0.0,0.0,0.0,0.0,0.0,0.0,0.0,0.0,0.0,0.0,0.0,0.0,0.0,0.0,0.0,0.0,0.0,0.0,0.0,0.0,0.0,0.0,0.0,0.0,0.0,0.0,0.0,0.0,0.0,0.0,0.0,0.0,0.0,0.0,0.0,0.0,0.0,0.0,0.0,0.0,0.0,0.0,0.0,0.0,0.0,0.0,0.0,0.0,0.0,0.0,0.0,0.0,0.0,0.0,0.0,0.0,0.0,0.0,0.0,0.0,0.0,0.0,0.0,0.0,0.0,0.0,0.0,0.0,0.0,0.0,0.0,0.0,0.0,0.0,0.0,0.0,0.0
AVFR,0.0,0.0,0.0,0.0,0.0,0.0,0.0,0.0,0.0,0.0,0.0,0.0,0.0,0.0,0.0,0.0,0.0,0.0,0.0,0.0,0.0,0.0,0.0,0.0,0.0,0.0,0.0,0.0,0.0,0.0,0.0,0.0,0.0,0.0,0.0,0.0,0.0,0.0,0.0,0.0,0.0,0.0,0.0,0.0,0.0,0.0,0.0,0.0,0.0,0.0,0.0,0.0,0.0,0.0,0.0,0.0,0.0,0.0,0.0,0.0,0.0,0.0,0.0,0.0,0.0,0.0,0.0,0.0,0.0,0.0,0.0,0.0,0.0,0.0,0.0,0.0,0.0,0.0,0.0,0.0,0.0,0.0,0.0,0.0,0.0,0.0,0.0,0.0,0.0,0.0,0.0,0.0,0.0,0.0,0.0,0.0,0.0,0.0,0.0,0.0,0.0,0.0,0.0,0.0,0.0,0.0,0.0,0.0,0.0,0.0,0.0,0.0,0.0,0.0,0.0,0.0,0.0,0.0,0.0,0.0,0.0,0.0,0.0,0.0,0.0,0.0,0.0,0.0,0.0,0.0,0.0,0.0,0.0,0.0,0.0,0.0,0.0,0.0,0.0,0.0,0.0,0.0,0.0,0.0,0.0,0.0,0.0,0.0,0.0,0.0,0.0,0.0,0.0,0.0,0.0,0.0,0.0,0.0,0.0,0.0,0.0,0.0,0.0,0.0,0.0,0.0,0.0,0.0,0.0,0.0,0.0,0.0,0.0,0.0,0.0,0.0,0.0,0.0,0.0,0.0,0.0,0.0,0.0,0.0,0.0,0.0,0.0,0.0,0.0,0.0,0.0,0.0,0.0,0.0,0.0,0.0,0.0,0.0,0.0,0.0,0.0,0.0,0.0,0.0,0.0,0.0,0.0,0.0,0.0,0.0,0.0,0.0,0.0,0.0,0.0,0.0,0.0,0.0,0.0,0.0,0.0,0.0,0.0,0.0,0.0,0.0,0.0,0.0,0.0,0.0,0.0,0.0,0.0,0.0
AVHL,-0.35832995,-0.7672236,-0.5863807,0.44133827,0.30658165,-0.026964188,0.0,0.9695679,0.08710676,-0.7990233,-0.51489794,-0.5457942,-0.36898717,-0.3399826,-0.96442515,-0.21881564,1.57162,-0.08758091,1.2944502,0.7531379,-0.15184641,-0.3685514,0.45930764,2.2674053,-0.29438946,-0.29439822,0.8536286,-0.34705785,0.8634298,-0.6999541,0.29716912,0.27613696,0.14703551,1.0462456,-0.09005077,-0.058877386,-0.5388056,-0.21066101,-0.11932834,-0.09059423,-0.13471934,-0.09799326,1.6863736,-0.16535245,-0.565467,-0.09699387,0.72003096,1.1590028,-0.34724262,-0.11572285,-0.14146183,-0.1594628,-0.09500623,1.2160282,-0.11816035,-0.18236083,-0.2754668,-0.15560684,0.23043337,0.32409042,-0.5533921,1.4374548,-0.26026434,-0.35603327,-0.15549354,-0.07421893,2.3054197,-0.57204884,-0.15040447,-0.28932893,-0.2528605,-0.08873323,0.37203413,0.96115524,0.44232246,-0.1139365,-0.26016724,-0.18197845,-0.29473403,-0.17845973,-0.1665614,-0.10880079,-0.53467613,-0.44483757,-0.07513316,-0.082554385,-0.13690129,-0.21267869,-0.23832615,-0.18676716,-0.2869903,-0.1939915,-0.21039945,-0.30797932,0.95067143,-0.4425397,-0.28405404,-0.1707449,0.12436124,-0.041870553,-0.14413145,0.3040222,-0.1288605,-0.12931624,-0.14260745,-0.2623873,-0.26000515,-0.27369782,-0.41411698,0.26633388,-0.21051484,0.42489207,-0.13736127,1.0752102,0.26511183,0.13519463,0.059753068,5.300486,-0.21019927,1.53636,-0.6332228,-0.45242852,0.0033406818,-0.24320069,-0.14735171,-0.091602236,-0.2771743,-0.026131066,-0.11552945,0.04021788,-0.16334516,-0.4274181,-0.2069614,-0.16113873,-0.68085814,-0.28981608,-0.1532346,-0.16589922,0.25997806,-0.23340867,-0.81806093,-0.19349013,-0.19348149,-0.39868405,-0.40861347,0.1729281,-0.22517133,-0.31185797,0.85598016,-0.6808436,0.40788376,-0.13835765,0.4135033,-0.14723669,-0.1413686,-0.23478852,-0.16397376,-0.519459,-0.180936,-0.12944376,-0.101850756,-0.0809481,-0.44835466,-0.09473648,-0.28899387,-0.5973675,-0.08492256,-0.15791109,-0.1480729,1.9117163,-0.6411596,-0.30069107,-0.06704182,0.051336426,0.0042236745,-0.295441,-0.124807514,-0.07662014,-0.14196976,0.11997651,-0.42938015,-0.24454184,-0.19877854,-0.28932342,-0.09171743,-0.062282268,-0.104902744,0.38820457,-0.10136145,0.09430383,-0.121062614,-0.27448004,-0.27776435,1.5242869,-0.13977395,-0.15972914,0.3384244,-0.033756588,0.2035062,0.88001263,-0.45203078,-0.18084498,-0.4899442,-0.09827855,-0.30422124,-0.35111117,-0.058635157,-0.22683759,1.4909483,-0.6146452,-0.5331658,-0.2974128,-0.10572313,-0.14401945,-0.17649053,-0.43367648,1.2252153,-0.7886509,-0.10819188,-0.1704147,-0.17644854,-0.71398216,-0.15152095,-0.20440075,-0.09396127,-0.35776523,-0.1513935,-0.19841684,-0.33795354,-0.26354,6.1129756,-0.09320213,-0.29063052,-0.25553763
AVHR,-0.35832995,-0.7672236,-0.5863807,0.44133827,0.30658165,-0.026964188,0.0,0.9695679,0.08710676,-0.7990233,-0.51489794,-0.5457942,-0.36898717,-0.3399826,-0.96442515,-0.21881564,1.57162,-0.08758091,1.2944502,0.7531379,-0.15184641,-0.3685514,0.45930764,2.2674053,-0.29438946,-0.29439822,0.8536286,-0.34705785,0.8634298,-0.6999541,0.29716912,0.27613696,0.14703551,1.0462456,-0.09005077,-0.058877386,-0.5388056,-0.21066101,-0.11932834,-0.09059423,-0.13471934,-0.09799326,1.6863736,-0.16535245,-0.565467,-0.09699387,0.72003096,1.1590028,-0.34724262,-0.11572285,-0.14146183,-0.1594628,-0.09500623,1.2160282,-0.11816035,-0.18236083,-0.2754668,-0.15560684,0.23043337,0.32409042,-0.5533921,1.4374548,-0.26026434,-0.35603327,-0.15549354,-0.07421893,2.3054197,-0.57204884,-0.15040447,-0.28932893,-0.2528605,-0.08873323,0.37203413,0.96115524,0.44232246,-0.1139365,-0.26016724,-0.18197845,-0.29473403,-0.17845973,-0.1665614,-0.10880079,-0.53467613,-0.44483757,-0.07513316,-0.082554385,-0.13690129,-0.21267869,-0.23832615,-0.18676716,-0.2869903,-0.1939915,-0.21039945,-0.30797932,0.95067143,-0.4425397,-0.28405404,-0.1707449,0.12436124,-0.041870553,-0.14413145,0.3040222,-0.1288605,-0.12931624,-0.14260745,-0.2623873,-0.26000515,-0.27369782,-0.41411698,0.26633388,-0.21051484,0.42489207,-0.13736127,1.0752102,0.26511183,0.13519463,0.059753068,5.300486,-0.21019927,1.53636,-0.6332228,-0.45242852,0.0033406818,-0.24320069,-0.14735171,-0.091602236,-0.2771743,-0.026131066,-0.11552945,0.04021788,-0.16334516,-0.4274181,-0.2069614,-0.16113873,-0.68085814,-0.28981608,-0.1532346,-0.16589922,0.25997806,-0.23340867,-0.81806093,-0.19349013,-0.19348149,-0.39868405,-0.40861347,0.1729281,-0.22517133,-0.31185797,0.85598016,-0.6808436,0.40788376,-0.13835765,0.4135033,-0.14723669,-0.1413686,-0.23478852,-0.16397376,-0.519459,-0.180936,-0.12944376,-0.101850756,-0.0809481,-0.44835466,-0.09473648,-0.28899387,-0.5973675,-0.08492256,-0.15791109,-0.1480729,1.9117163,-0.6411596,-0.30069107,-0.06704182,0.051336426,0.0042236745,-0.295441,-0.124807514,-0.07662014,-0.14196976,0.11997651,-0.42938015,-0.24454184,-0.19877854,-0.28932342,-0.09171743,-0.062282268,-0.104902744,0.38820457,-0.10136145,0.09430383,-0.121062614,-0.27448004,-0.27776435,1.5242869,-0.13977395,-0.15972914,0.3384244,-0.033756588,0.2035062,0.88001263,-0.45203078,-0.18084498,-0.4899442,-0.09827855,-0.30422124,-0.35111117,-0.058635157,-0.22683759,1.4909483,-0.6146452,-0.5331658,-0.2974128,-0.10572313,-0.14401945,-0.17649053,-0.43367648,1.2252153,-0.7886509,-0.10819188,-0.1704147,-0.17644854,-0.71398216,-0.15152095,-0.20440075,-0.09396127,-0.35776523,-0.1513935,-0.19841684,-0.33795354,-0.26354,6.1129756,-0.09320213,-0.29063052,-0.25553763
AVJL,-0.35832995,-0.8834772,-0.5863807,-0.23814282,-0.45785543,-0.92702967,0.0,1.1644315,2.5945442,-0.2849751,-0.8607938,0.21195313,-0.36898717,-0.81302226,0.017443366,-0.4989167,-0.6505479,-0.26408654,2.6044447,-0.90778196,-0.15184641,-0.9767482,1.2251589,0.6597347,-0.9312882,-0.29439822,3.1974943,0.16328415,0.5693759,-0.6999541,-0.5616633,0.13403563,0.049787056,1.8337495,-0.091266364,-0.13832934,-0.88157177,-0.21366067,-0.1395673,-0.05065578,-0.13471934,-0.1710423,-0.33891782,0.062590234,-0.5389593,-0.060191568,-0.36177242,-0.9400069,-0.33636448,-0.13066484,-0.13428809,-0.1497458,-0.13706648,1.2589539,-0.11816035,-0.20278443,-0.20932865,-0.22371988,-0.37815204,0.43300688,-1.4299619,2.6331782,-0.26026434,-0.3715315,-0.18330604,-0.10285871,-0.73419225,-0.5699248,-0.15040447,-0.32046014,-0.2528605,-0.105260745,-0.7529588,2.816055,-0.17162165,0.39811146,-0.27262098,-0.18197845,-0.29473403,-0.17845973,-0.18028031,-0.17969438,-0.11497365,-0.44483757,-0.13361521,-0.13816561,-0.13690129,-0.43586913,0.19099921,-0.22671841,-0.2869903,-0.1939915,-0.29898974,-0.30797932,-0.7655641,-0.4425397,-0.38124657,-0.19446401,-0.7492664,-0.43798053,-0.16090772,3.1389825,-0.1288605,-0.265537,-0.19361831,-0.36759079,-0.5355482,-0.013453608,-0.36503115,-0.17726263,-0.22873205,-0.93772817,-0.13736127,4.488375,-0.29024357,-0.2870508,-0.48663783,-0.26498258,-0.36324984,3.0916386,-0.6882703,0.08073403,-0.31298283,-0.5263177,-0.14735171,-0.027602887,-0.2771743,-0.02920822,-0.11552945,-0.19304127,-0.16334516,-0.1594586,-0.2069614,-0.16113873,-0.78865725,1.2340113,-0.1532346,-0.16589922,5.9069233,0.43722466,-0.9744876,-0.31320754,-0.4022857,0.09887479,0.07633259,0.82812274,-0.22517133,-0.2765591,0.5457673,-0.97557455,-0.68271405,-0.13835765,-0.6197412,-0.17290895,-0.1413686,-0.23478852,-0.35588697,-0.519459,-0.19979209,-0.12944376,-0.288588,-0.1343601,-0.35743845,-0.09473648,-0.22416297,-0.6771781,-0.018729612,-0.15791109,-0.40784106,1.7224758,-0.5213463,-0.3282087,-0.49210563,-0.057822295,-0.4880808,0.30727953,-0.24323747,-0.7895232,-0.14196976,-0.22405037,-0.353919,-0.24454184,-0.19877854,-0.28932342,-0.09171743,-0.1020881,-0.104902744,1.046134,-0.10136145,-0.18033062,-0.121062614,-0.27448004,-0.6935171,-0.25358784,-0.13977395,-0.15972914,1.467761,-0.5132647,0.78934866,0.7757225,3.2838607,-0.18084498,-0.4899442,-0.09827855,-0.30422124,-0.65906,-0.31132117,-0.22683759,-0.59153414,-0.7116707,-0.5796133,-0.2974128,-0.10572313,-0.14401945,-0.17649053,-0.46670645,2.54822,-0.7886509,-0.10819188,-0.2047146,-0.062975086,-0.55358213,-0.15152095,-0.29865146,-0.17967562,0.16263586,-0.1513935,-0.19841684,-0.33795354,-0.40205124,-0.2358877,-0.09320213,-0.012684625,0.39999458
AVJR,-0.35832995,-0.8834772,-0.5863807,-0.23814282,-0.45785543,-0.92702967,0.0,1.1644315,2.5945442,-0.2849751,-0.8607938,0.21195313,-0.36898717,-0.81302226,0.017443366,-0.4989167,-0.6505479,-0.26408654,2.6044447,-0.90778196,-0.15184641,-0.9767482,1.2251589,0.6597347,-0.9312882,-0.29439822,3.1974943,0.16328415,0.5693759,-0.6999541,-0.5616633,0.13403563,0.049787056,1.8337495,-0.091266364,-0.13832934,-0.88157177,-0.21366067,-0.1395673,-0.05065578,-0.13471934,-0.1710423,-0.33891782,0.062590234,-0.5389593,-0.060191568,-0.36177242,-0.9400069,-0.33636448,-0.13066484,-0.13428809,-0.1497458,-0.13706648,1.2589539,-0.11816035,-0.20278443,-0.20932865,-0.22371988,-0.37815204,0.43300688,-1.4299619,2.6331782,-0.26026434,-0.3715315,-0.18330604,-0.10285871,-0.73419225,-0.5699248,-0.15040447,-0.32046014,-0.2528605,-0.105260745,-0.7529588,2.816055,-0.17162165,0.39811146,-0.27262098,-0.18197845,-0.29473403,-0.17845973,-0.18028031,-0.17969438,-0.11497365,-0.44483757,-0.13361521,-0.13816561,-0.13690129,-0.43586913,0.19099921,-0.22671841,-0.2869903,-0.1939915,-0.29898974,-0.30797932,-0.7655641,-0.4425397,-0.38124657,-0.19446401,-0.7492664,-0.43798053,-0.16090772,3.1389825,-0.1288605,-0.265537,-0.19361831,-0.36759079,-0.5355482,-0.013453608,-0.36503115,-0.17726263,-0.22873205,-0.93772817,-0.13736127,4.488375,-0.29024357,-0.2870508,-0.48663783,-0.26498258,-0.36324984,3.0916386,-0.6882703,0.08073403,-0.31298283,-0.5263177,-0.14735171,-0.027602887,-0.2771743,-0.02920822,-0.11552945,-0.19304127,-0.16334516,-0.1594586,-0.2069614,-0.16113873,-0.78865725,1.2340113,-0.1532346,-0.16589922,5.9069233,0.43722466,-0.9744876,-0.31320754,-0.4022857,0.09887479,0.07633259,0.82812274,-0.22517133,-0.2765591,0.5457673,-0.97557455,-0.68271405,-0.13835765,-0.6197412,-0.17290895,-0.1413686,-0.23478852,-0.35588697,-0.519459,-0.19979209,-0.12944376,-0.288588,-0.1343601,-0.35743845,-0.09473648,-0.22416297,-0.6771781,-0.018729612,-0.15791109,-0.40784106,1.7224758,-0.5213463,-0.3282087,-0.49210563,-0.057822295,-0.4880808,0.30727953,-0.24323747,-0.7895232,-0.14196976,-0.22405037,-0.353919,-0.24454184,-0.19877854,-0.28932342,-0.09171743,-0.1020881,-0.104902744,1.046134,-0.10136145,-0.18033062,-0.121062614,-0.27448004,-0.6935171,-0.25358784,-0.13977395,-0.15972914,1.467761,-0.5132647,0.78934866,0.7757225,3.2838607,-0.18084498,-0.4899442,-0.09827855,-0.30422124,-0.65906,-0.31132117,-0.22683759,-0.59153414,-0.7116707,-0.5796133,-0.2974128,-0.10572313,-0.14401945,-0.17649053,-0.46670645,2.54822,-0.7886509,-0.10819188,-0.2047146,-0.062975086,-0.55358213,-0.15152095,-0.29865146,-0.17967562,0.16263586,-0.1513935,-0.19841684,-0.33795354,-0.40205124,-0.2358877,-0.09320213,-0.012684625,0.39999458
AVKL,1.9182816,-0.023946686,-0.5863807,-0.3868293,-0.41138968,-0.73007417,0.0,-0.8491572,-0.33251712,-0.7849121,0.14840825,-0.2961833,-0.3274757,-0.6405019,-0.80270565,-0.24817377,-0.6505479,-0.26408654,-0.51670575,-0.60490835,-0.15184641,4.3556395,-0.59413326,-0.6411784,-0.46672672,0.01846186,-0.37264284,-0.5260666,-0.77116483,0.7425873,2.3578684,-0.33239138,-0.45561928,0.9587692,-0.0003829427,8.024909,-1.0661988,-0.17318289,-0.13851283,-0.15677746,-0.13342153,-0.19231565,-0.30965114,-0.29375252,-0.5378159,-0.1035158,-0.32678857,-1.1336555,-0.34365922,-0.1405856,-0.14521502,-0.08866665,8.025805,-0.31919718,-0.08110223,-0.20278443,-0.2534248,-0.33760738,-0.309978,-0.32620496,0.68112093,0.48378113,-0.25231758,-0.26830268,-0.17316265,-0.10285871,-0.9438182,-0.58464324,-0.15040447,-0.28407,-0.2528605,-0.09923307,-0.6016345,-0.34252223,-0.16714348,-0.8162706,-0.26353708,-0.18197845,-0.2715176,-0.17845973,-0.17527694,-0.1603029,-0.19627783,-0.41989955,-0.11228647,-0.12802474,-0.12988606,5.9035087,0.2220849,-0.19029227,-0.2816741,-0.19017191,-0.22898604,-0.2970903,-0.9280961,-0.4366074,-0.2689987,-0.19446401,-0.57052994,-0.37653258,-0.16090772,-0.21674445,-0.1288605,-0.23241666,-0.038585313,-0.46147078,-0.2848466,0.16879395,-0.31710035,0.81311536,-0.22208813,-0.8292843,-0.13736127,-0.2277438,0.52690613,-0.48656693,-0.13161206,-0.4098925,-0.42004755,1.1117685,-0.7176123,-0.79788053,-0.31298283,6.0819707,-0.13694495,-0.091602236,-0.20774202,-0.1571461,-0.11552945,0.18090492,-0.15378185,-0.2503669,-0.19897908,-0.02512177,-0.7729313,-0.3931438,-0.12037318,-0.13439845,0.3572347,-0.27435148,0.0035080758,-0.3281438,-0.30074954,-0.42842245,-0.4862857,-0.7148971,-0.22517133,-0.30023012,-0.66253346,-0.9338431,-0.023471054,-0.13835765,-1.2947394,-0.12609483,-0.1413686,-0.23478852,-0.4022861,-0.5099177,-0.19291516,-0.12944376,-0.23021299,-0.1343601,-0.4555299,0.015502951,-0.16085751,-0.63836825,-0.129494,-0.15791109,-0.0933076,-0.22151192,-0.64571357,-0.30813703,-0.5794332,-0.13029844,-0.056239802,-0.92056006,-0.2288401,-0.8585978,-0.14196976,-0.1299489,1.4450951,-0.24454184,-0.19877854,-0.27870777,-0.09171743,-0.29692727,-0.104902744,-0.6420297,-0.10136145,0.35386035,-0.10526249,-0.20708081,-0.4054249,-0.3829273,-0.13977395,-0.14836486,-0.36311746,-0.32714805,-0.77189076,-0.42677727,0.5210946,-0.15756193,-0.47838405,-0.081781864,-0.30422124,-0.44691747,-0.28499088,-0.22683759,-0.351117,-0.7116707,-0.5626736,-0.26126316,-0.07178929,-0.14401945,-0.17649053,-0.46670645,-0.36118963,-0.75441813,-0.090694875,-0.2047146,-0.3128144,1.8628714,-0.1387144,-0.37356868,5.6660476,0.029904626,-0.1513935,-0.19841684,-0.33795354,1.955356,1.6936702,-0.09320213,-0.29063052,-0.21002485
AVKR,1.9182816,-0.023946686,-0.5863807,-0.3868293,-0.41138968,-0.73007417,0.0,-0.8491572,-0.33251712,-0.7849121,0.14840825,-0.2961833,-0.3274757,-0.6405019,-0.80270565,-0.24817377,-0.6505479,-0.26408654,-0.51670575,-0.60490835,-0.15184641,4.3556395,-0.59413326,-0.6411784,-0.46672672,0.01846186,-0.37264284,-0.5260666,-0.77116483,0.7425873,2.3578684,-0.33239138,-0.45561928,0.9587692,-0.0003829427,8.024909,-1.0661988,-0.17318289,-0.13851283,-0.15677746,-0.13342153,-0.19231565,-0.30965114,-0.29375252,-0.5378159,-0.1035158,-0.32678857,-1.1336555,-0.34365922,-0.1405856,-0.14521502,-0.08866665,8.025805,-0.31919718,-0.08110223,-0.20278443,-0.2534248,-0.33760738,-0.309978,-0.32620496,0.68112093,0.48378113,-0.25231758,-0.26830268,-0.17316265,-0.10285871,-0.9438182,-0.58464324,-0.15040447,-0.28407,-0.2528605,-0.09923307,-0.6016345,-0.34252223,-0.16714348,-0.8162706,-0.26353708,-0.18197845,-0.2715176,-0.17845973,-0.17527694,-0.1603029,-0.19627783,-0.41989955,-0.11228647,-0.12802474,-0.12988606,5.9035087,0.2220849,-0.19029227,-0.2816741,-0.19017191,-0.22898604,-0.2970903,-0.9280961,-0.4366074,-0.2689987,-0.19446401,-0.57052994,-0.37653258,-0.16090772,-0.21674445,-0.1288605,-0.23241666,-0.038585313,-0.46147078,-0.2848466,0.16879395,-0.31710035,0.81311536,-0.22208813,-0.8292843,-0.13736127,-0.2277438,0.52690613,-0.48656693,-0.13161206,-0.4098925,-0.42004755,1.1117685,-0.7176123,-0.79788053,-0.31298283,6.0819707,-0.13694495,-0.091602236,-0.20774202,-0.1571461,-0.11552945,0.18090492,-0.15378185,-0.2503669,-0.19897908,-0.02512177,-0.7729313,-0.3931438,-0.12037318,-0.13439845,0.3572347,-0.27435148,0.0035080758,-0.3281438,-0.30074954,-0.42842245,-0.4862857,-0.7148971,-0.22517133,-0.30023012,-0.66253346,-0.9338431,-0.023471054,-0.13835765,-1.2947394,-0.12609483,-0.1413686,-0.23478852,-0.4022861,-0.5099177,-0.19291516,-0.12944376,-0.23021299,-0.1343601,-0.4555299,0.015502951,-0.16085751,-0.63836825,-0.129494,-0.15791109,-0.0933076,-0.22151192,-0.64571357,-0.30813703,-0.5794332,-0.13029844,-0.056239802,-0.92056006,-0.2288401,-0.8585978,-0.14196976,-0.1299489,1.4450951,-0.24454184,-0.19877854,-0.27870777,-0.09171743,-0.29692727,-0.104902744,-0.6420297,-0.10136145,0.35386035,-0.10526249,-0.20708081,-0.4054249,-0.3829273,-0.13977395,-0.14836486,-0.36311746,-0.32714805,-0.77189076,-0.42677727,0.5210946,-0.15756193,-0.47838405,-0.081781864,-0.30422124,-0.44691747,-0.28499088,-0.22683759,-0.351117,-0.7116707,-0.5626736,-0.26126316,-0.07178929,-0.14401945,-0.17649053,-0.46670645,-0.36118963,-0.75441813,-0.090694875,-0.2047146,-0.3128144,1.8628714,-0.1387144,-0.37356868,5.6660476,0.029904626,-0.1513935,-0.19841684,-0.33795354,1.955356,1.6936702,-0.09320213,-0.29063052,-0.21002485
AVL,-0.35832995,-0.9490019,0.25221646,-0.3711781,-0.11931901,1.3051327,0.0,-0.8491572,-0.7144674,-0.8161582,0.3646658,-0.24269526,-0.36898717,-0.81302226,-0.44076198,0.2904592,1.8800026,0.048580587,-0.300492,-0.1722317,-0.15184641,-0.9767482,-0.18649107,-0.89769644,-0.9312882,-0.29439822,-0.008086582,-0.18828477,-1.1398134,2.8033607,0.16145241,-0.3064788,-0.703889,1.0389202,-0.090189695,0.11342305,0.121228956,-0.20569013,-0.1395673,0.21380615,-0.13471934,-0.19470145,-0.2610724,-0.29755116,-0.5548639,-0.1035158,-0.24849139,-1.0017049,-0.33854008,-0.13779102,-0.142137,-0.16037734,0.09709756,-0.40520617,-0.11816035,-0.1967546,1.8858036,-0.061296433,-0.27760312,-0.1660337,0.5811293,0.88062656,-0.26026434,-0.42716202,-0.17098908,-0.090175375,-1.0414823,-0.5743145,-0.15040447,-0.29571483,-0.2528605,-0.105260745,0.42721444,-0.16177717,1.6337253,-0.3731422,-0.26159054,-0.18197845,-0.2609044,-0.15504675,-0.14382719,-0.14829865,0.86489064,-0.4084993,-0.13361521,-0.07659604,10.85196,3.000411,-0.48424113,-0.19133301,-0.2740795,-0.1939915,0.3025806,-0.30797932,-0.5891995,-0.4281327,-0.079949684,-0.19446401,-0.5437626,-0.50024235,-0.14604874,-0.21778098,-0.1288605,-0.20521067,-0.16349761,-0.32595706,-0.5894966,-0.2772599,-0.23740809,2.2465932,-0.18032634,-0.6010807,-0.13736127,-0.48435524,-0.18847401,-0.023612088,0.27265802,-0.21293746,-0.13018331,4.233273,-0.7320259,-1.056115,-0.31298283,0.9245131,-0.14735171,-0.091602236,-0.20490804,-0.21999276,-0.11552945,-0.4323421,-0.16334516,-0.27536666,-0.2069614,-0.16113873,-0.76956135,-0.15259576,-0.1532346,-0.16589922,-0.3210057,-0.2834826,-0.855731,0.7220333,-0.25844282,-0.45657176,-0.46818164,1.456035,-0.22517133,-0.29773843,-0.5569388,-0.39512753,2.1015189,-0.13835765,-0.81077784,-0.0819558,-0.1413686,-0.23478852,-0.5029486,-0.47311562,-0.19979209,-0.12944376,-0.26496002,-0.1343601,-0.4513852,-0.09473648,3.1859417,-0.65361494,-0.1394344,11.3240595,-0.4400523,1.4431206,-0.64705807,-0.3282087,0.30196577,0.063651785,3.5640955,0.97960347,-0.03344726,-0.19579199,-0.11672159,-0.17326546,-0.30467066,-0.24454184,-0.19877854,-0.28932342,-0.09171743,-0.24497017,-0.104902744,-1.1814935,-0.10136145,-0.07222055,-0.044319123,-0.21991876,-0.6566933,-1.4397713,-0.13977395,-0.15972914,2.6918678,0.4538399,-0.9383376,-0.40142044,-0.43960544,-0.18084498,-0.4899442,-0.018151756,-0.30422124,-0.26508102,-0.24737614,-0.22683759,-0.52960855,-0.7116707,-0.22992985,0.02449118,-0.10572313,-0.14401945,-0.14625667,-0.4081962,-0.25302684,-0.7886509,-0.10819188,-0.2047146,2.8032799,-0.63008064,-0.15152095,-0.19376732,-0.06579798,10.39039,-0.1199044,10.782388,-0.3063534,0.49761233,-0.20357,-0.09320213,-0.29063052,1.7304609
AVM,0.0,0.0,0.0,0.0,0.0,0.0,0.0,0.0,0.0,0.0,0.0,0.0,0.0,0.0,0.0,0.0,0.0,0.0,0.0,0.0,0.0,0.0,0.0,0.0,0.0,0.0,0.0,0.0,0.0,0.0,0.0,0.0,0.0,0.0,0.0,0.0,0.0,0.0,0.0,0.0,0.0,0.0,0.0,0.0,0.0,0.0,0.0,0.0,0.0,0.0,0.0,0.0,0.0,0.0,0.0,0.0,0.0,0.0,0.0,0.0,0.0,0.0,0.0,0.0,0.0,0.0,0.0,0.0,0.0,0.0,0.0,0.0,0.0,0.0,0.0,0.0,0.0,0.0,0.0,0.0,0.0,0.0,0.0,0.0,0.0,0.0,0.0,0.0,0.0,0.0,0.0,0.0,0.0,0.0,0.0,0.0,0.0,0.0,0.0,0.0,0.0,0.0,0.0,0.0,0.0,0.0,0.0,0.0,0.0,0.0,0.0,0.0,0.0,0.0,0.0,0.0,0.0,0.0,0.0,0.0,0.0,0.0,0.0,0.0,0.0,0.0,0.0,0.0,0.0,0.0,0.0,0.0,0.0,0.0,0.0,0.0,0.0,0.0,0.0,0.0,0.0,0.0,0.0,0.0,0.0,0.0,0.0,0.0,0.0,0.0,0.0,0.0,0.0,0.0,0.0,0.0,0.0,0.0,0.0,0.0,0.0,0.0,0.0,0.0,0.0,0.0,0.0,0.0,0.0,0.0,0.0,0.0,0.0,0.0,0.0,0.0,0.0,0.0,0.0,0.0,0.0,0.0,0.0,0.0,0.0,0.0,0.0,0.0,0.0,0.0,0.0,0.0,0.0,0.0,0.0,0.0,0.0,0.0,0.0,0.0,0.0,0.0,0.0,0.0,0.0,0.0,0.0,0.0,0.0,0.0,0.0,0.0,0.0,0.0,0.0,0.0,0.0,0.0,0.0,0.0,0.0,0.0,0.0,0.0,0.0,0.0,0.0,0.0,0.0,0.0,0.0,0.0,0.0,0.0
AWAL,-0.35832995,-0.6566608,-0.5863807,-0.35753343,-0.32764912,-0.92702967,0.0,-0.53937435,-0.35907283,-0.89787865,-0.15379785,-0.5457942,-0.2526638,-0.41015878,-0.36019838,-0.31675303,0.43088388,-0.26408654,-0.83861214,-0.059070088,-0.15184641,0.29952955,-0.10751762,0.060722716,0.15353936,-0.29439822,-0.83003044,-0.6931016,-0.74538517,-0.36309686,-0.8397848,-0.45896453,0.16573721,0.04319973,-0.090024054,-0.1371857,-0.18499196,-0.20957322,0.052496344,-0.51647675,-0.12744585,-0.2022412,0.07894813,-0.2688927,-0.38059312,-0.099072285,-0.32183358,-0.25353223,-0.16315049,-0.11330621,-0.08900587,-0.1565609,-0.1350196,-0.5798358,-0.115013555,-0.16335863,-0.3596498,-0.3161763,-0.27027565,-0.39643407,-0.8007282,-0.6472391,-0.25036728,-0.39292786,-0.15961957,-0.10285871,-0.76418036,-0.038092528,0.13420276,0.45045146,-0.2528605,-0.09400024,-0.54895294,-0.36214715,-0.16325583,-0.83212364,-0.2683785,-0.17768519,-0.29473403,-0.17845973,-0.1615864,-0.17969438,-0.6216269,0.9341537,-0.1269744,-0.13816561,-0.1303486,0.06579644,-0.5391938,-0.21991353,2.930788,-0.19042376,-0.28893003,0.1090343,-0.86856896,1.3527942,-0.35365528,-0.17426367,1.57112,-0.5311072,-0.16090772,-0.17847303,-0.1288605,-0.23460042,-0.11831657,-0.5544088,-0.39721888,-0.6812283,1.519109,0.7549899,-0.0053211036,-0.73425996,0.018740779,-0.44125468,2.5410392,-0.48336333,-1.2953551,0.7091957,-0.38886154,-0.24073932,1.7452196,-0.6928615,0.074948005,-0.42987126,-0.0890281,-0.091602236,-0.18452527,-0.1466141,-0.10531667,-0.67724526,-0.16334516,0.47209203,0.13601528,-0.16113873,1.5689465,0.22162545,-0.09951881,-0.12666748,0.2584118,-0.2834826,-0.624308,0.3629304,0.09563205,-0.44999844,-0.36984128,0.4190443,-0.10650292,-0.30099678,-0.4602799,0.71119535,3.0068007,-0.13835765,-0.036831643,-0.111690484,-0.026306948,-0.22954221,-0.5152894,3.7673063,-0.19979209,-0.12944376,-0.25223726,-0.1343601,1.133064,-0.09473648,-0.2690459,1.6700729,-0.13014941,-0.013763982,-0.4450079,-0.5875818,0.61709356,-0.15947418,-0.46997437,-0.091194294,0.007816082,-0.23995918,-0.18944511,-0.10444857,-0.14196976,-0.22405037,2.421036,-0.23877567,-0.19877854,1.4161808,-0.07761976,-0.27694377,-0.104902744,-0.71193326,-0.10136145,-0.18033062,-0.121062614,0.01931144,-0.438583,-1.0213796,-0.0020545756,0.0207257,-0.84862417,-0.5086726,-0.7123048,-0.41672456,-0.5680008,-0.16997103,0.07154732,-0.09827855,-0.2907406,-0.20446886,-0.13916145,-0.22036062,0.32543537,1.7342263,-0.54005635,-0.2411359,-0.10572313,0.19355986,-0.17649053,1.412374,-0.39668053,1.4922776,-0.10819188,-0.15797628,-0.32354373,-0.3240867,-0.09171015,-0.2122085,-0.16507593,-0.34834617,-0.1513935,-0.19841684,0.038817283,-0.37059447,-0.17373827,-0.09320213,-0.29063052,0.30886868
AWAR,-0.35832995,-0.6566608,-0.5863807,-0.35753343,-0.32764912,-0.92702967,0.0,-0.53937435,-0.35907283,-0.89787865,-0.15379785,-0.5457942,-0.2526638,-0.41015878,-0.36019838,-0.31675303,0.43088388,-0.26408654,-0.83861214,-0.059070088,-0.15184641,0.29952955,-0.10751762,0.060722716,0.15353936,-0.29439822,-0.83003044,-0.6931016,-0.74538517,-0.36309686,-0.8397848,-0.45896453,0.16573721,0.04319973,-0.090024054,-0.1371857,-0.18499196,-0.20957322,0.052496344,-0.51647675,-0.12744585,-0.2022412,0.07894813,-0.2688927,-0.38059312,-0.099072285,-0.32183358,-0.25353223,-0.16315049,-0.11330621,-0.08900587,-0.1565609,-0.1350196,-0.5798358,-0.115013555,-0.16335863,-0.3596498,-0.3161763,-0.27027565,-0.39643407,-0.8007282,-0.6472391,-0.25036728,-0.39292786,-0.15961957,-0.10285871,-0.76418036,-0.038092528,0.13420276,0.45045146,-0.2528605,-0.09400024,-0.54895294,-0.36214715,-0.16325583,-0.83212364,-0.2683785,-0.17768519,-0.29473403,-0.17845973,-0.1615864,-0.17969438,-0.6216269,0.9341537,-0.1269744,-0.13816561,-0.1303486,0.06579644,-0.5391938,-0.21991353,2.930788,-0.19042376,-0.28893003,0.1090343,-0.86856896,1.3527942,-0.35365528,-0.17426367,1.57112,-0.5311072,-0.16090772,-0.17847303,-0.1288605,-0.23460042,-0.11831657,-0.5544088,-0.39721888,-0.6812283,1.519109,0.7549899,-0.0053211036,-0.73425996,0.018740779,-0.44125468,2.5410392,-0.48336333,-1.2953551,0.7091957,-0.38886154,-0.24073932,1.7452196,-0.6928615,0.074948005,-0.42987126,-0.0890281,-0.091602236,-0.18452527,-0.1466141,-0.10531667,-0.67724526,-0.16334516,0.47209203,0.13601528,-0.16113873,1.5689465,0.22162545,-0.09951881,-0.12666748,0.2584118,-0.2834826,-0.624308,0.3629304,0.09563205,-0.44999844,-0.36984128,0.4190443,-0.10650292,-0.30099678,-0.4602799,0.71119535,3.0068007,-0.13835765,-0.036831643,-0.111690484,-0.026306948,-0.22954221,-0.5152894,3.7673063,-0.19979209,-0.12944376,-0.25223726,-0.1343601,1.133064,-0.09473648,-0.2690459,1.6700729,-0.13014941,-0.013763982,-0.4450079,-0.5875818,0.61709356,-0.15947418,-0.46997437,-0.091194294,0.007816082,-0.23995918,-0.18944511,-0.10444857,-0.14196976,-0.22405037,2.421036,-0.23877567,-0.19877854,1.4161808,-0.07761976,-0.27694377,-0.104902744,-0.71193326,-0.10136145,-0.18033062,-0.121062614,0.01931144,-0.438583,-1.0213796,-0.0020545756,0.0207257,-0.84862417,-0.5086726,-0.7123048,-0.41672456,-0.5680008,-0.16997103,0.07154732,-0.09827855,-0.2907406,-0.20446886,-0.13916145,-0.22036062,0.32543537,1.7342263,-0.54005635,-0.2411359,-0.10572313,0.19355986,-0.17649053,1.412374,-0.39668053,1.4922776,-0.10819188,-0.15797628,-0.32354373,-0.3240867,-0.09171015,-0.2122085,-0.16507593,-0.34834617,-0.1513935,-0.19841684,0.038817283,-0.37059447,-0.17373827,-0.09320213,-0.29063052,0.30886868
AWBL,-0.35832995,-0.6575298,-0.5863807,-0.03170881,-0.32166263,0.32375094,0.0,-0.3631186,-0.63481003,-0.22773556,-0.6759184,-0.36288968,-0.36898717,0.3247197,-0.17441612,-0.7166756,1.7248728,-0.16974732,-0.6766414,-0.90778196,-0.15184641,-0.91173416,0.84901386,0.4180643,0.08994597,-0.29439822,-0.044932388,-0.018561948,-0.815657,-0.4356954,1.0931156,-0.96725035,-0.06716268,0.50250804,-0.09061664,-0.13773122,-0.6033067,-0.14632346,-0.13802196,-0.39829585,-0.123307474,-0.019239012,-0.16326961,-0.3163933,-0.010939108,-0.1035158,-0.35037923,0.20771196,-0.32886228,-0.045068823,-0.10316307,-0.16746502,-0.13706648,-0.5106881,-0.11816035,-0.19914575,-0.35404143,-0.3340558,-0.044205554,-0.30030158,-0.78532857,-0.5736601,-0.2525003,-0.42908028,-0.13871013,-0.09520498,0.12931992,0.34056467,-0.10872749,-0.06447426,-0.24289037,-0.09642708,-0.16538705,0.21189617,-0.1519331,-0.787323,-0.22602686,-0.10788265,-0.2743196,-0.17139547,-0.15095021,-0.17022152,-0.55690783,1.6091099,-0.123196006,-0.13816561,-0.13690129,-0.22582486,-0.54464495,-0.21604177,4.0837736,-0.1939915,-0.27531475,-0.092545666,-1.1315824,3.4697034,-0.31198293,-0.19446401,1.7587909,-0.38311383,-0.16090772,-0.24238934,-0.1288605,-0.16846015,-0.13908947,-0.542261,-0.21309775,-0.36780468,-0.35487548,2.479326,-0.07294359,0.2120694,-0.10797103,-0.39879104,-0.08553469,-0.47441027,-0.20970638,-0.38612208,-0.21830085,-0.6938892,1.2958238,-0.48919833,-0.17772725,-0.13720612,-0.055843964,-0.091602236,-0.21902902,-0.19696705,-0.08348245,-0.36525193,-0.14932996,-0.111163616,-0.1718667,-0.16113873,1.7349576,-0.2591644,-0.05691663,-0.1197343,-0.2528061,-0.2834826,1.5815086,-0.33341423,3.1317852,-0.44625846,-0.27266267,0.40391746,-0.22517133,-0.31185797,-0.086498536,0.4699831,-0.44471103,-0.11140626,-0.30793297,-0.1317448,-0.1135951,-0.23478852,-0.08850226,0.38943034,-0.19979209,-0.12944376,-0.20303842,-0.1343601,1.6935964,-0.09473648,-0.273345,1.2850609,-0.11029875,-0.15791109,0.66956943,-0.41844928,0.45203328,1.3631767,-0.62306195,-0.08175808,-0.032143272,-0.34779084,-0.09554034,-0.22763972,-0.14196976,0.097733416,1.5311024,-0.22644803,-0.19877854,1.9042722,-0.09171743,-0.29692727,-0.104902744,0.8291571,-0.078801595,-0.09878207,-0.121062614,7.57811,0.21755485,-0.5104781,-0.106531344,-0.12642002,-0.4317137,-0.34240553,0.76120317,-0.4077092,-0.5370088,-0.16378413,2.9661322,-0.09827855,-0.29364592,-0.5127548,-0.09908982,-0.22683759,-0.14844833,1.5528156,-0.5051371,-0.27975348,-0.08085781,-0.14401945,-0.121756814,0.2217978,0.019419823,1.3017088,-0.10819188,-0.2047146,-0.32354373,0.066319264,-0.13275273,-0.37356868,-0.17967562,-0.15005043,-0.1513935,-0.1464455,0.5201534,-0.40205124,-0.13837738,-0.09320213,-0.29063052,-0.20019203
AWBR,-0.35832995,-0.6575298,-0.5863807,-0.03170881,-0.32166263,0.32375094,0.0,-0.3631186,-0.63481003,-0.22773556,-0.6759184,-0.36288968,-0.36898717,0.3247197,-0.17441612,-0.7166756,1.7248728,-0.16974732,-0.6766414,-0.90778196,-0.15184641,-0.91173416,0.84901386,0.4180643,0.08994597,-0.29439822,-0.044932388,-0.018561948,-0.815657,-0.4356954,1.0931156,-0.96725035,-0.06716268,0.50250804,-0.09061664,-0.13773122,-0.6033067,-0.14632346,-0.13802196,-0.39829585,-0.123307474,-0.019239012,-0.16326961,-0.3163933,-0.010939108,-0.1035158,-0.35037923,0.20771196,-0.32886228,-0.045068823,-0.10316307,-0.16746502,-0.13706648,-0.5106881,-0.11816035,-0.19914575,-0.35404143,-0.3340558,-0.044205554,-0.30030158,-0.78532857,-0.5736601,-0.2525003,-0.42908028,-0.13871013,-0.09520498,0.12931992,0.34056467,-0.10872749,-0.06447426,-0.24289037,-0.09642708,-0.16538705,0.21189617,-0.1519331,-0.787323,-0.22602686,-0.10788265,-0.2743196,-0.17139547,-0.15095021,-0.17022152,-0.55690783,1.6091099,-0.123196006,-0.13816561,-0.13690129,-0.22582486,-0.54464495,-0.21604177,4.0837736,-0.1939915,-0.27531475,-0.092545666,-1.1315824,3.4697034,-0.31198293,-0.19446401,1.7587909,-0.38311383,-0.16090772,-0.24238934,-0.1288605,-0.16846015,-0.13908947,-0.542261,-0.21309775,-0.36780468,-0.35487548,2.479326,-0.07294359,0.2120694,-0.10797103,-0.39879104,-0.08553469,-0.47441027,-0.20970638,-0.38612208,-0.21830085,-0.6938892,1.2958238,-0.48919833,-0.17772725,-0.13720612,-0.055843964,-0.091602236,-0.21902902,-0.19696705,-0.08348245,-0.36525193,-0.14932996,-0.111163616,-0.1718667,-0.16113873,1.7349576,-0.2591644,-0.05691663,-0.1197343,-0.2528061,-0.2834826,1.5815086,-0.33341423,3.1317852,-0.44625846,-0.27266267,0.40391746,-0.22517133,-0.31185797,-0.086498536,0.4699831,-0.44471103,-0.11140626,-0.30793297,-0.1317448,-0.1135951,-0.23478852,-0.08850226,0.38943034,-0.19979209,-0.12944376,-0.20303842,-0.1343601,1.6935964,-0.09473648,-0.273345,1.2850609,-0.11029875,-0.15791109,0.66956943,-0.41844928,0.45203328,1.3631767,-0.62306195,-0.08175808,-0.032143272,-0.34779084,-0.09554034,-0.22763972,-0.14196976,0.097733416,1.5311024,-0.22644803,-0.19877854,1.9042722,-0.09171743,-0.29692727,-0.104902744,0.8291571,-0.078801595,-0.09878207,-0.121062614,7.57811,0.21755485,-0.5104781,-0.106531344,-0.12642002,-0.4317137,-0.34240553,0.76120317,-0.4077092,-0.5370088,-0.16378413,2.9661322,-0.09827855,-0.29364592,-0.5127548,-0.09908982,-0.22683759,-0.14844833,1.5528156,-0.5051371,-0.27975348,-0.08085781,-0.14401945,-0.121756814,0.2217978,0.019419823,1.3017088,-0.10819188,-0.2047146,-0.32354373,0.066319264,-0.13275273,-0.37356868,-0.17967562,-0.15005043,-0.1513935,-0.1464455,0.5201534,-0.40205124,-0.13837738,-0.09320213,-0.29063052,-0.20019203
AWCL,-0.35832995,-0.3033101,0.025096409,-0.45986825,0.5295426,-0.92702967,0.0,-0.26186052,-0.59870404,-0.70687836,-0.6374027,1.1117779,-0.33223224,-0.58389366,-0.39166856,-0.82782334,-0.34301576,-0.26408654,-0.5141629,-0.3714432,-0.15184641,-0.1911605,-0.32551718,-0.4434457,-0.9312882,-0.15589245,-0.9987001,0.3158745,-0.75405896,-0.5402978,-0.6506833,-0.08392736,0.2303552,-0.09418503,-0.091266364,-0.1368839,-1.22924,-0.21172339,-0.13676637,-0.45721,-0.13242112,-0.19744761,-0.31794047,-0.06340752,-0.37475923,-0.1035158,-0.35833073,-1.3168968,-0.32186022,-0.14080974,-0.055798925,-0.12870425,-0.13706648,-0.6014692,-0.10921166,-0.19399093,-0.34381166,-0.31575984,-0.37539577,-0.49391776,-0.440294,-0.661886,-0.25088277,-0.42526552,-0.16983436,-0.09823458,-1.3294713,-0.08293994,-0.103641905,1.5710086,-0.24683689,-0.09992374,-0.701851,-0.778471,-0.1676566,-1.0043949,-0.04741615,-0.17383912,-0.2906228,-0.17419174,-0.15812998,-0.1739712,0.18988165,2.0723448,-0.10843544,-0.13816561,-0.13690129,-0.19585916,-0.57761675,-0.18801562,5.7663083,-0.1939915,-0.2608467,-0.19228345,-0.5634797,2.6722214,-0.38124657,-0.19446401,5.4150825,-0.50643975,-0.16090772,-0.24659833,-0.12341695,-0.24354303,-0.15518305,-0.5352822,-0.4615564,-0.6403772,-0.37116688,1.0205519,-0.15225774,-0.8959812,-0.09592919,-0.42369696,-0.27169183,-0.41997075,-1.2998792,-0.36256716,-0.19590664,-0.9240407,1.6672438,-0.7099589,-0.2925536,-0.48713636,-0.10128011,-0.091602236,-0.2332625,-0.13652453,-0.11552945,-0.5897082,-0.16334516,-0.18863688,-0.17162299,-0.1469703,1.2999512,-0.45150954,-0.13868658,-0.14730501,-0.3361284,-0.2834826,-0.03639348,1.4864603,-0.349843,-0.44410983,-0.50689936,0.56115294,-0.22517133,-0.3015625,-1.0636822,1.0824143,0.13739665,-0.13021608,0.074095406,-0.123168945,-0.049079567,-0.23478852,-0.4881867,0.9167027,-0.18152525,-0.10373735,-0.26274487,-0.09986485,2.1624868,-0.09473648,-0.27953935,1.1870086,-0.1394344,-0.15791109,-0.51856726,-0.89502996,0.5322039,2.8707178,-0.5640324,-0.10662885,2.7763538,0.076005474,-0.20499445,1.2473052,-0.0038938788,-0.19627737,0.8593335,-0.24454184,-0.19877854,2.6714478,-0.09171743,-0.29692727,-0.104902744,-0.9744619,-0.10136145,-0.18033062,-0.09308321,1.0881306,-0.6666664,-1.448511,-0.0996058,-0.14966701,-0.7407302,-0.12025419,-1.1378604,-0.40729234,-0.55863863,-0.18084498,-0.16240753,-0.09827855,-0.30422124,-0.60381454,-0.2880079,-0.22069797,-1.6494219,1.0010992,-0.5796133,-0.2974128,-0.090700336,-0.14401945,-0.16546775,3.0637174,-0.37573105,1.0299621,-0.10819188,-0.1936386,-0.25704443,-0.13602792,-0.12884268,-0.28616524,-0.17967562,-0.49417207,-0.1513935,-0.19841684,2.2427244,-0.40205124,-0.2358877,-0.09320213,-0.25009677,1.8390545
AWCR,-0.35832995,-0.3033101,0.025096409,-0.45986825,0.5295426,-0.92702967,0.0,-0.26186052,-0.59870404,-0.70687836,-0.6374027,1.1117779,-0.33223224,-0.58389366,-0.39166856,-0.82782334,-0.34301576,-0.26408654,-0.5141629,-0.3714432,-0.15184641,-0.1911605,-0.32551718,-0.4434457,-0.9312882,-0.15589245,-0.9987001,0.3158745,-0.75405896,-0.5402978,-0.6506833,-0.08392736,0.2303552,-0.09418503,-0.091266364,-0.1368839,-1.22924,-0.21172339,-0.13676637,-0.45721,-0.13242112,-0.19744761,-0.31794047,-0.06340752,-0.37475923,-0.1035158,-0.35833073,-1.3168968,-0.32186022,-0.14080974,-0.055798925,-0.12870425,-0.13706648,-0.6014692,-0.10921166,-0.19399093,-0.34381166,-0.31575984,-0.37539577,-0.49391776,-0.440294,-0.661886,-0.25088277,-0.42526552,-0.16983436,-0.09823458,-1.3294713,-0.08293994,-0.103641905,1.5710086,-0.24683689,-0.09992374,-0.701851,-0.778471,-0.1676566,-1.0043949,-0.04741615,-0.17383912,-0.2906228,-0.17419174,-0.15812998,-0.1739712,0.18988165,2.0723448,-0.10843544,-0.13816561,-0.13690129,-0.19585916,-0.57761675,-0.18801562,5.7663083,-0.1939915,-0.2608467,-0.19228345,-0.5634797,2.6722214,-0.38124657,-0.19446401,5.4150825,-0.50643975,-0.16090772,-0.24659833,-0.12341695,-0.24354303,-0.15518305,-0.5352822,-0.4615564,-0.6403772,-0.37116688,1.0205519,-0.15225774,-0.8959812,-0.09592919,-0.42369696,-0.27169183,-0.41997075,-1.2998792,-0.36256716,-0.19590664,-0.9240407,1.6672438,-0.7099589,-0.2925536,-0.48713636,-0.10128011,-0.091602236,-0.2332625,-0.13652453,-0.11552945,-0.5897082,-0.16334516,-0.18863688,-0.17162299,-0.1469703,1.2999512,-0.45150954,-0.13868658,-0.14730501,-0.3361284,-0.2834826,-0.03639348,1.4864603,-0.349843,-0.44410983,-0.50689936,0.56115294,-0.22517133,-0.3015625,-1.0636822,1.0824143,0.13739665,-0.13021608,0.074095406,-0.123168945,-0.049079567,-0.23478852,-0.4881867,0.9167027,-0.18152525,-0.10373735,-0.26274487,-0.09986485,2.1624868,-0.09473648,-0.27953935,1.1870086,-0.1394344,-0.15791109,-0.51856726,-0.89502996,0.5322039,2.8707178,-0.5640324,-0.10662885,2.7763538,0.076005474,-0.20499445,1.2473052,-0.0038938788,-0.19627737,0.8593335,-0.24454184,-0.19877854,2.6714478,-0.09171743,-0.29692727,-0.104902744,-0.9744619,-0.10136145,-0.18033062,-0.09308321,1.0881306,-0.6666664,-1.448511,-0.0996058,-0.14966701,-0.7407302,-0.12025419,-1.1378604,-0.40729234,-0.55863863,-0.18084498,-0.16240753,-0.09827855,-0.30422124,-0.60381454,-0.2880079,-0.22069797,-1.6494219,1.0010992,-0.5796133,-0.2974128,-0.090700336,-0.14401945,-0.16546775,3.0637174,-0.37573105,1.0299621,-0.10819188,-0.1936386,-0.25704443,-0.13602792,-0.12884268,-0.28616524,-0.17967562,-0.49417207,-0.1513935,-0.19841684,2.2427244,-0.40205124,-0.2358877,-0.09320213,-0.25009677,1.8390545
BAGL,-0.35832995,1.2133145,-0.5863807,-0.326833,-0.34500998,-0.7675895,0.0,-0.04372176,0.034742698,-0.0857815,-0.24806401,-0.09114579,-0.26817358,-0.07981073,-0.37530407,-0.3410415,0.8958996,-0.26408654,-0.65619844,-0.1722317,-0.15184641,-1.1275811,-0.6998183,-0.4304671,-0.64923304,0.27545407,-0.3286447,-0.3054744,0.113592,-0.6999541,-0.36444995,-0.96725035,-0.4777862,-0.43719172,-0.09072802,-0.13733819,-1.132272,-0.21233223,-0.122921795,-0.46672022,-0.12841564,-0.1963914,-0.16122717,-0.31245357,-0.4665051,-0.10062751,-0.34289223,0.73905873,-0.32331064,-0.1401664,0.20583169,-0.1497458,-0.13706648,-0.53987813,-0.10997869,-0.1967546,-0.3342677,-0.31142855,-0.35698384,-0.50367486,0.7327592,-0.28774136,-0.26026434,-0.41704735,-0.121721216,-0.10285871,0.6600795,0.70748484,-0.14547127,5.336317,-0.18264246,-0.105260745,0.42721456,-0.92046064,-0.1389949,-0.7019716,0.04174665,-0.18197845,-0.2834575,-0.17845973,-0.14382719,-0.12475185,-0.595171,-0.39033017,-0.07318376,-0.06428213,-0.13690129,0.78238887,-0.54295766,-0.20902571,1.5011609,0.64549756,-0.0832091,-0.30797932,-0.086233795,-0.30567327,-0.33103043,0.2519635,0.09476709,-0.43106258,-0.16090772,-0.22659138,8.030852,0.08636664,4.301895,0.034868754,0.9929909,-0.60241663,-0.39448264,-0.03036181,0.0052288566,0.32069212,-0.13736127,-0.29425088,7.1389384,-0.46816495,-0.8954892,-0.022105314,0.60231143,-0.42500046,0.75566846,-0.66259027,6.8781066,-0.32929134,-0.08416779,-0.0660025,-0.2289968,-0.21045354,-0.11552945,0.34798682,-0.15173256,-0.3719567,-0.11003321,-0.16113873,1.5887767,-0.37586305,-0.14325881,0.11460762,-0.24736464,-0.2280436,0.29224923,-0.45970365,-0.32008976,-0.40529978,-0.21959907,-0.09452309,0.32694903,-0.20596145,0.07134719,2.023402,-0.13288634,-0.13835765,-0.07209997,-0.025110085,-0.1413686,-0.22796832,-0.16871767,0.33789364,-0.19979209,-0.12944376,-0.24133204,-0.1343601,-0.3926685,-0.09473648,-0.1463659,0.76017267,-0.1394344,0.114658006,-0.4883692,-0.5123704,0.4843481,2.1334414,0.14085001,-0.10988262,0.103958145,-0.5683038,-0.0858948,0.015312424,-0.14196976,-0.19865791,-0.661721,-0.22954983,5.1226044,-0.26354256,-0.09171743,-0.15404522,-0.104902744,0.35180968,-0.10136145,-0.18033062,-0.121062614,-0.15171717,0.00613542,-0.15232787,-0.13977395,-0.13213016,-0.5234514,-0.47744608,0.4220453,-0.351682,-0.4652845,-0.12430041,1.0120456,-0.09827855,-0.22535957,2.7655272,0.10432156,-0.22683759,-0.90116,0.7492566,-0.435626,-0.15109281,-0.10572313,-0.14401945,-0.1613736,1.2593464,-0.10937318,0.9017939,-0.10819188,-0.2047146,-0.25840157,0.19610333,-0.104868524,-0.35858524,-0.17967562,0.12045975,-0.1199044,-0.19841684,3.6436646,-0.21802916,-0.13893458,-0.06980193,-0.2721008,0.4182204
BAGR,-0.35832995,1.2133145,-0.5863807,-0.326833,-0.34500998,-0.7675895,0.0,-0.04372176,0.034742698,-0.0857815,-0.24806401,-0.09114579,-0.26817358,-0.07981073,-0.37530407,-0.3410415,0.8958996,-0.26408654,-0.65619844,-0.1722317,-0.15184641,-1.1275811,-0.6998183,-0.4304671,-0.64923304,0.27545407,-0.3286447,-0.3054744,0.113592,-0.6999541,-0.36444995,-0.96725035,-0.4777862,-0.43719172,-0.09072802,-0.13733819,-1.132272,-0.21233223,-0.122921795,-0.46672022,-0.12841564,-0.1963914,-0.16122717,-0.31245357,-0.4665051,-0.10062751,-0.34289223,0.73905873,-0.32331064,-0.1401664,0.20583169,-0.1497458,-0.13706648,-0.53987813,-0.10997869,-0.1967546,-0.3342677,-0.31142855,-0.35698384,-0.50367486,0.7327592,-0.28774136,-0.26026434,-0.41704735,-0.121721216,-0.10285871,0.6600795,0.70748484,-0.14547127,5.336317,-0.18264246,-0.105260745,0.42721456,-0.92046064,-0.1389949,-0.7019716,0.04174665,-0.18197845,-0.2834575,-0.17845973,-0.14382719,-0.12475185,-0.595171,-0.39033017,-0.07318376,-0.06428213,-0.13690129,0.78238887,-0.54295766,-0.20902571,1.5011609,0.64549756,-0.0832091,-0.30797932,-0.086233795,-0.30567327,-0.33103043,0.2519635,0.09476709,-0.43106258,-0.16090772,-0.22659138,8.030852,0.08636664,4.301895,0.034868754,0.9929909,-0.60241663,-0.39448264,-0.03036181,0.0052288566,0.32069212,-0.13736127,-0.29425088,7.1389384,-0.46816495,-0.8954892,-0.022105314,0.60231143,-0.42500046,0.75566846,-0.66259027,6.8781066,-0.32929134,-0.08416779,-0.0660025,-0.2289968,-0.21045354,-0.11552945,0.34798682,-0.15173256,-0.3719567,-0.11003321,-0.16113873,1.5887767,-0.37586305,-0.14325881,0.11460762,-0.24736464,-0.2280436,0.29224923,-0.45970365,-0.32008976,-0.40529978,-0.21959907,-0.09452309,0.32694903,-0.20596145,0.07134719,2.023402,-0.13288634,-0.13835765,-0.07209997,-0.025110085,-0.1413686,-0.22796832,-0.16871767,0.33789364,-0.19979209,-0.12944376,-0.24133204,-0.1343601,-0.3926685,-0.09473648,-0.1463659,0.76017267,-0.1394344,0.114658006,-0.4883692,-0.5123704,0.4843481,2.1334414,0.14085001,-0.10988262,0.103958145,-0.5683038,-0.0858948,0.015312424,-0.14196976,-0.19865791,-0.661721,-0.22954983,5.1226044,-0.26354256,-0.09171743,-0.15404522,-0.104902744,0.35180968,-0.10136145,-0.18033062,-0.121062614,-0.15171717,0.00613542,-0.15232787,-0.13977395,-0.13213016,-0.5234514,-0.47744608,0.4220453,-0.351682,-0.4652845,-0.12430041,1.0120456,-0.09827855,-0.22535957,2.7655272,0.10432156,-0.22683759,-0.90116,0.7492566,-0.435626,-0.15109281,-0.10572313,-0.14401945,-0.1613736,1.2593464,-0.10937318,0.9017939,-0.10819188,-0.2047146,-0.25840157,0.19610333,-0.104868524,-0.35858524,-0.17967562,0.12045975,-0.1199044,-0.19841684,3.6436646,-0.21802916,-0.13893458,-0.06980193,-0.2721008,0.4182204
BDUL,0.0,0.0,0.0,0.0,0.0,0.0,0.0,0.0,0.0,0.0,0.0,0.0,0.0,0.0,0.0,0.0,0.0,0.0,0.0,0.0,0.0,0.0,0.0,0.0,0.0,0.0,0.0,0.0,0.0,0.0,0.0,0.0,0.0,0.0,0.0,0.0,0.0,0.0,0.0,0.0,0.0,0.0,0.0,0.0,0.0,0.0,0.0,0.0,0.0,0.0,0.0,0.0,0.0,0.0,0.0,0.0,0.0,0.0,0.0,0.0,0.0,0.0,0.0,0.0,0.0,0.0,0.0,0.0,0.0,0.0,0.0,0.0,0.0,0.0,0.0,0.0,0.0,0.0,0.0,0.0,0.0,0.0,0.0,0.0,0.0,0.0,0.0,0.0,0.0,0.0,0.0,0.0,0.0,0.0,0.0,0.0,0.0,0.0,0.0,0.0,0.0,0.0,0.0,0.0,0.0,0.0,0.0,0.0,0.0,0.0,0.0,0.0,0.0,0.0,0.0,0.0,0.0,0.0,0.0,0.0,0.0,0.0,0.0,0.0,0.0,0.0,0.0,0.0,0.0,0.0,0.0,0.0,0.0,0.0,0.0,0.0,0.0,0.0,0.0,0.0,0.0,0.0,0.0,0.0,0.0,0.0,0.0,0.0,0.0,0.0,0.0,0.0,0.0,0.0,0.0,0.0,0.0,0.0,0.0,0.0,0.0,0.0,0.0,0.0,0.0,0.0,0.0,0.0,0.0,0.0,0.0,0.0,0.0,0.0,0.0,0.0,0.0,0.0,0.0,0.0,0.0,0.0,0.0,0.0,0.0,0.0,0.0,0.0,0.0,0.0,0.0,0.0,0.0,0.0,0.0,0.0,0.0,0.0,0.0,0.0,0.0,0.0,0.0,0.0,0.0,0.0,0.0,0.0,0.0,0.0,0.0,0.0,0.0,0.0,0.0,0.0,0.0,0.0,0.0,0.0,0.0,0.0,0.0,0.0,0.0,0.0,0.0,0.0,0.0,0.0,0.0,0.0,0.0,0.0
BDUR,0.0,0.0,0.0,0.0,0.0,0.0,0.0,0.0,0.0,0.0,0.0,0.0,0.0,0.0,0.0,0.0,0.0,0.0,0.0,0.0,0.0,0.0,0.0,0.0,0.0,0.0,0.0,0.0,0.0,0.0,0.0,0.0,0.0,0.0,0.0,0.0,0.0,0.0,0.0,0.0,0.0,0.0,0.0,0.0,0.0,0.0,0.0,0.0,0.0,0.0,0.0,0.0,0.0,0.0,0.0,0.0,0.0,0.0,0.0,0.0,0.0,0.0,0.0,0.0,0.0,0.0,0.0,0.0,0.0,0.0,0.0,0.0,0.0,0.0,0.0,0.0,0.0,0.0,0.0,0.0,0.0,0.0,0.0,0.0,0.0,0.0,0.0,0.0,0.0,0.0,0.0,0.0,0.0,0.0,0.0,0.0,0.0,0.0,0.0,0.0,0.0,0.0,0.0,0.0,0.0,0.0,0.0,0.0,0.0,0.0,0.0,0.0,0.0,0.0,0.0,0.0,0.0,0.0,0.0,0.0,0.0,0.0,0.0,0.0,0.0,0.0,0.0,0.0,0.0,0.0,0.0,0.0,0.0,0.0,0.0,0.0,0.0,0.0,0.0,0.0,0.0,0.0,0.0,0.0,0.0,0.0,0.0,0.0,0.0,0.0,0.0,0.0,0.0,0.0,0.0,0.0,0.0,0.0,0.0,0.0,0.0,0.0,0.0,0.0,0.0,0.0,0.0,0.0,0.0,0.0,0.0,0.0,0.0,0.0,0.0,0.0,0.0,0.0,0.0,0.0,0.0,0.0,0.0,0.0,0.0,0.0,0.0,0.0,0.0,0.0,0.0,0.0,0.0,0.0,0.0,0.0,0.0,0.0,0.0,0.0,0.0,0.0,0.0,0.0,0.0,0.0,0.0,0.0,0.0,0.0,0.0,0.0,0.0,0.0,0.0,0.0,0.0,0.0,0.0,0.0,0.0,0.0,0.0,0.0,0.0,0.0,0.0,0.0,0.0,0.0,0.0,0.0,0.0,0.0
BWM-DL01,0.0,0.0,0.0,0.0,0.0,0.0,0.0,0.0,0.0,0.0,0.0,0.0,0.0,0.0,0.0,0.0,0.0,0.0,0.0,0.0,0.0,0.0,0.0,0.0,0.0,0.0,0.0,0.0,0.0,0.0,0.0,0.0,0.0,0.0,0.0,0.0,0.0,0.0,0.0,0.0,0.0,0.0,0.0,0.0,0.0,0.0,0.0,0.0,0.0,0.0,0.0,0.0,0.0,0.0,0.0,0.0,0.0,0.0,0.0,0.0,0.0,0.0,0.0,0.0,0.0,0.0,0.0,0.0,0.0,0.0,0.0,0.0,0.0,0.0,0.0,0.0,0.0,0.0,0.0,0.0,0.0,0.0,0.0,0.0,0.0,0.0,0.0,0.0,0.0,0.0,0.0,0.0,0.0,0.0,0.0,0.0,0.0,0.0,0.0,0.0,0.0,0.0,0.0,0.0,0.0,0.0,0.0,0.0,0.0,0.0,0.0,0.0,0.0,0.0,0.0,0.0,0.0,0.0,0.0,0.0,0.0,0.0,0.0,0.0,0.0,0.0,0.0,0.0,0.0,0.0,0.0,0.0,0.0,0.0,0.0,0.0,0.0,0.0,0.0,0.0,0.0,0.0,0.0,0.0,0.0,0.0,0.0,0.0,0.0,0.0,0.0,0.0,0.0,0.0,0.0,0.0,0.0,0.0,0.0,0.0,0.0,0.0,0.0,0.0,0.0,0.0,0.0,0.0,0.0,0.0,0.0,0.0,0.0,0.0,0.0,0.0,0.0,0.0,0.0,0.0,0.0,0.0,0.0,0.0,0.0,0.0,0.0,0.0,0.0,0.0,0.0,0.0,0.0,0.0,0.0,0.0,0.0,0.0,0.0,0.0,0.0,0.0,0.0,0.0,0.0,0.0,0.0,0.0,0.0,0.0,0.0,0.0,0.0,0.0,0.0,0.0,0.0,0.0,0.0,0.0,0.0,0.0,0.0,0.0,0.0,0.0,0.0,0.0,0.0,0.0,0.0,0.0,0.0,0.0
BWM-DL02,0.0,0.0,0.0,0.0,0.0,0.0,0.0,0.0,0.0,0.0,0.0,0.0,0.0,0.0,0.0,0.0,0.0,0.0,0.0,0.0,0.0,0.0,0.0,0.0,0.0,0.0,0.0,0.0,0.0,0.0,0.0,0.0,0.0,0.0,0.0,0.0,0.0,0.0,0.0,0.0,0.0,0.0,0.0,0.0,0.0,0.0,0.0,0.0,0.0,0.0,0.0,0.0,0.0,0.0,0.0,0.0,0.0,0.0,0.0,0.0,0.0,0.0,0.0,0.0,0.0,0.0,0.0,0.0,0.0,0.0,0.0,0.0,0.0,0.0,0.0,0.0,0.0,0.0,0.0,0.0,0.0,0.0,0.0,0.0,0.0,0.0,0.0,0.0,0.0,0.0,0.0,0.0,0.0,0.0,0.0,0.0,0.0,0.0,0.0,0.0,0.0,0.0,0.0,0.0,0.0,0.0,0.0,0.0,0.0,0.0,0.0,0.0,0.0,0.0,0.0,0.0,0.0,0.0,0.0,0.0,0.0,0.0,0.0,0.0,0.0,0.0,0.0,0.0,0.0,0.0,0.0,0.0,0.0,0.0,0.0,0.0,0.0,0.0,0.0,0.0,0.0,0.0,0.0,0.0,0.0,0.0,0.0,0.0,0.0,0.0,0.0,0.0,0.0,0.0,0.0,0.0,0.0,0.0,0.0,0.0,0.0,0.0,0.0,0.0,0.0,0.0,0.0,0.0,0.0,0.0,0.0,0.0,0.0,0.0,0.0,0.0,0.0,0.0,0.0,0.0,0.0,0.0,0.0,0.0,0.0,0.0,0.0,0.0,0.0,0.0,0.0,0.0,0.0,0.0,0.0,0.0,0.0,0.0,0.0,0.0,0.0,0.0,0.0,0.0,0.0,0.0,0.0,0.0,0.0,0.0,0.0,0.0,0.0,0.0,0.0,0.0,0.0,0.0,0.0,0.0,0.0,0.0,0.0,0.0,0.0,0.0,0.0,0.0,0.0,0.0,0.0,0.0,0.0,0.0
BWM-DL03,0.0,0.0,0.0,0.0,0.0,0.0,0.0,0.0,0.0,0.0,0.0,0.0,0.0,0.0,0.0,0.0,0.0,0.0,0.0,0.0,0.0,0.0,0.0,0.0,0.0,0.0,0.0,0.0,0.0,0.0,0.0,0.0,0.0,0.0,0.0,0.0,0.0,0.0,0.0,0.0,0.0,0.0,0.0,0.0,0.0,0.0,0.0,0.0,0.0,0.0,0.0,0.0,0.0,0.0,0.0,0.0,0.0,0.0,0.0,0.0,0.0,0.0,0.0,0.0,0.0,0.0,0.0,0.0,0.0,0.0,0.0,0.0,0.0,0.0,0.0,0.0,0.0,0.0,0.0,0.0,0.0,0.0,0.0,0.0,0.0,0.0,0.0,0.0,0.0,0.0,0.0,0.0,0.0,0.0,0.0,0.0,0.0,0.0,0.0,0.0,0.0,0.0,0.0,0.0,0.0,0.0,0.0,0.0,0.0,0.0,0.0,0.0,0.0,0.0,0.0,0.0,0.0,0.0,0.0,0.0,0.0,0.0,0.0,0.0,0.0,0.0,0.0,0.0,0.0,0.0,0.0,0.0,0.0,0.0,0.0,0.0,0.0,0.0,0.0,0.0,0.0,0.0,0.0,0.0,0.0,0.0,0.0,0.0,0.0,0.0,0.0,0.0,0.0,0.0,0.0,0.0,0.0,0.0,0.0,0.0,0.0,0.0,0.0,0.0,0.0,0.0,0.0,0.0,0.0,0.0,0.0,0.0,0.0,0.0,0.0,0.0,0.0,0.0,0.0,0.0,0.0,0.0,0.0,0.0,0.0,0.0,0.0,0.0,0.0,0.0,0.0,0.0,0.0,0.0,0.0,0.0,0.0,0.0,0.0,0.0,0.0,0.0,0.0,0.0,0.0,0.0,0.0,0.0,0.0,0.0,0.0,0.0,0.0,0.0,0.0,0.0,0.0,0.0,0.0,0.0,0.0,0.0,0.0,0.0,0.0,0.0,0.0,0.0,0.0,0.0,0.0,0.0,0.0,0.0
BWM-DL04,0.0,0.0,0.0,0.0,0.0,0.0,0.0,0.0,0.0,0.0,0.0,0.0,0.0,0.0,0.0,0.0,0.0,0.0,0.0,0.0,0.0,0.0,0.0,0.0,0.0,0.0,0.0,0.0,0.0,0.0,0.0,0.0,0.0,0.0,0.0,0.0,0.0,0.0,0.0,0.0,0.0,0.0,0.0,0.0,0.0,0.0,0.0,0.0,0.0,0.0,0.0,0.0,0.0,0.0,0.0,0.0,0.0,0.0,0.0,0.0,0.0,0.0,0.0,0.0,0.0,0.0,0.0,0.0,0.0,0.0,0.0,0.0,0.0,0.0,0.0,0.0,0.0,0.0,0.0,0.0,0.0,0.0,0.0,0.0,0.0,0.0,0.0,0.0,0.0,0.0,0.0,0.0,0.0,0.0,0.0,0.0,0.0,0.0,0.0,0.0,0.0,0.0,0.0,0.0,0.0,0.0,0.0,0.0,0.0,0.0,0.0,0.0,0.0,0.0,0.0,0.0,0.0,0.0,0.0,0.0,0.0,0.0,0.0,0.0,0.0,0.0,0.0,0.0,0.0,0.0,0.0,0.0,0.0,0.0,0.0,0.0,0.0,0.0,0.0,0.0,0.0,0.0,0.0,0.0,0.0,0.0,0.0,0.0,0.0,0.0,0.0,0.0,0.0,0.0,0.0,0.0,0.0,0.0,0.0,0.0,0.0,0.0,0.0,0.0,0.0,0.0,0.0,0.0,0.0,0.0,0.0,0.0,0.0,0.0,0.0,0.0,0.0,0.0,0.0,0.0,0.0,0.0,0.0,0.0,0.0,0.0,0.0,0.0,0.0,0.0,0.0,0.0,0.0,0.0,0.0,0.0,0.0,0.0,0.0,0.0,0.0,0.0,0.0,0.0,0.0,0.0,0.0,0.0,0.0,0.0,0.0,0.0,0.0,0.0,0.0,0.0,0.0,0.0,0.0,0.0,0.0,0.0,0.0,0.0,0.0,0.0,0.0,0.0,0.0,0.0,0.0,0.0,0.0,0.0
BWM-DL05,0.0,0.0,0.0,0.0,0.0,0.0,0.0,0.0,0.0,0.0,0.0,0.0,0.0,0.0,0.0,0.0,0.0,0.0,0.0,0.0,0.0,0.0,0.0,0.0,0.0,0.0,0.0,0.0,0.0,0.0,0.0,0.0,0.0,0.0,0.0,0.0,0.0,0.0,0.0,0.0,0.0,0.0,0.0,0.0,0.0,0.0,0.0,0.0,0.0,0.0,0.0,0.0,0.0,0.0,0.0,0.0,0.0,0.0,0.0,0.0,0.0,0.0,0.0,0.0,0.0,0.0,0.0,0.0,0.0,0.0,0.0,0.0,0.0,0.0,0.0,0.0,0.0,0.0,0.0,0.0,0.0,0.0,0.0,0.0,0.0,0.0,0.0,0.0,0.0,0.0,0.0,0.0,0.0,0.0,0.0,0.0,0.0,0.0,0.0,0.0,0.0,0.0,0.0,0.0,0.0,0.0,0.0,0.0,0.0,0.0,0.0,0.0,0.0,0.0,0.0,0.0,0.0,0.0,0.0,0.0,0.0,0.0,0.0,0.0,0.0,0.0,0.0,0.0,0.0,0.0,0.0,0.0,0.0,0.0,0.0,0.0,0.0,0.0,0.0,0.0,0.0,0.0,0.0,0.0,0.0,0.0,0.0,0.0,0.0,0.0,0.0,0.0,0.0,0.0,0.0,0.0,0.0,0.0,0.0,0.0,0.0,0.0,0.0,0.0,0.0,0.0,0.0,0.0,0.0,0.0,0.0,0.0,0.0,0.0,0.0,0.0,0.0,0.0,0.0,0.0,0.0,0.0,0.0,0.0,0.0,0.0,0.0,0.0,0.0,0.0,0.0,0.0,0.0,0.0,0.0,0.0,0.0,0.0,0.0,0.0,0.0,0.0,0.0,0.0,0.0,0.0,0.0,0.0,0.0,0.0,0.0,0.0,0.0,0.0,0.0,0.0,0.0,0.0,0.0,0.0,0.0,0.0,0.0,0.0,0.0,0.0,0.0,0.0,0.0,0.0,0.0,0.0,0.0,0.0
BWM-DL06,0.0,0.0,0.0,0.0,0.0,0.0,0.0,0.0,0.0,0.0,0.0,0.0,0.0,0.0,0.0,0.0,0.0,0.0,0.0,0.0,0.0,0.0,0.0,0.0,0.0,0.0,0.0,0.0,0.0,0.0,0.0,0.0,0.0,0.0,0.0,0.0,0.0,0.0,0.0,0.0,0.0,0.0,0.0,0.0,0.0,0.0,0.0,0.0,0.0,0.0,0.0,0.0,0.0,0.0,0.0,0.0,0.0,0.0,0.0,0.0,0.0,0.0,0.0,0.0,0.0,0.0,0.0,0.0,0.0,0.0,0.0,0.0,0.0,0.0,0.0,0.0,0.0,0.0,0.0,0.0,0.0,0.0,0.0,0.0,0.0,0.0,0.0,0.0,0.0,0.0,0.0,0.0,0.0,0.0,0.0,0.0,0.0,0.0,0.0,0.0,0.0,0.0,0.0,0.0,0.0,0.0,0.0,0.0,0.0,0.0,0.0,0.0,0.0,0.0,0.0,0.0,0.0,0.0,0.0,0.0,0.0,0.0,0.0,0.0,0.0,0.0,0.0,0.0,0.0,0.0,0.0,0.0,0.0,0.0,0.0,0.0,0.0,0.0,0.0,0.0,0.0,0.0,0.0,0.0,0.0,0.0,0.0,0.0,0.0,0.0,0.0,0.0,0.0,0.0,0.0,0.0,0.0,0.0,0.0,0.0,0.0,0.0,0.0,0.0,0.0,0.0,0.0,0.0,0.0,0.0,0.0,0.0,0.0,0.0,0.0,0.0,0.0,0.0,0.0,0.0,0.0,0.0,0.0,0.0,0.0,0.0,0.0,0.0,0.0,0.0,0.0,0.0,0.0,0.0,0.0,0.0,0.0,0.0,0.0,0.0,0.0,0.0,0.0,0.0,0.0,0.0,0.0,0.0,0.0,0.0,0.0,0.0,0.0,0.0,0.0,0.0,0.0,0.0,0.0,0.0,0.0,0.0,0.0,0.0,0.0,0.0,0.0,0.0,0.0,0.0,0.0,0.0,0.0,0.0
BWM-DL07,0.0,0.0,0.0,0.0,0.0,0.0,0.0,0.0,0.0,0.0,0.0,0.0,0.0,0.0,0.0,0.0,0.0,0.0,0.0,0.0,0.0,0.0,0.0,0.0,0.0,0.0,0.0,0.0,0.0,0.0,0.0,0.0,0.0,0.0,0.0,0.0,0.0,0.0,0.0,0.0,0.0,0.0,0.0,0.0,0.0,0.0,0.0,0.0,0.0,0.0,0.0,0.0,0.0,0.0,0.0,0.0,0.0,0.0,0.0,0.0,0.0,0.0,0.0,0.0,0.0,0.0,0.0,0.0,0.0,0.0,0.0,0.0,0.0,0.0,0.0,0.0,0.0,0.0,0.0,0.0,0.0,0.0,0.0,0.0,0.0,0.0,0.0,0.0,0.0,0.0,0.0,0.0,0.0,0.0,0.0,0.0,0.0,0.0,0.0,0.0,0.0,0.0,0.0,0.0,0.0,0.0,0.0,0.0,0.0,0.0,0.0,0.0,0.0,0.0,0.0,0.0,0.0,0.0,0.0,0.0,0.0,0.0,0.0,0.0,0.0,0.0,0.0,0.0,0.0,0.0,0.0,0.0,0.0,0.0,0.0,0.0,0.0,0.0,0.0,0.0,0.0,0.0,0.0,0.0,0.0,0.0,0.0,0.0,0.0,0.0,0.0,0.0,0.0,0.0,0.0,0.0,0.0,0.0,0.0,0.0,0.0,0.0,0.0,0.0,0.0,0.0,0.0,0.0,0.0,0.0,0.0,0.0,0.0,0.0,0.0,0.0,0.0,0.0,0.0,0.0,0.0,0.0,0.0,0.0,0.0,0.0,0.0,0.0,0.0,0.0,0.0,0.0,0.0,0.0,0.0,0.0,0.0,0.0,0.0,0.0,0.0,0.0,0.0,0.0,0.0,0.0,0.0,0.0,0.0,0.0,0.0,0.0,0.0,0.0,0.0,0.0,0.0,0.0,0.0,0.0,0.0,0.0,0.0,0.0,0.0,0.0,0.0,0.0,0.0,0.0,0.0,0.0,0.0,0.0
BWM-DL08,0.0,0.0,0.0,0.0,0.0,0.0,0.0,0.0,0.0,0.0,0.0,0.0,0.0,0.0,0.0,0.0,0.0,0.0,0.0,0.0,0.0,0.0,0.0,0.0,0.0,0.0,0.0,0.0,0.0,0.0,0.0,0.0,0.0,0.0,0.0,0.0,0.0,0.0,0.0,0.0,0.0,0.0,0.0,0.0,0.0,0.0,0.0,0.0,0.0,0.0,0.0,0.0,0.0,0.0,0.0,0.0,0.0,0.0,0.0,0.0,0.0,0.0,0.0,0.0,0.0,0.0,0.0,0.0,0.0,0.0,0.0,0.0,0.0,0.0,0.0,0.0,0.0,0.0,0.0,0.0,0.0,0.0,0.0,0.0,0.0,0.0,0.0,0.0,0.0,0.0,0.0,0.0,0.0,0.0,0.0,0.0,0.0,0.0,0.0,0.0,0.0,0.0,0.0,0.0,0.0,0.0,0.0,0.0,0.0,0.0,0.0,0.0,0.0,0.0,0.0,0.0,0.0,0.0,0.0,0.0,0.0,0.0,0.0,0.0,0.0,0.0,0.0,0.0,0.0,0.0,0.0,0.0,0.0,0.0,0.0,0.0,0.0,0.0,0.0,0.0,0.0,0.0,0.0,0.0,0.0,0.0,0.0,0.0,0.0,0.0,0.0,0.0,0.0,0.0,0.0,0.0,0.0,0.0,0.0,0.0,0.0,0.0,0.0,0.0,0.0,0.0,0.0,0.0,0.0,0.0,0.0,0.0,0.0,0.0,0.0,0.0,0.0,0.0,0.0,0.0,0.0,0.0,0.0,0.0,0.0,0.0,0.0,0.0,0.0,0.0,0.0,0.0,0.0,0.0,0.0,0.0,0.0,0.0,0.0,0.0,0.0,0.0,0.0,0.0,0.0,0.0,0.0,0.0,0.0,0.0,0.0,0.0,0.0,0.0,0.0,0.0,0.0,0.0,0.0,0.0,0.0,0.0,0.0,0.0,0.0,0.0,0.0,0.0,0.0,0.0,0.0,0.0,0.0,0.0
BWM-DR01,0.0,0.0,0.0,0.0,0.0,0.0,0.0,0.0,0.0,0.0,0.0,0.0,0.0,0.0,0.0,0.0,0.0,0.0,0.0,0.0,0.0,0.0,0.0,0.0,0.0,0.0,0.0,0.0,0.0,0.0,0.0,0.0,0.0,0.0,0.0,0.0,0.0,0.0,0.0,0.0,0.0,0.0,0.0,0.0,0.0,0.0,0.0,0.0,0.0,0.0,0.0,0.0,0.0,0.0,0.0,0.0,0.0,0.0,0.0,0.0,0.0,0.0,0.0,0.0,0.0,0.0,0.0,0.0,0.0,0.0,0.0,0.0,0.0,0.0,0.0,0.0,0.0,0.0,0.0,0.0,0.0,0.0,0.0,0.0,0.0,0.0,0.0,0.0,0.0,0.0,0.0,0.0,0.0,0.0,0.0,0.0,0.0,0.0,0.0,0.0,0.0,0.0,0.0,0.0,0.0,0.0,0.0,0.0,0.0,0.0,0.0,0.0,0.0,0.0,0.0,0.0,0.0,0.0,0.0,0.0,0.0,0.0,0.0,0.0,0.0,0.0,0.0,0.0,0.0,0.0,0.0,0.0,0.0,0.0,0.0,0.0,0.0,0.0,0.0,0.0,0.0,0.0,0.0,0.0,0.0,0.0,0.0,0.0,0.0,0.0,0.0,0.0,0.0,0.0,0.0,0.0,0.0,0.0,0.0,0.0,0.0,0.0,0.0,0.0,0.0,0.0,0.0,0.0,0.0,0.0,0.0,0.0,0.0,0.0,0.0,0.0,0.0,0.0,0.0,0.0,0.0,0.0,0.0,0.0,0.0,0.0,0.0,0.0,0.0,0.0,0.0,0.0,0.0,0.0,0.0,0.0,0.0,0.0,0.0,0.0,0.0,0.0,0.0,0.0,0.0,0.0,0.0,0.0,0.0,0.0,0.0,0.0,0.0,0.0,0.0,0.0,0.0,0.0,0.0,0.0,0.0,0.0,0.0,0.0,0.0,0.0,0.0,0.0,0.0,0.0,0.0,0.0,0.0,0.0
BWM-DR02,0.0,0.0,0.0,0.0,0.0,0.0,0.0,0.0,0.0,0.0,0.0,0.0,0.0,0.0,0.0,0.0,0.0,0.0,0.0,0.0,0.0,0.0,0.0,0.0,0.0,0.0,0.0,0.0,0.0,0.0,0.0,0.0,0.0,0.0,0.0,0.0,0.0,0.0,0.0,0.0,0.0,0.0,0.0,0.0,0.0,0.0,0.0,0.0,0.0,0.0,0.0,0.0,0.0,0.0,0.0,0.0,0.0,0.0,0.0,0.0,0.0,0.0,0.0,0.0,0.0,0.0,0.0,0.0,0.0,0.0,0.0,0.0,0.0,0.0,0.0,0.0,0.0,0.0,0.0,0.0,0.0,0.0,0.0,0.0,0.0,0.0,0.0,0.0,0.0,0.0,0.0,0.0,0.0,0.0,0.0,0.0,0.0,0.0,0.0,0.0,0.0,0.0,0.0,0.0,0.0,0.0,0.0,0.0,0.0,0.0,0.0,0.0,0.0,0.0,0.0,0.0,0.0,0.0,0.0,0.0,0.0,0.0,0.0,0.0,0.0,0.0,0.0,0.0,0.0,0.0,0.0,0.0,0.0,0.0,0.0,0.0,0.0,0.0,0.0,0.0,0.0,0.0,0.0,0.0,0.0,0.0,0.0,0.0,0.0,0.0,0.0,0.0,0.0,0.0,0.0,0.0,0.0,0.0,0.0,0.0,0.0,0.0,0.0,0.0,0.0,0.0,0.0,0.0,0.0,0.0,0.0,0.0,0.0,0.0,0.0,0.0,0.0,0.0,0.0,0.0,0.0,0.0,0.0,0.0,0.0,0.0,0.0,0.0,0.0,0.0,0.0,0.0,0.0,0.0,0.0,0.0,0.0,0.0,0.0,0.0,0.0,0.0,0.0,0.0,0.0,0.0,0.0,0.0,0.0,0.0,0.0,0.0,0.0,0.0,0.0,0.0,0.0,0.0,0.0,0.0,0.0,0.0,0.0,0.0,0.0,0.0,0.0,0.0,0.0,0.0,0.0,0.0,0.0,0.0
BWM-DR03,0.0,0.0,0.0,0.0,0.0,0.0,0.0,0.0,0.0,0.0,0.0,0.0,0.0,0.0,0.0,0.0,0.0,0.0,0.0,0.0,0.0,0.0,0.0,0.0,0.0,0.0,0.0,0.0,0.0,0.0,0.0,0.0,0.0,0.0,0.0,0.0,0.0,0.0,0.0,0.0,0.0,0.0,0.0,0.0,0.0,0.0,0.0,0.0,0.0,0.0,0.0,0.0,0.0,0.0,0.0,0.0,0.0,0.0,0.0,0.0,0.0,0.0,0.0,0.0,0.0,0.0,0.0,0.0,0.0,0.0,0.0,0.0,0.0,0.0,0.0,0.0,0.0,0.0,0.0,0.0,0.0,0.0,0.0,0.0,0.0,0.0,0.0,0.0,0.0,0.0,0.0,0.0,0.0,0.0,0.0,0.0,0.0,0.0,0.0,0.0,0.0,0.0,0.0,0.0,0.0,0.0,0.0,0.0,0.0,0.0,0.0,0.0,0.0,0.0,0.0,0.0,0.0,0.0,0.0,0.0,0.0,0.0,0.0,0.0,0.0,0.0,0.0,0.0,0.0,0.0,0.0,0.0,0.0,0.0,0.0,0.0,0.0,0.0,0.0,0.0,0.0,0.0,0.0,0.0,0.0,0.0,0.0,0.0,0.0,0.0,0.0,0.0,0.0,0.0,0.0,0.0,0.0,0.0,0.0,0.0,0.0,0.0,0.0,0.0,0.0,0.0,0.0,0.0,0.0,0.0,0.0,0.0,0.0,0.0,0.0,0.0,0.0,0.0,0.0,0.0,0.0,0.0,0.0,0.0,0.0,0.0,0.0,0.0,0.0,0.0,0.0,0.0,0.0,0.0,0.0,0.0,0.0,0.0,0.0,0.0,0.0,0.0,0.0,0.0,0.0,0.0,0.0,0.0,0.0,0.0,0.0,0.0,0.0,0.0,0.0,0.0,0.0,0.0,0.0,0.0,0.0,0.0,0.0,0.0,0.0,0.0,0.0,0.0,0.0,0.0,0.0,0.0,0.0,0.0
BWM-DR04,0.0,0.0,0.0,0.0,0.0,0.0,0.0,0.0,0.0,0.0,0.0,0.0,0.0,0.0,0.0,0.0,0.0,0.0,0.0,0.0,0.0,0.0,0.0,0.0,0.0,0.0,0.0,0.0,0.0,0.0,0.0,0.0,0.0,0.0,0.0,0.0,0.0,0.0,0.0,0.0,0.0,0.0,0.0,0.0,0.0,0.0,0.0,0.0,0.0,0.0,0.0,0.0,0.0,0.0,0.0,0.0,0.0,0.0,0.0,0.0,0.0,0.0,0.0,0.0,0.0,0.0,0.0,0.0,0.0,0.0,0.0,0.0,0.0,0.0,0.0,0.0,0.0,0.0,0.0,0.0,0.0,0.0,0.0,0.0,0.0,0.0,0.0,0.0,0.0,0.0,0.0,0.0,0.0,0.0,0.0,0.0,0.0,0.0,0.0,0.0,0.0,0.0,0.0,0.0,0.0,0.0,0.0,0.0,0.0,0.0,0.0,0.0,0.0,0.0,0.0,0.0,0.0,0.0,0.0,0.0,0.0,0.0,0.0,0.0,0.0,0.0,0.0,0.0,0.0,0.0,0.0,0.0,0.0,0.0,0.0,0.0,0.0,0.0,0.0,0.0,0.0,0.0,0.0,0.0,0.0,0.0,0.0,0.0,0.0,0.0,0.0,0.0,0.0,0.0,0.0,0.0,0.0,0.0,0.0,0.0,0.0,0.0,0.0,0.0,0.0,0.0,0.0,0.0,0.0,0.0,0.0,0.0,0.0,0.0,0.0,0.0,0.0,0.0,0.0,0.0,0.0,0.0,0.0,0.0,0.0,0.0,0.0,0.0,0.0,0.0,0.0,0.0,0.0,0.0,0.0,0.0,0.0,0.0,0.0,0.0,0.0,0.0,0.0,0.0,0.0,0.0,0.0,0.0,0.0,0.0,0.0,0.0,0.0,0.0,0.0,0.0,0.0,0.0,0.0,0.0,0.0,0.0,0.0,0.0,0.0,0.0,0.0,0.0,0.0,0.0,0.0,0.0,0.0,0.0
BWM-DR05,0.0,0.0,0.0,0.0,0.0,0.0,0.0,0.0,0.0,0.0,0.0,0.0,0.0,0.0,0.0,0.0,0.0,0.0,0.0,0.0,0.0,0.0,0.0,0.0,0.0,0.0,0.0,0.0,0.0,0.0,0.0,0.0,0.0,0.0,0.0,0.0,0.0,0.0,0.0,0.0,0.0,0.0,0.0,0.0,0.0,0.0,0.0,0.0,0.0,0.0,0.0,0.0,0.0,0.0,0.0,0.0,0.0,0.0,0.0,0.0,0.0,0.0,0.0,0.0,0.0,0.0,0.0,0.0,0.0,0.0,0.0,0.0,0.0,0.0,0.0,0.0,0.0,0.0,0.0,0.0,0.0,0.0,0.0,0.0,0.0,0.0,0.0,0.0,0.0,0.0,0.0,0.0,0.0,0.0,0.0,0.0,0.0,0.0,0.0,0.0,0.0,0.0,0.0,0.0,0.0,0.0,0.0,0.0,0.0,0.0,0.0,0.0,0.0,0.0,0.0,0.0,0.0,0.0,0.0,0.0,0.0,0.0,0.0,0.0,0.0,0.0,0.0,0.0,0.0,0.0,0.0,0.0,0.0,0.0,0.0,0.0,0.0,0.0,0.0,0.0,0.0,0.0,0.0,0.0,0.0,0.0,0.0,0.0,0.0,0.0,0.0,0.0,0.0,0.0,0.0,0.0,0.0,0.0,0.0,0.0,0.0,0.0,0.0,0.0,0.0,0.0,0.0,0.0,0.0,0.0,0.0,0.0,0.0,0.0,0.0,0.0,0.0,0.0,0.0,0.0,0.0,0.0,0.0,0.0,0.0,0.0,0.0,0.0,0.0,0.0,0.0,0.0,0.0,0.0,0.0,0.0,0.0,0.0,0.0,0.0,0.0,0.0,0.0,0.0,0.0,0.0,0.0,0.0,0.0,0.0,0.0,0.0,0.0,0.0,0.0,0.0,0.0,0.0,0.0,0.0,0.0,0.0,0.0,0.0,0.0,0.0,0.0,0.0,0.0,0.0,0.0,0.0,0.0,0.0
BWM-DR06,0.0,0.0,0.0,0.0,0.0,0.0,0.0,0.0,0.0,0.0,0.0,0.0,0.0,0.0,0.0,0.0,0.0,0.0,0.0,0.0,0.0,0.0,0.0,0.0,0.0,0.0,0.0,0.0,0.0,0.0,0.0,0.0,0.0,0.0,0.0,0.0,0.0,0.0,0.0,0.0,0.0,0.0,0.0,0.0,0.0,0.0,0.0,0.0,0.0,0.0,0.0,0.0,0.0,0.0,0.0,0.0,0.0,0.0,0.0,0.0,0.0,0.0,0.0,0.0,0.0,0.0,0.0,0.0,0.0,0.0,0.0,0.0,0.0,0.0,0.0,0.0,0.0,0.0,0.0,0.0,0.0,0.0,0.0,0.0,0.0,0.0,0.0,0.0,0.0,0.0,0.0,0.0,0.0,0.0,0.0,0.0,0.0,0.0,0.0,0.0,0.0,0.0,0.0,0.0,0.0,0.0,0.0,0.0,0.0,0.0,0.0,0.0,0.0,0.0,0.0,0.0,0.0,0.0,0.0,0.0,0.0,0.0,0.0,0.0,0.0,0.0,0.0,0.0,0.0,0.0,0.0,0.0,0.0,0.0,0.0,0.0,0.0,0.0,0.0,0.0,0.0,0.0,0.0,0.0,0.0,0.0,0.0,0.0,0.0,0.0,0.0,0.0,0.0,0.0,0.0,0.0,0.0,0.0,0.0,0.0,0.0,0.0,0.0,0.0,0.0,0.0,0.0,0.0,0.0,0.0,0.0,0.0,0.0,0.0,0.0,0.0,0.0,0.0,0.0,0.0,0.0,0.0,0.0,0.0,0.0,0.0,0.0,0.0,0.0,0.0,0.0,0.0,0.0,0.0,0.0,0.0,0.0,0.0,0.0,0.0,0.0,0.0,0.0,0.0,0.0,0.0,0.0,0.0,0.0,0.0,0.0,0.0,0.0,0.0,0.0,0.0,0.0,0.0,0.0,0.0,0.0,0.0,0.0,0.0,0.0,0.0,0.0,0.0,0.0,0.0,0.0,0.0,0.0,0.0
BWM-DR07,0.0,0.0,0.0,0.0,0.0,0.0,0.0,0.0,0.0,0.0,0.0,0.0,0.0,0.0,0.0,0.0,0.0,0.0,0.0,0.0,0.0,0.0,0.0,0.0,0.0,0.0,0.0,0.0,0.0,0.0,0.0,0.0,0.0,0.0,0.0,0.0,0.0,0.0,0.0,0.0,0.0,0.0,0.0,0.0,0.0,0.0,0.0,0.0,0.0,0.0,0.0,0.0,0.0,0.0,0.0,0.0,0.0,0.0,0.0,0.0,0.0,0.0,0.0,0.0,0.0,0.0,0.0,0.0,0.0,0.0,0.0,0.0,0.0,0.0,0.0,0.0,0.0,0.0,0.0,0.0,0.0,0.0,0.0,0.0,0.0,0.0,0.0,0.0,0.0,0.0,0.0,0.0,0.0,0.0,0.0,0.0,0.0,0.0,0.0,0.0,0.0,0.0,0.0,0.0,0.0,0.0,0.0,0.0,0.0,0.0,0.0,0.0,0.0,0.0,0.0,0.0,0.0,0.0,0.0,0.0,0.0,0.0,0.0,0.0,0.0,0.0,0.0,0.0,0.0,0.0,0.0,0.0,0.0,0.0,0.0,0.0,0.0,0.0,0.0,0.0,0.0,0.0,0.0,0.0,0.0,0.0,0.0,0.0,0.0,0.0,0.0,0.0,0.0,0.0,0.0,0.0,0.0,0.0,0.0,0.0,0.0,0.0,0.0,0.0,0.0,0.0,0.0,0.0,0.0,0.0,0.0,0.0,0.0,0.0,0.0,0.0,0.0,0.0,0.0,0.0,0.0,0.0,0.0,0.0,0.0,0.0,0.0,0.0,0.0,0.0,0.0,0.0,0.0,0.0,0.0,0.0,0.0,0.0,0.0,0.0,0.0,0.0,0.0,0.0,0.0,0.0,0.0,0.0,0.0,0.0,0.0,0.0,0.0,0.0,0.0,0.0,0.0,0.0,0.0,0.0,0.0,0.0,0.0,0.0,0.0,0.0,0.0,0.0,0.0,0.0,0.0,0.0,0.0,0.0
BWM-DR08,0.0,0.0,0.0,0.0,0.0,0.0,0.0,0.0,0.0,0.0,0.0,0.0,0.0,0.0,0.0,0.0,0.0,0.0,0.0,0.0,0.0,0.0,0.0,0.0,0.0,0.0,0.0,0.0,0.0,0.0,0.0,0.0,0.0,0.0,0.0,0.0,0.0,0.0,0.0,0.0,0.0,0.0,0.0,0.0,0.0,0.0,0.0,0.0,0.0,0.0,0.0,0.0,0.0,0.0,0.0,0.0,0.0,0.0,0.0,0.0,0.0,0.0,0.0,0.0,0.0,0.0,0.0,0.0,0.0,0.0,0.0,0.0,0.0,0.0,0.0,0.0,0.0,0.0,0.0,0.0,0.0,0.0,0.0,0.0,0.0,0.0,0.0,0.0,0.0,0.0,0.0,0.0,0.0,0.0,0.0,0.0,0.0,0.0,0.0,0.0,0.0,0.0,0.0,0.0,0.0,0.0,0.0,0.0,0.0,0.0,0.0,0.0,0.0,0.0,0.0,0.0,0.0,0.0,0.0,0.0,0.0,0.0,0.0,0.0,0.0,0.0,0.0,0.0,0.0,0.0,0.0,0.0,0.0,0.0,0.0,0.0,0.0,0.0,0.0,0.0,0.0,0.0,0.0,0.0,0.0,0.0,0.0,0.0,0.0,0.0,0.0,0.0,0.0,0.0,0.0,0.0,0.0,0.0,0.0,0.0,0.0,0.0,0.0,0.0,0.0,0.0,0.0,0.0,0.0,0.0,0.0,0.0,0.0,0.0,0.0,0.0,0.0,0.0,0.0,0.0,0.0,0.0,0.0,0.0,0.0,0.0,0.0,0.0,0.0,0.0,0.0,0.0,0.0,0.0,0.0,0.0,0.0,0.0,0.0,0.0,0.0,0.0,0.0,0.0,0.0,0.0,0.0,0.0,0.0,0.0,0.0,0.0,0.0,0.0,0.0,0.0,0.0,0.0,0.0,0.0,0.0,0.0,0.0,0.0,0.0,0.0,0.0,0.0,0.0,0.0,0.0,0.0,0.0,0.0
BWM-VL01,0.0,0.0,0.0,0.0,0.0,0.0,0.0,0.0,0.0,0.0,0.0,0.0,0.0,0.0,0.0,0.0,0.0,0.0,0.0,0.0,0.0,0.0,0.0,0.0,0.0,0.0,0.0,0.0,0.0,0.0,0.0,0.0,0.0,0.0,0.0,0.0,0.0,0.0,0.0,0.0,0.0,0.0,0.0,0.0,0.0,0.0,0.0,0.0,0.0,0.0,0.0,0.0,0.0,0.0,0.0,0.0,0.0,0.0,0.0,0.0,0.0,0.0,0.0,0.0,0.0,0.0,0.0,0.0,0.0,0.0,0.0,0.0,0.0,0.0,0.0,0.0,0.0,0.0,0.0,0.0,0.0,0.0,0.0,0.0,0.0,0.0,0.0,0.0,0.0,0.0,0.0,0.0,0.0,0.0,0.0,0.0,0.0,0.0,0.0,0.0,0.0,0.0,0.0,0.0,0.0,0.0,0.0,0.0,0.0,0.0,0.0,0.0,0.0,0.0,0.0,0.0,0.0,0.0,0.0,0.0,0.0,0.0,0.0,0.0,0.0,0.0,0.0,0.0,0.0,0.0,0.0,0.0,0.0,0.0,0.0,0.0,0.0,0.0,0.0,0.0,0.0,0.0,0.0,0.0,0.0,0.0,0.0,0.0,0.0,0.0,0.0,0.0,0.0,0.0,0.0,0.0,0.0,0.0,0.0,0.0,0.0,0.0,0.0,0.0,0.0,0.0,0.0,0.0,0.0,0.0,0.0,0.0,0.0,0.0,0.0,0.0,0.0,0.0,0.0,0.0,0.0,0.0,0.0,0.0,0.0,0.0,0.0,0.0,0.0,0.0,0.0,0.0,0.0,0.0,0.0,0.0,0.0,0.0,0.0,0.0,0.0,0.0,0.0,0.0,0.0,0.0,0.0,0.0,0.0,0.0,0.0,0.0,0.0,0.0,0.0,0.0,0.0,0.0,0.0,0.0,0.0,0.0,0.0,0.0,0.0,0.0,0.0,0.0,0.0,0.0,0.0,0.0,0.0,0.0
BWM-VL02,0.0,0.0,0.0,0.0,0.0,0.0,0.0,0.0,0.0,0.0,0.0,0.0,0.0,0.0,0.0,0.0,0.0,0.0,0.0,0.0,0.0,0.0,0.0,0.0,0.0,0.0,0.0,0.0,0.0,0.0,0.0,0.0,0.0,0.0,0.0,0.0,0.0,0.0,0.0,0.0,0.0,0.0,0.0,0.0,0.0,0.0,0.0,0.0,0.0,0.0,0.0,0.0,0.0,0.0,0.0,0.0,0.0,0.0,0.0,0.0,0.0,0.0,0.0,0.0,0.0,0.0,0.0,0.0,0.0,0.0,0.0,0.0,0.0,0.0,0.0,0.0,0.0,0.0,0.0,0.0,0.0,0.0,0.0,0.0,0.0,0.0,0.0,0.0,0.0,0.0,0.0,0.0,0.0,0.0,0.0,0.0,0.0,0.0,0.0,0.0,0.0,0.0,0.0,0.0,0.0,0.0,0.0,0.0,0.0,0.0,0.0,0.0,0.0,0.0,0.0,0.0,0.0,0.0,0.0,0.0,0.0,0.0,0.0,0.0,0.0,0.0,0.0,0.0,0.0,0.0,0.0,0.0,0.0,0.0,0.0,0.0,0.0,0.0,0.0,0.0,0.0,0.0,0.0,0.0,0.0,0.0,0.0,0.0,0.0,0.0,0.0,0.0,0.0,0.0,0.0,0.0,0.0,0.0,0.0,0.0,0.0,0.0,0.0,0.0,0.0,0.0,0.0,0.0,0.0,0.0,0.0,0.0,0.0,0.0,0.0,0.0,0.0,0.0,0.0,0.0,0.0,0.0,0.0,0.0,0.0,0.0,0.0,0.0,0.0,0.0,0.0,0.0,0.0,0.0,0.0,0.0,0.0,0.0,0.0,0.0,0.0,0.0,0.0,0.0,0.0,0.0,0.0,0.0,0.0,0.0,0.0,0.0,0.0,0.0,0.0,0.0,0.0,0.0,0.0,0.0,0.0,0.0,0.0,0.0,0.0,0.0,0.0,0.0,0.0,0.0,0.0,0.0,0.0,0.0
BWM-VL03,0.0,0.0,0.0,0.0,0.0,0.0,0.0,0.0,0.0,0.0,0.0,0.0,0.0,0.0,0.0,0.0,0.0,0.0,0.0,0.0,0.0,0.0,0.0,0.0,0.0,0.0,0.0,0.0,0.0,0.0,0.0,0.0,0.0,0.0,0.0,0.0,0.0,0.0,0.0,0.0,0.0,0.0,0.0,0.0,0.0,0.0,0.0,0.0,0.0,0.0,0.0,0.0,0.0,0.0,0.0,0.0,0.0,0.0,0.0,0.0,0.0,0.0,0.0,0.0,0.0,0.0,0.0,0.0,0.0,0.0,0.0,0.0,0.0,0.0,0.0,0.0,0.0,0.0,0.0,0.0,0.0,0.0,0.0,0.0,0.0,0.0,0.0,0.0,0.0,0.0,0.0,0.0,0.0,0.0,0.0,0.0,0.0,0.0,0.0,0.0,0.0,0.0,0.0,0.0,0.0,0.0,0.0,0.0,0.0,0.0,0.0,0.0,0.0,0.0,0.0,0.0,0.0,0.0,0.0,0.0,0.0,0.0,0.0,0.0,0.0,0.0,0.0,0.0,0.0,0.0,0.0,0.0,0.0,0.0,0.0,0.0,0.0,0.0,0.0,0.0,0.0,0.0,0.0,0.0,0.0,0.0,0.0,0.0,0.0,0.0,0.0,0.0,0.0,0.0,0.0,0.0,0.0,0.0,0.0,0.0,0.0,0.0,0.0,0.0,0.0,0.0,0.0,0.0,0.0,0.0,0.0,0.0,0.0,0.0,0.0,0.0,0.0,0.0,0.0,0.0,0.0,0.0,0.0,0.0,0.0,0.0,0.0,0.0,0.0,0.0,0.0,0.0,0.0,0.0,0.0,0.0,0.0,0.0,0.0,0.0,0.0,0.0,0.0,0.0,0.0,0.0,0.0,0.0,0.0,0.0,0.0,0.0,0.0,0.0,0.0,0.0,0.0,0.0,0.0,0.0,0.0,0.0,0.0,0.0,0.0,0.0,0.0,0.0,0.0,0.0,0.0,0.0,0.0,0.0
BWM-VL04,0.0,0.0,0.0,0.0,0.0,0.0,0.0,0.0,0.0,0.0,0.0,0.0,0.0,0.0,0.0,0.0,0.0,0.0,0.0,0.0,0.0,0.0,0.0,0.0,0.0,0.0,0.0,0.0,0.0,0.0,0.0,0.0,0.0,0.0,0.0,0.0,0.0,0.0,0.0,0.0,0.0,0.0,0.0,0.0,0.0,0.0,0.0,0.0,0.0,0.0,0.0,0.0,0.0,0.0,0.0,0.0,0.0,0.0,0.0,0.0,0.0,0.0,0.0,0.0,0.0,0.0,0.0,0.0,0.0,0.0,0.0,0.0,0.0,0.0,0.0,0.0,0.0,0.0,0.0,0.0,0.0,0.0,0.0,0.0,0.0,0.0,0.0,0.0,0.0,0.0,0.0,0.0,0.0,0.0,0.0,0.0,0.0,0.0,0.0,0.0,0.0,0.0,0.0,0.0,0.0,0.0,0.0,0.0,0.0,0.0,0.0,0.0,0.0,0.0,0.0,0.0,0.0,0.0,0.0,0.0,0.0,0.0,0.0,0.0,0.0,0.0,0.0,0.0,0.0,0.0,0.0,0.0,0.0,0.0,0.0,0.0,0.0,0.0,0.0,0.0,0.0,0.0,0.0,0.0,0.0,0.0,0.0,0.0,0.0,0.0,0.0,0.0,0.0,0.0,0.0,0.0,0.0,0.0,0.0,0.0,0.0,0.0,0.0,0.0,0.0,0.0,0.0,0.0,0.0,0.0,0.0,0.0,0.0,0.0,0.0,0.0,0.0,0.0,0.0,0.0,0.0,0.0,0.0,0.0,0.0,0.0,0.0,0.0,0.0,0.0,0.0,0.0,0.0,0.0,0.0,0.0,0.0,0.0,0.0,0.0,0.0,0.0,0.0,0.0,0.0,0.0,0.0,0.0,0.0,0.0,0.0,0.0,0.0,0.0,0.0,0.0,0.0,0.0,0.0,0.0,0.0,0.0,0.0,0.0,0.0,0.0,0.0,0.0,0.0,0.0,0.0,0.0,0.0,0.0
BWM-VL05,0.0,0.0,0.0,0.0,0.0,0.0,0.0,0.0,0.0,0.0,0.0,0.0,0.0,0.0,0.0,0.0,0.0,0.0,0.0,0.0,0.0,0.0,0.0,0.0,0.0,0.0,0.0,0.0,0.0,0.0,0.0,0.0,0.0,0.0,0.0,0.0,0.0,0.0,0.0,0.0,0.0,0.0,0.0,0.0,0.0,0.0,0.0,0.0,0.0,0.0,0.0,0.0,0.0,0.0,0.0,0.0,0.0,0.0,0.0,0.0,0.0,0.0,0.0,0.0,0.0,0.0,0.0,0.0,0.0,0.0,0.0,0.0,0.0,0.0,0.0,0.0,0.0,0.0,0.0,0.0,0.0,0.0,0.0,0.0,0.0,0.0,0.0,0.0,0.0,0.0,0.0,0.0,0.0,0.0,0.0,0.0,0.0,0.0,0.0,0.0,0.0,0.0,0.0,0.0,0.0,0.0,0.0,0.0,0.0,0.0,0.0,0.0,0.0,0.0,0.0,0.0,0.0,0.0,0.0,0.0,0.0,0.0,0.0,0.0,0.0,0.0,0.0,0.0,0.0,0.0,0.0,0.0,0.0,0.0,0.0,0.0,0.0,0.0,0.0,0.0,0.0,0.0,0.0,0.0,0.0,0.0,0.0,0.0,0.0,0.0,0.0,0.0,0.0,0.0,0.0,0.0,0.0,0.0,0.0,0.0,0.0,0.0,0.0,0.0,0.0,0.0,0.0,0.0,0.0,0.0,0.0,0.0,0.0,0.0,0.0,0.0,0.0,0.0,0.0,0.0,0.0,0.0,0.0,0.0,0.0,0.0,0.0,0.0,0.0,0.0,0.0,0.0,0.0,0.0,0.0,0.0,0.0,0.0,0.0,0.0,0.0,0.0,0.0,0.0,0.0,0.0,0.0,0.0,0.0,0.0,0.0,0.0,0.0,0.0,0.0,0.0,0.0,0.0,0.0,0.0,0.0,0.0,0.0,0.0,0.0,0.0,0.0,0.0,0.0,0.0,0.0,0.0,0.0,0.0
BWM-VL06,0.0,0.0,0.0,0.0,0.0,0.0,0.0,0.0,0.0,0.0,0.0,0.0,0.0,0.0,0.0,0.0,0.0,0.0,0.0,0.0,0.0,0.0,0.0,0.0,0.0,0.0,0.0,0.0,0.0,0.0,0.0,0.0,0.0,0.0,0.0,0.0,0.0,0.0,0.0,0.0,0.0,0.0,0.0,0.0,0.0,0.0,0.0,0.0,0.0,0.0,0.0,0.0,0.0,0.0,0.0,0.0,0.0,0.0,0.0,0.0,0.0,0.0,0.0,0.0,0.0,0.0,0.0,0.0,0.0,0.0,0.0,0.0,0.0,0.0,0.0,0.0,0.0,0.0,0.0,0.0,0.0,0.0,0.0,0.0,0.0,0.0,0.0,0.0,0.0,0.0,0.0,0.0,0.0,0.0,0.0,0.0,0.0,0.0,0.0,0.0,0.0,0.0,0.0,0.0,0.0,0.0,0.0,0.0,0.0,0.0,0.0,0.0,0.0,0.0,0.0,0.0,0.0,0.0,0.0,0.0,0.0,0.0,0.0,0.0,0.0,0.0,0.0,0.0,0.0,0.0,0.0,0.0,0.0,0.0,0.0,0.0,0.0,0.0,0.0,0.0,0.0,0.0,0.0,0.0,0.0,0.0,0.0,0.0,0.0,0.0,0.0,0.0,0.0,0.0,0.0,0.0,0.0,0.0,0.0,0.0,0.0,0.0,0.0,0.0,0.0,0.0,0.0,0.0,0.0,0.0,0.0,0.0,0.0,0.0,0.0,0.0,0.0,0.0,0.0,0.0,0.0,0.0,0.0,0.0,0.0,0.0,0.0,0.0,0.0,0.0,0.0,0.0,0.0,0.0,0.0,0.0,0.0,0.0,0.0,0.0,0.0,0.0,0.0,0.0,0.0,0.0,0.0,0.0,0.0,0.0,0.0,0.0,0.0,0.0,0.0,0.0,0.0,0.0,0.0,0.0,0.0,0.0,0.0,0.0,0.0,0.0,0.0,0.0,0.0,0.0,0.0,0.0,0.0,0.0
BWM-VL07,0.0,0.0,0.0,0.0,0.0,0.0,0.0,0.0,0.0,0.0,0.0,0.0,0.0,0.0,0.0,0.0,0.0,0.0,0.0,0.0,0.0,0.0,0.0,0.0,0.0,0.0,0.0,0.0,0.0,0.0,0.0,0.0,0.0,0.0,0.0,0.0,0.0,0.0,0.0,0.0,0.0,0.0,0.0,0.0,0.0,0.0,0.0,0.0,0.0,0.0,0.0,0.0,0.0,0.0,0.0,0.0,0.0,0.0,0.0,0.0,0.0,0.0,0.0,0.0,0.0,0.0,0.0,0.0,0.0,0.0,0.0,0.0,0.0,0.0,0.0,0.0,0.0,0.0,0.0,0.0,0.0,0.0,0.0,0.0,0.0,0.0,0.0,0.0,0.0,0.0,0.0,0.0,0.0,0.0,0.0,0.0,0.0,0.0,0.0,0.0,0.0,0.0,0.0,0.0,0.0,0.0,0.0,0.0,0.0,0.0,0.0,0.0,0.0,0.0,0.0,0.0,0.0,0.0,0.0,0.0,0.0,0.0,0.0,0.0,0.0,0.0,0.0,0.0,0.0,0.0,0.0,0.0,0.0,0.0,0.0,0.0,0.0,0.0,0.0,0.0,0.0,0.0,0.0,0.0,0.0,0.0,0.0,0.0,0.0,0.0,0.0,0.0,0.0,0.0,0.0,0.0,0.0,0.0,0.0,0.0,0.0,0.0,0.0,0.0,0.0,0.0,0.0,0.0,0.0,0.0,0.0,0.0,0.0,0.0,0.0,0.0,0.0,0.0,0.0,0.0,0.0,0.0,0.0,0.0,0.0,0.0,0.0,0.0,0.0,0.0,0.0,0.0,0.0,0.0,0.0,0.0,0.0,0.0,0.0,0.0,0.0,0.0,0.0,0.0,0.0,0.0,0.0,0.0,0.0,0.0,0.0,0.0,0.0,0.0,0.0,0.0,0.0,0.0,0.0,0.0,0.0,0.0,0.0,0.0,0.0,0.0,0.0,0.0,0.0,0.0,0.0,0.0,0.0,0.0
BWM-VL08,0.0,0.0,0.0,0.0,0.0,0.0,0.0,0.0,0.0,0.0,0.0,0.0,0.0,0.0,0.0,0.0,0.0,0.0,0.0,0.0,0.0,0.0,0.0,0.0,0.0,0.0,0.0,0.0,0.0,0.0,0.0,0.0,0.0,0.0,0.0,0.0,0.0,0.0,0.0,0.0,0.0,0.0,0.0,0.0,0.0,0.0,0.0,0.0,0.0,0.0,0.0,0.0,0.0,0.0,0.0,0.0,0.0,0.0,0.0,0.0,0.0,0.0,0.0,0.0,0.0,0.0,0.0,0.0,0.0,0.0,0.0,0.0,0.0,0.0,0.0,0.0,0.0,0.0,0.0,0.0,0.0,0.0,0.0,0.0,0.0,0.0,0.0,0.0,0.0,0.0,0.0,0.0,0.0,0.0,0.0,0.0,0.0,0.0,0.0,0.0,0.0,0.0,0.0,0.0,0.0,0.0,0.0,0.0,0.0,0.0,0.0,0.0,0.0,0.0,0.0,0.0,0.0,0.0,0.0,0.0,0.0,0.0,0.0,0.0,0.0,0.0,0.0,0.0,0.0,0.0,0.0,0.0,0.0,0.0,0.0,0.0,0.0,0.0,0.0,0.0,0.0,0.0,0.0,0.0,0.0,0.0,0.0,0.0,0.0,0.0,0.0,0.0,0.0,0.0,0.0,0.0,0.0,0.0,0.0,0.0,0.0,0.0,0.0,0.0,0.0,0.0,0.0,0.0,0.0,0.0,0.0,0.0,0.0,0.0,0.0,0.0,0.0,0.0,0.0,0.0,0.0,0.0,0.0,0.0,0.0,0.0,0.0,0.0,0.0,0.0,0.0,0.0,0.0,0.0,0.0,0.0,0.0,0.0,0.0,0.0,0.0,0.0,0.0,0.0,0.0,0.0,0.0,0.0,0.0,0.0,0.0,0.0,0.0,0.0,0.0,0.0,0.0,0.0,0.0,0.0,0.0,0.0,0.0,0.0,0.0,0.0,0.0,0.0,0.0,0.0,0.0,0.0,0.0,0.0
BWM-VR01,0.0,0.0,0.0,0.0,0.0,0.0,0.0,0.0,0.0,0.0,0.0,0.0,0.0,0.0,0.0,0.0,0.0,0.0,0.0,0.0,0.0,0.0,0.0,0.0,0.0,0.0,0.0,0.0,0.0,0.0,0.0,0.0,0.0,0.0,0.0,0.0,0.0,0.0,0.0,0.0,0.0,0.0,0.0,0.0,0.0,0.0,0.0,0.0,0.0,0.0,0.0,0.0,0.0,0.0,0.0,0.0,0.0,0.0,0.0,0.0,0.0,0.0,0.0,0.0,0.0,0.0,0.0,0.0,0.0,0.0,0.0,0.0,0.0,0.0,0.0,0.0,0.0,0.0,0.0,0.0,0.0,0.0,0.0,0.0,0.0,0.0,0.0,0.0,0.0,0.0,0.0,0.0,0.0,0.0,0.0,0.0,0.0,0.0,0.0,0.0,0.0,0.0,0.0,0.0,0.0,0.0,0.0,0.0,0.0,0.0,0.0,0.0,0.0,0.0,0.0,0.0,0.0,0.0,0.0,0.0,0.0,0.0,0.0,0.0,0.0,0.0,0.0,0.0,0.0,0.0,0.0,0.0,0.0,0.0,0.0,0.0,0.0,0.0,0.0,0.0,0.0,0.0,0.0,0.0,0.0,0.0,0.0,0.0,0.0,0.0,0.0,0.0,0.0,0.0,0.0,0.0,0.0,0.0,0.0,0.0,0.0,0.0,0.0,0.0,0.0,0.0,0.0,0.0,0.0,0.0,0.0,0.0,0.0,0.0,0.0,0.0,0.0,0.0,0.0,0.0,0.0,0.0,0.0,0.0,0.0,0.0,0.0,0.0,0.0,0.0,0.0,0.0,0.0,0.0,0.0,0.0,0.0,0.0,0.0,0.0,0.0,0.0,0.0,0.0,0.0,0.0,0.0,0.0,0.0,0.0,0.0,0.0,0.0,0.0,0.0,0.0,0.0,0.0,0.0,0.0,0.0,0.0,0.0,0.0,0.0,0.0,0.0,0.0,0.0,0.0,0.0,0.0,0.0,0.0
BWM-VR02,0.0,0.0,0.0,0.0,0.0,0.0,0.0,0.0,0.0,0.0,0.0,0.0,0.0,0.0,0.0,0.0,0.0,0.0,0.0,0.0,0.0,0.0,0.0,0.0,0.0,0.0,0.0,0.0,0.0,0.0,0.0,0.0,0.0,0.0,0.0,0.0,0.0,0.0,0.0,0.0,0.0,0.0,0.0,0.0,0.0,0.0,0.0,0.0,0.0,0.0,0.0,0.0,0.0,0.0,0.0,0.0,0.0,0.0,0.0,0.0,0.0,0.0,0.0,0.0,0.0,0.0,0.0,0.0,0.0,0.0,0.0,0.0,0.0,0.0,0.0,0.0,0.0,0.0,0.0,0.0,0.0,0.0,0.0,0.0,0.0,0.0,0.0,0.0,0.0,0.0,0.0,0.0,0.0,0.0,0.0,0.0,0.0,0.0,0.0,0.0,0.0,0.0,0.0,0.0,0.0,0.0,0.0,0.0,0.0,0.0,0.0,0.0,0.0,0.0,0.0,0.0,0.0,0.0,0.0,0.0,0.0,0.0,0.0,0.0,0.0,0.0,0.0,0.0,0.0,0.0,0.0,0.0,0.0,0.0,0.0,0.0,0.0,0.0,0.0,0.0,0.0,0.0,0.0,0.0,0.0,0.0,0.0,0.0,0.0,0.0,0.0,0.0,0.0,0.0,0.0,0.0,0.0,0.0,0.0,0.0,0.0,0.0,0.0,0.0,0.0,0.0,0.0,0.0,0.0,0.0,0.0,0.0,0.0,0.0,0.0,0.0,0.0,0.0,0.0,0.0,0.0,0.0,0.0,0.0,0.0,0.0,0.0,0.0,0.0,0.0,0.0,0.0,0.0,0.0,0.0,0.0,0.0,0.0,0.0,0.0,0.0,0.0,0.0,0.0,0.0,0.0,0.0,0.0,0.0,0.0,0.0,0.0,0.0,0.0,0.0,0.0,0.0,0.0,0.0,0.0,0.0,0.0,0.0,0.0,0.0,0.0,0.0,0.0,0.0,0.0,0.0,0.0,0.0,0.0
BWM-VR03,0.0,0.0,0.0,0.0,0.0,0.0,0.0,0.0,0.0,0.0,0.0,0.0,0.0,0.0,0.0,0.0,0.0,0.0,0.0,0.0,0.0,0.0,0.0,0.0,0.0,0.0,0.0,0.0,0.0,0.0,0.0,0.0,0.0,0.0,0.0,0.0,0.0,0.0,0.0,0.0,0.0,0.0,0.0,0.0,0.0,0.0,0.0,0.0,0.0,0.0,0.0,0.0,0.0,0.0,0.0,0.0,0.0,0.0,0.0,0.0,0.0,0.0,0.0,0.0,0.0,0.0,0.0,0.0,0.0,0.0,0.0,0.0,0.0,0.0,0.0,0.0,0.0,0.0,0.0,0.0,0.0,0.0,0.0,0.0,0.0,0.0,0.0,0.0,0.0,0.0,0.0,0.0,0.0,0.0,0.0,0.0,0.0,0.0,0.0,0.0,0.0,0.0,0.0,0.0,0.0,0.0,0.0,0.0,0.0,0.0,0.0,0.0,0.0,0.0,0.0,0.0,0.0,0.0,0.0,0.0,0.0,0.0,0.0,0.0,0.0,0.0,0.0,0.0,0.0,0.0,0.0,0.0,0.0,0.0,0.0,0.0,0.0,0.0,0.0,0.0,0.0,0.0,0.0,0.0,0.0,0.0,0.0,0.0,0.0,0.0,0.0,0.0,0.0,0.0,0.0,0.0,0.0,0.0,0.0,0.0,0.0,0.0,0.0,0.0,0.0,0.0,0.0,0.0,0.0,0.0,0.0,0.0,0.0,0.0,0.0,0.0,0.0,0.0,0.0,0.0,0.0,0.0,0.0,0.0,0.0,0.0,0.0,0.0,0.0,0.0,0.0,0.0,0.0,0.0,0.0,0.0,0.0,0.0,0.0,0.0,0.0,0.0,0.0,0.0,0.0,0.0,0.0,0.0,0.0,0.0,0.0,0.0,0.0,0.0,0.0,0.0,0.0,0.0,0.0,0.0,0.0,0.0,0.0,0.0,0.0,0.0,0.0,0.0,0.0,0.0,0.0,0.0,0.0,0.0
BWM-VR04,0.0,0.0,0.0,0.0,0.0,0.0,0.0,0.0,0.0,0.0,0.0,0.0,0.0,0.0,0.0,0.0,0.0,0.0,0.0,0.0,0.0,0.0,0.0,0.0,0.0,0.0,0.0,0.0,0.0,0.0,0.0,0.0,0.0,0.0,0.0,0.0,0.0,0.0,0.0,0.0,0.0,0.0,0.0,0.0,0.0,0.0,0.0,0.0,0.0,0.0,0.0,0.0,0.0,0.0,0.0,0.0,0.0,0.0,0.0,0.0,0.0,0.0,0.0,0.0,0.0,0.0,0.0,0.0,0.0,0.0,0.0,0.0,0.0,0.0,0.0,0.0,0.0,0.0,0.0,0.0,0.0,0.0,0.0,0.0,0.0,0.0,0.0,0.0,0.0,0.0,0.0,0.0,0.0,0.0,0.0,0.0,0.0,0.0,0.0,0.0,0.0,0.0,0.0,0.0,0.0,0.0,0.0,0.0,0.0,0.0,0.0,0.0,0.0,0.0,0.0,0.0,0.0,0.0,0.0,0.0,0.0,0.0,0.0,0.0,0.0,0.0,0.0,0.0,0.0,0.0,0.0,0.0,0.0,0.0,0.0,0.0,0.0,0.0,0.0,0.0,0.0,0.0,0.0,0.0,0.0,0.0,0.0,0.0,0.0,0.0,0.0,0.0,0.0,0.0,0.0,0.0,0.0,0.0,0.0,0.0,0.0,0.0,0.0,0.0,0.0,0.0,0.0,0.0,0.0,0.0,0.0,0.0,0.0,0.0,0.0,0.0,0.0,0.0,0.0,0.0,0.0,0.0,0.0,0.0,0.0,0.0,0.0,0.0,0.0,0.0,0.0,0.0,0.0,0.0,0.0,0.0,0.0,0.0,0.0,0.0,0.0,0.0,0.0,0.0,0.0,0.0,0.0,0.0,0.0,0.0,0.0,0.0,0.0,0.0,0.0,0.0,0.0,0.0,0.0,0.0,0.0,0.0,0.0,0.0,0.0,0.0,0.0,0.0,0.0,0.0,0.0,0.0,0.0,0.0
BWM-VR05,0.0,0.0,0.0,0.0,0.0,0.0,0.0,0.0,0.0,0.0,0.0,0.0,0.0,0.0,0.0,0.0,0.0,0.0,0.0,0.0,0.0,0.0,0.0,0.0,0.0,0.0,0.0,0.0,0.0,0.0,0.0,0.0,0.0,0.0,0.0,0.0,0.0,0.0,0.0,0.0,0.0,0.0,0.0,0.0,0.0,0.0,0.0,0.0,0.0,0.0,0.0,0.0,0.0,0.0,0.0,0.0,0.0,0.0,0.0,0.0,0.0,0.0,0.0,0.0,0.0,0.0,0.0,0.0,0.0,0.0,0.0,0.0,0.0,0.0,0.0,0.0,0.0,0.0,0.0,0.0,0.0,0.0,0.0,0.0,0.0,0.0,0.0,0.0,0.0,0.0,0.0,0.0,0.0,0.0,0.0,0.0,0.0,0.0,0.0,0.0,0.0,0.0,0.0,0.0,0.0,0.0,0.0,0.0,0.0,0.0,0.0,0.0,0.0,0.0,0.0,0.0,0.0,0.0,0.0,0.0,0.0,0.0,0.0,0.0,0.0,0.0,0.0,0.0,0.0,0.0,0.0,0.0,0.0,0.0,0.0,0.0,0.0,0.0,0.0,0.0,0.0,0.0,0.0,0.0,0.0,0.0,0.0,0.0,0.0,0.0,0.0,0.0,0.0,0.0,0.0,0.0,0.0,0.0,0.0,0.0,0.0,0.0,0.0,0.0,0.0,0.0,0.0,0.0,0.0,0.0,0.0,0.0,0.0,0.0,0.0,0.0,0.0,0.0,0.0,0.0,0.0,0.0,0.0,0.0,0.0,0.0,0.0,0.0,0.0,0.0,0.0,0.0,0.0,0.0,0.0,0.0,0.0,0.0,0.0,0.0,0.0,0.0,0.0,0.0,0.0,0.0,0.0,0.0,0.0,0.0,0.0,0.0,0.0,0.0,0.0,0.0,0.0,0.0,0.0,0.0,0.0,0.0,0.0,0.0,0.0,0.0,0.0,0.0,0.0,0.0,0.0,0.0,0.0,0.0
BWM-VR06,0.0,0.0,0.0,0.0,0.0,0.0,0.0,0.0,0.0,0.0,0.0,0.0,0.0,0.0,0.0,0.0,0.0,0.0,0.0,0.0,0.0,0.0,0.0,0.0,0.0,0.0,0.0,0.0,0.0,0.0,0.0,0.0,0.0,0.0,0.0,0.0,0.0,0.0,0.0,0.0,0.0,0.0,0.0,0.0,0.0,0.0,0.0,0.0,0.0,0.0,0.0,0.0,0.0,0.0,0.0,0.0,0.0,0.0,0.0,0.0,0.0,0.0,0.0,0.0,0.0,0.0,0.0,0.0,0.0,0.0,0.0,0.0,0.0,0.0,0.0,0.0,0.0,0.0,0.0,0.0,0.0,0.0,0.0,0.0,0.0,0.0,0.0,0.0,0.0,0.0,0.0,0.0,0.0,0.0,0.0,0.0,0.0,0.0,0.0,0.0,0.0,0.0,0.0,0.0,0.0,0.0,0.0,0.0,0.0,0.0,0.0,0.0,0.0,0.0,0.0,0.0,0.0,0.0,0.0,0.0,0.0,0.0,0.0,0.0,0.0,0.0,0.0,0.0,0.0,0.0,0.0,0.0,0.0,0.0,0.0,0.0,0.0,0.0,0.0,0.0,0.0,0.0,0.0,0.0,0.0,0.0,0.0,0.0,0.0,0.0,0.0,0.0,0.0,0.0,0.0,0.0,0.0,0.0,0.0,0.0,0.0,0.0,0.0,0.0,0.0,0.0,0.0,0.0,0.0,0.0,0.0,0.0,0.0,0.0,0.0,0.0,0.0,0.0,0.0,0.0,0.0,0.0,0.0,0.0,0.0,0.0,0.0,0.0,0.0,0.0,0.0,0.0,0.0,0.0,0.0,0.0,0.0,0.0,0.0,0.0,0.0,0.0,0.0,0.0,0.0,0.0,0.0,0.0,0.0,0.0,0.0,0.0,0.0,0.0,0.0,0.0,0.0,0.0,0.0,0.0,0.0,0.0,0.0,0.0,0.0,0.0,0.0,0.0,0.0,0.0,0.0,0.0,0.0,0.0
BWM-VR07,0.0,0.0,0.0,0.0,0.0,0.0,0.0,0.0,0.0,0.0,0.0,0.0,0.0,0.0,0.0,0.0,0.0,0.0,0.0,0.0,0.0,0.0,0.0,0.0,0.0,0.0,0.0,0.0,0.0,0.0,0.0,0.0,0.0,0.0,0.0,0.0,0.0,0.0,0.0,0.0,0.0,0.0,0.0,0.0,0.0,0.0,0.0,0.0,0.0,0.0,0.0,0.0,0.0,0.0,0.0,0.0,0.0,0.0,0.0,0.0,0.0,0.0,0.0,0.0,0.0,0.0,0.0,0.0,0.0,0.0,0.0,0.0,0.0,0.0,0.0,0.0,0.0,0.0,0.0,0.0,0.0,0.0,0.0,0.0,0.0,0.0,0.0,0.0,0.0,0.0,0.0,0.0,0.0,0.0,0.0,0.0,0.0,0.0,0.0,0.0,0.0,0.0,0.0,0.0,0.0,0.0,0.0,0.0,0.0,0.0,0.0,0.0,0.0,0.0,0.0,0.0,0.0,0.0,0.0,0.0,0.0,0.0,0.0,0.0,0.0,0.0,0.0,0.0,0.0,0.0,0.0,0.0,0.0,0.0,0.0,0.0,0.0,0.0,0.0,0.0,0.0,0.0,0.0,0.0,0.0,0.0,0.0,0.0,0.0,0.0,0.0,0.0,0.0,0.0,0.0,0.0,0.0,0.0,0.0,0.0,0.0,0.0,0.0,0.0,0.0,0.0,0.0,0.0,0.0,0.0,0.0,0.0,0.0,0.0,0.0,0.0,0.0,0.0,0.0,0.0,0.0,0.0,0.0,0.0,0.0,0.0,0.0,0.0,0.0,0.0,0.0,0.0,0.0,0.0,0.0,0.0,0.0,0.0,0.0,0.0,0.0,0.0,0.0,0.0,0.0,0.0,0.0,0.0,0.0,0.0,0.0,0.0,0.0,0.0,0.0,0.0,0.0,0.0,0.0,0.0,0.0,0.0,0.0,0.0,0.0,0.0,0.0,0.0,0.0,0.0,0.0,0.0,0.0,0.0
BWM-VR08,0.0,0.0,0.0,0.0,0.0,0.0,0.0,0.0,0.0,0.0,0.0,0.0,0.0,0.0,0.0,0.0,0.0,0.0,0.0,0.0,0.0,0.0,0.0,0.0,0.0,0.0,0.0,0.0,0.0,0.0,0.0,0.0,0.0,0.0,0.0,0.0,0.0,0.0,0.0,0.0,0.0,0.0,0.0,0.0,0.0,0.0,0.0,0.0,0.0,0.0,0.0,0.0,0.0,0.0,0.0,0.0,0.0,0.0,0.0,0.0,0.0,0.0,0.0,0.0,0.0,0.0,0.0,0.0,0.0,0.0,0.0,0.0,0.0,0.0,0.0,0.0,0.0,0.0,0.0,0.0,0.0,0.0,0.0,0.0,0.0,0.0,0.0,0.0,0.0,0.0,0.0,0.0,0.0,0.0,0.0,0.0,0.0,0.0,0.0,0.0,0.0,0.0,0.0,0.0,0.0,0.0,0.0,0.0,0.0,0.0,0.0,0.0,0.0,0.0,0.0,0.0,0.0,0.0,0.0,0.0,0.0,0.0,0.0,0.0,0.0,0.0,0.0,0.0,0.0,0.0,0.0,0.0,0.0,0.0,0.0,0.0,0.0,0.0,0.0,0.0,0.0,0.0,0.0,0.0,0.0,0.0,0.0,0.0,0.0,0.0,0.0,0.0,0.0,0.0,0.0,0.0,0.0,0.0,0.0,0.0,0.0,0.0,0.0,0.0,0.0,0.0,0.0,0.0,0.0,0.0,0.0,0.0,0.0,0.0,0.0,0.0,0.0,0.0,0.0,0.0,0.0,0.0,0.0,0.0,0.0,0.0,0.0,0.0,0.0,0.0,0.0,0.0,0.0,0.0,0.0,0.0,0.0,0.0,0.0,0.0,0.0,0.0,0.0,0.0,0.0,0.0,0.0,0.0,0.0,0.0,0.0,0.0,0.0,0.0,0.0,0.0,0.0,0.0,0.0,0.0,0.0,0.0,0.0,0.0,0.0,0.0,0.0,0.0,0.0,0.0,0.0,0.0,0.0,0.0
CANR,-0.35832995,-0.869939,-0.5863807,-0.15201807,-0.26200792,0.45654207,0.0,0.082751535,0.089437015,-0.71848196,1.0888013,-0.19510123,-0.33982623,-0.81302226,-0.81295234,-0.37496522,-0.24389383,-0.17364565,-0.768888,1.0070801,-0.15184641,-1.1637312,-0.5513352,-0.08680263,-0.27859858,-0.18450935,3.3741097,-0.33065566,-0.7866753,1.7067652,-0.58611137,3.36508,-0.093473785,-0.3480433,-0.0906435,-0.13718255,-1.3355471,-0.21135515,-0.1395673,2.0137944,-0.13198426,-0.15986913,-0.31444252,0.8529718,-0.5429757,11.358901,-0.3576765,0.8976374,-0.33591494,-0.13704503,-0.14585605,-0.05265626,-0.1339877,5.3106394,-0.11816035,-0.19406362,-0.31205454,-0.3405037,-0.2226708,-0.39106798,-1.5272453,-0.18495244,-0.22863056,-0.40643117,-0.12986466,11.380271,0.2753883,-0.5740968,-0.15040447,-0.30798522,-0.25047094,11.352814,0.6525313,1.7012819,-0.14960085,-0.89818215,-0.26943034,-0.17874964,0.1684431,0.58004344,-0.064293124,-0.17515369,1.3456249,-0.4343265,-0.098654866,-0.13816561,-0.13690129,-0.586072,-0.5635813,8.3301115,-0.2869903,-0.1939915,-0.18172354,-0.30797932,0.37969857,-0.43420509,-0.32314527,-0.19446401,-0.27736002,-0.49772674,-0.105033055,-0.24792565,-0.1288605,-0.23063748,-0.19361831,-0.47138837,7.983255,-0.24541868,-0.4027583,-1.1677269,-0.22873205,0.79121625,-0.13736127,-0.35767424,-0.28043106,-0.46734852,0.7555238,-0.14741516,-0.3467398,-0.7573313,-0.7067127,-0.7691926,-0.30758005,-0.47450763,-0.14735171,11.400773,-0.26323864,-0.2144742,11.30565,0.9191957,-0.16334516,-0.29276884,-0.19013914,-0.16113873,-0.7444685,-0.4266542,-0.1532346,-0.158523,-0.33822048,-0.2770682,-0.8714344,0.6997565,-0.38445392,-0.40713596,-0.49498668,-0.52057976,-0.22517133,-0.29143718,0.9844757,0.109098926,-1.0762075,-0.13189822,0.05651991,-0.12029142,-0.1413686,-0.23478852,-0.4945514,-0.5127564,-0.19496119,-0.12264537,-0.199739,-0.1343601,-0.4476972,-0.09473648,-0.27399164,-0.6567308,-0.11848563,-0.15791109,-0.57155937,-0.22493435,-0.63987994,-0.31410876,-0.57817996,11.370353,-1.4720936,1.3726846,-0.1724405,1.6895365,-0.13466656,-0.106531546,-0.80366606,-0.23586877,-0.19877854,-0.28186613,11.401265,-0.28941283,11.310433,0.624135,-0.10136145,0.1949274,-0.098864086,-0.26658896,-0.5017898,1.4308842,-0.13977395,-0.13577962,-0.67493033,-0.45554045,-0.1724755,-0.17999533,-0.5457173,-0.04182011,-0.46558195,11.386012,-0.30422124,-0.58893025,-0.27432817,-0.22683759,-0.4776637,-0.67852694,-0.41896632,-0.28048322,11.396028,-0.14401945,-0.15899988,-0.45824423,-0.38005945,-0.71650755,11.347283,-0.2047146,-0.3009324,-0.7476733,-0.1425246,-0.11352543,-0.16869569,0.26284823,-0.14228508,-0.1236812,-0.33795354,-0.37839368,-0.2358877,11.399971,-0.27991086,-1.4218079
CEPDL,-0.35832995,-0.12476956,0.95840365,-0.29649162,3.3877995,0.5414983,0.0,-0.107308775,-0.083553724,-0.7043302,0.267919,-0.26662412,-0.27613252,-0.6200719,0.12079789,-1.2882925,-0.13259901,-0.26408654,-0.703002,-0.90778196,-0.15184641,-1.0362875,-0.22701691,-0.6108012,0.6274376,-0.29439822,0.10438984,-0.14510958,0.07461032,-0.6999541,-0.8903523,-0.5615134,-0.28738385,-0.37743017,-0.0902747,-0.13832934,0.36605933,-0.21121359,-0.1395673,-0.48507208,-0.067949854,-0.19550195,-0.3264483,-0.3178132,0.11489594,-0.09819528,-0.3530776,0.20001337,-0.34724262,-0.14254181,-0.14255011,-0.14135249,-0.13706648,-0.58645636,-0.11816035,-0.14724652,-0.3340991,-0.30578646,0.0062177684,-0.2778165,0.8801883,-0.37303814,5.190931,-0.43807516,-0.13792774,-0.10285871,0.09377711,0.75854397,-0.15040447,-0.30873868,4.8069663,-0.105260745,0.20143913,-0.7527517,-0.15158768,0.062988855,-0.25230175,-0.18197845,-0.29473403,-0.17845973,-0.18028031,-0.10740157,-1.1805624,-0.44483757,-0.13361521,-0.13816561,-0.13690129,-0.5160176,-0.58287466,-0.22671841,-0.025376046,-0.1939915,1.5800568,-0.29580078,-0.478499,-0.37619168,-0.38124657,-0.1847891,-0.38808963,0.7835887,-0.11985002,-0.10695539,-0.1288605,-0.24701577,-0.19361831,-0.16672632,-0.24451059,-0.53654575,-0.41411698,-0.9804896,-0.19900924,0.10005692,-0.13736127,-0.48014244,-0.27462107,1.7710637,-0.022965765,-0.37455124,-0.29972604,-0.50547296,0.12236142,-0.2736683,-0.29577926,-0.4933229,-0.14735171,-0.091602236,1.409038,-0.2024205,-0.11552945,-0.6448105,-0.16334516,-0.022199089,-0.2069614,-0.16113873,0.4776991,-0.42039278,-0.1532346,-0.16589922,-0.05634091,-0.2834826,0.75737846,-1.0791008,-0.23194543,-0.39360616,-0.36289227,-0.19029494,-0.22517133,-0.31185797,0.37368014,0.096498586,-0.97825396,-0.13835765,-0.96159726,-0.08913631,-0.1413686,-0.22222498,-0.50717044,-0.39140493,-0.19979209,-0.12944376,-0.26682538,-0.1343601,-0.47487187,-0.09473648,-0.28899387,-0.39504072,-0.09496421,-0.15791109,-0.13658842,-0.4388559,0.38089135,-0.23841433,2.5999873,-0.1445895,-0.8135288,-0.05480402,-0.21103282,-0.1714872,-0.09545998,-0.1304992,0.12884428,-0.24454184,-0.008898714,-0.26557788,-0.09171743,0.25340793,-0.104902744,0.4294632,-0.10136145,-0.18033062,-0.121062614,-0.22422622,0.2900664,-0.002342031,-0.13977395,-0.032628592,-0.8816635,-0.5069808,-0.1521794,-0.3761149,-0.52069724,-0.18084498,0.59609854,-0.09827855,-0.25579742,-0.547406,-0.31132117,-0.22683759,0.16623387,0.15900576,-0.29542786,-0.27045915,-0.10572313,-0.14401945,-0.14864354,-0.46670645,-0.26436794,0.8449108,-0.10819188,-0.2047146,-0.32354373,0.90794146,-0.15152095,-0.37356868,-0.17967562,-0.66979104,-0.1513935,-0.11909216,-0.1924266,-0.28905523,-0.2358877,-0.09320213,-0.08582831,-0.9573298
CEPDR,-0.35832995,-0.12476956,0.95840365,-0.29649162,3.3877995,0.5414983,0.0,-0.107308775,-0.083553724,-0.7043302,0.267919,-0.26662412,-0.27613252,-0.6200719,0.12079789,-1.2882925,-0.13259901,-0.26408654,-0.703002,-0.90778196,-0.15184641,-1.0362875,-0.22701691,-0.6108012,0.6274376,-0.29439822,0.10438984,-0.14510958,0.07461032,-0.6999541,-0.8903523,-0.5615134,-0.28738385,-0.37743017,-0.0902747,-0.13832934,0.36605933,-0.21121359,-0.1395673,-0.48507208,-0.067949854,-0.19550195,-0.3264483,-0.3178132,0.11489594,-0.09819528,-0.3530776,0.20001337,-0.34724262,-0.14254181,-0.14255011,-0.14135249,-0.13706648,-0.58645636,-0.11816035,-0.14724652,-0.3340991,-0.30578646,0.0062177684,-0.2778165,0.8801883,-0.37303814,5.190931,-0.43807516,-0.13792774,-0.10285871,0.09377711,0.75854397,-0.15040447,-0.30873868,4.8069663,-0.105260745,0.20143913,-0.7527517,-0.15158768,0.062988855,-0.25230175,-0.18197845,-0.29473403,-0.17845973,-0.18028031,-0.10740157,-1.1805624,-0.44483757,-0.13361521,-0.13816561,-0.13690129,-0.5160176,-0.58287466,-0.22671841,-0.025376046,-0.1939915,1.5800568,-0.29580078,-0.478499,-0.37619168,-0.38124657,-0.1847891,-0.38808963,0.7835887,-0.11985002,-0.10695539,-0.1288605,-0.24701577,-0.19361831,-0.16672632,-0.24451059,-0.53654575,-0.41411698,-0.9804896,-0.19900924,0.10005692,-0.13736127,-0.48014244,-0.27462107,1.7710637,-0.022965765,-0.37455124,-0.29972604,-0.50547296,0.12236142,-0.2736683,-0.29577926,-0.4933229,-0.14735171,-0.091602236,1.409038,-0.2024205,-0.11552945,-0.6448105,-0.16334516,-0.022199089,-0.2069614,-0.16113873,0.4776991,-0.42039278,-0.1532346,-0.16589922,-0.05634091,-0.2834826,0.75737846,-1.0791008,-0.23194543,-0.39360616,-0.36289227,-0.19029494,-0.22517133,-0.31185797,0.37368014,0.096498586,-0.97825396,-0.13835765,-0.96159726,-0.08913631,-0.1413686,-0.22222498,-0.50717044,-0.39140493,-0.19979209,-0.12944376,-0.26682538,-0.1343601,-0.47487187,-0.09473648,-0.28899387,-0.39504072,-0.09496421,-0.15791109,-0.13658842,-0.4388559,0.38089135,-0.23841433,2.5999873,-0.1445895,-0.8135288,-0.05480402,-0.21103282,-0.1714872,-0.09545998,-0.1304992,0.12884428,-0.24454184,-0.008898714,-0.26557788,-0.09171743,0.25340793,-0.104902744,0.4294632,-0.10136145,-0.18033062,-0.121062614,-0.22422622,0.2900664,-0.002342031,-0.13977395,-0.032628592,-0.8816635,-0.5069808,-0.1521794,-0.3761149,-0.52069724,-0.18084498,0.59609854,-0.09827855,-0.25579742,-0.547406,-0.31132117,-0.22683759,0.16623387,0.15900576,-0.29542786,-0.27045915,-0.10572313,-0.14401945,-0.14864354,-0.46670645,-0.26436794,0.8449108,-0.10819188,-0.2047146,-0.32354373,0.90794146,-0.15152095,-0.37356868,-0.17967562,-0.66979104,-0.1513935,-0.11909216,-0.1924266,-0.28905523,-0.2358877,-0.09320213,-0.08582831,-0.9573298
CEPVL,-0.35832995,-0.12476956,0.95840365,-0.29649162,3.3877995,0.5414983,0.0,-0.107308775,-0.083553724,-0.7043302,0.267919,-0.26662412,-0.27613252,-0.6200719,0.12079789,-1.2882925,-0.13259901,-0.26408654,-0.703002,-0.90778196,-0.15184641,-1.0362875,-0.22701691,-0.6108012,0.6274376,-0.29439822,0.10438984,-0.14510958,0.07461032,-0.6999541,-0.8903523,-0.5615134,-0.28738385,-0.37743017,-0.0902747,-0.13832934,0.36605933,-0.21121359,-0.1395673,-0.48507208,-0.067949854,-0.19550195,-0.3264483,-0.3178132,0.11489594,-0.09819528,-0.3530776,0.20001337,-0.34724262,-0.14254181,-0.14255011,-0.14135249,-0.13706648,-0.58645636,-0.11816035,-0.14724652,-0.3340991,-0.30578646,0.0062177684,-0.2778165,0.8801883,-0.37303814,5.190931,-0.43807516,-0.13792774,-0.10285871,0.09377711,0.75854397,-0.15040447,-0.30873868,4.8069663,-0.105260745,0.20143913,-0.7527517,-0.15158768,0.062988855,-0.25230175,-0.18197845,-0.29473403,-0.17845973,-0.18028031,-0.10740157,-1.1805624,-0.44483757,-0.13361521,-0.13816561,-0.13690129,-0.5160176,-0.58287466,-0.22671841,-0.025376046,-0.1939915,1.5800568,-0.29580078,-0.478499,-0.37619168,-0.38124657,-0.1847891,-0.38808963,0.7835887,-0.11985002,-0.10695539,-0.1288605,-0.24701577,-0.19361831,-0.16672632,-0.24451059,-0.53654575,-0.41411698,-0.9804896,-0.19900924,0.10005692,-0.13736127,-0.48014244,-0.27462107,1.7710637,-0.022965765,-0.37455124,-0.29972604,-0.50547296,0.12236142,-0.2736683,-0.29577926,-0.4933229,-0.14735171,-0.091602236,1.409038,-0.2024205,-0.11552945,-0.6448105,-0.16334516,-0.022199089,-0.2069614,-0.16113873,0.4776991,-0.42039278,-0.1532346,-0.16589922,-0.05634091,-0.2834826,0.75737846,-1.0791008,-0.23194543,-0.39360616,-0.36289227,-0.19029494,-0.22517133,-0.31185797,0.37368014,0.096498586,-0.97825396,-0.13835765,-0.96159726,-0.08913631,-0.1413686,-0.22222498,-0.50717044,-0.39140493,-0.19979209,-0.12944376,-0.26682538,-0.1343601,-0.47487187,-0.09473648,-0.28899387,-0.39504072,-0.09496421,-0.15791109,-0.13658842,-0.4388559,0.38089135,-0.23841433,2.5999873,-0.1445895,-0.8135288,-0.05480402,-0.21103282,-0.1714872,-0.09545998,-0.1304992,0.12884428,-0.24454184,-0.008898714,-0.26557788,-0.09171743,0.25340793,-0.104902744,0.4294632,-0.10136145,-0.18033062,-0.121062614,-0.22422622,0.2900664,-0.002342031,-0.13977395,-0.032628592,-0.8816635,-0.5069808,-0.1521794,-0.3761149,-0.52069724,-0.18084498,0.59609854,-0.09827855,-0.25579742,-0.547406,-0.31132117,-0.22683759,0.16623387,0.15900576,-0.29542786,-0.27045915,-0.10572313,-0.14401945,-0.14864354,-0.46670645,-0.26436794,0.8449108,-0.10819188,-0.2047146,-0.32354373,0.90794146,-0.15152095,-0.37356868,-0.17967562,-0.66979104,-0.1513935,-0.11909216,-0.1924266,-0.28905523,-0.2358877,-0.09320213,-0.08582831,-0.9573298
CEPVR,-0.35832995,-0.12476956,0.95840365,-0.29649162,3.3877995,0.5414983,0.0,-0.107308775,-0.083553724,-0.7043302,0.267919,-0.26662412,-0.27613252,-0.6200719,0.12079789,-1.2882925,-0.13259901,-0.26408654,-0.703002,-0.90778196,-0.15184641,-1.0362875,-0.22701691,-0.6108012,0.6274376,-0.29439822,0.10438984,-0.14510958,0.07461032,-0.6999541,-0.8903523,-0.5615134,-0.28738385,-0.37743017,-0.0902747,-0.13832934,0.36605933,-0.21121359,-0.1395673,-0.48507208,-0.067949854,-0.19550195,-0.3264483,-0.3178132,0.11489594,-0.09819528,-0.3530776,0.20001337,-0.34724262,-0.14254181,-0.14255011,-0.14135249,-0.13706648,-0.58645636,-0.11816035,-0.14724652,-0.3340991,-0.30578646,0.0062177684,-0.2778165,0.8801883,-0.37303814,5.190931,-0.43807516,-0.13792774,-0.10285871,0.09377711,0.75854397,-0.15040447,-0.30873868,4.8069663,-0.105260745,0.20143913,-0.7527517,-0.15158768,0.062988855,-0.25230175,-0.18197845,-0.29473403,-0.17845973,-0.18028031,-0.10740157,-1.1805624,-0.44483757,-0.13361521,-0.13816561,-0.13690129,-0.5160176,-0.58287466,-0.22671841,-0.025376046,-0.1939915,1.5800568,-0.29580078,-0.478499,-0.37619168,-0.38124657,-0.1847891,-0.38808963,0.7835887,-0.11985002,-0.10695539,-0.1288605,-0.24701577,-0.19361831,-0.16672632,-0.24451059,-0.53654575,-0.41411698,-0.9804896,-0.19900924,0.10005692,-0.13736127,-0.48014244,-0.27462107,1.7710637,-0.022965765,-0.37455124,-0.29972604,-0.50547296,0.12236142,-0.2736683,-0.29577926,-0.4933229,-0.14735171,-0.091602236,1.409038,-0.2024205,-0.11552945,-0.6448105,-0.16334516,-0.022199089,-0.2069614,-0.16113873,0.4776991,-0.42039278,-0.1532346,-0.16589922,-0.05634091,-0.2834826,0.75737846,-1.0791008,-0.23194543,-0.39360616,-0.36289227,-0.19029494,-0.22517133,-0.31185797,0.37368014,0.096498586,-0.97825396,-0.13835765,-0.96159726,-0.08913631,-0.1413686,-0.22222498,-0.50717044,-0.39140493,-0.19979209,-0.12944376,-0.26682538,-0.1343601,-0.47487187,-0.09473648,-0.28899387,-0.39504072,-0.09496421,-0.15791109,-0.13658842,-0.4388559,0.38089135,-0.23841433,2.5999873,-0.1445895,-0.8135288,-0.05480402,-0.21103282,-0.1714872,-0.09545998,-0.1304992,0.12884428,-0.24454184,-0.008898714,-0.26557788,-0.09171743,0.25340793,-0.104902744,0.4294632,-0.10136145,-0.18033062,-0.121062614,-0.22422622,0.2900664,-0.002342031,-0.13977395,-0.032628592,-0.8816635,-0.5069808,-0.1521794,-0.3761149,-0.52069724,-0.18084498,0.59609854,-0.09827855,-0.25579742,-0.547406,-0.31132117,-0.22683759,0.16623387,0.15900576,-0.29542786,-0.27045915,-0.10572313,-0.14401945,-0.14864354,-0.46670645,-0.26436794,0.8449108,-0.10819188,-0.2047146,-0.32354373,0.90794146,-0.15152095,-0.37356868,-0.17967562,-0.66979104,-0.1513935,-0.11909216,-0.1924266,-0.28905523,-0.2358877,-0.09320213,-0.08582831,-0.9573298
CEPshDL,0.0,0.0,0.0,0.0,0.0,0.0,0.0,0.0,0.0,0.0,0.0,0.0,0.0,0.0,0.0,0.0,0.0,0.0,0.0,0.0,0.0,0.0,0.0,0.0,0.0,0.0,0.0,0.0,0.0,0.0,0.0,0.0,0.0,0.0,0.0,0.0,0.0,0.0,0.0,0.0,0.0,0.0,0.0,0.0,0.0,0.0,0.0,0.0,0.0,0.0,0.0,0.0,0.0,0.0,0.0,0.0,0.0,0.0,0.0,0.0,0.0,0.0,0.0,0.0,0.0,0.0,0.0,0.0,0.0,0.0,0.0,0.0,0.0,0.0,0.0,0.0,0.0,0.0,0.0,0.0,0.0,0.0,0.0,0.0,0.0,0.0,0.0,0.0,0.0,0.0,0.0,0.0,0.0,0.0,0.0,0.0,0.0,0.0,0.0,0.0,0.0,0.0,0.0,0.0,0.0,0.0,0.0,0.0,0.0,0.0,0.0,0.0,0.0,0.0,0.0,0.0,0.0,0.0,0.0,0.0,0.0,0.0,0.0,0.0,0.0,0.0,0.0,0.0,0.0,0.0,0.0,0.0,0.0,0.0,0.0,0.0,0.0,0.0,0.0,0.0,0.0,0.0,0.0,0.0,0.0,0.0,0.0,0.0,0.0,0.0,0.0,0.0,0.0,0.0,0.0,0.0,0.0,0.0,0.0,0.0,0.0,0.0,0.0,0.0,0.0,0.0,0.0,0.0,0.0,0.0,0.0,0.0,0.0,0.0,0.0,0.0,0.0,0.0,0.0,0.0,0.0,0.0,0.0,0.0,0.0,0.0,0.0,0.0,0.0,0.0,0.0,0.0,0.0,0.0,0.0,0.0,0.0,0.0,0.0,0.0,0.0,0.0,0.0,0.0,0.0,0.0,0.0,0.0,0.0,0.0,0.0,0.0,0.0,0.0,0.0,0.0,0.0,0.0,0.0,0.0,0.0,0.0,0.0,0.0,0.0,0.0,0.0,0.0,0.0,0.0,0.0,0.0,0.0,0.0
CEPshDR,0.0,0.0,0.0,0.0,0.0,0.0,0.0,0.0,0.0,0.0,0.0,0.0,0.0,0.0,0.0,0.0,0.0,0.0,0.0,0.0,0.0,0.0,0.0,0.0,0.0,0.0,0.0,0.0,0.0,0.0,0.0,0.0,0.0,0.0,0.0,0.0,0.0,0.0,0.0,0.0,0.0,0.0,0.0,0.0,0.0,0.0,0.0,0.0,0.0,0.0,0.0,0.0,0.0,0.0,0.0,0.0,0.0,0.0,0.0,0.0,0.0,0.0,0.0,0.0,0.0,0.0,0.0,0.0,0.0,0.0,0.0,0.0,0.0,0.0,0.0,0.0,0.0,0.0,0.0,0.0,0.0,0.0,0.0,0.0,0.0,0.0,0.0,0.0,0.0,0.0,0.0,0.0,0.0,0.0,0.0,0.0,0.0,0.0,0.0,0.0,0.0,0.0,0.0,0.0,0.0,0.0,0.0,0.0,0.0,0.0,0.0,0.0,0.0,0.0,0.0,0.0,0.0,0.0,0.0,0.0,0.0,0.0,0.0,0.0,0.0,0.0,0.0,0.0,0.0,0.0,0.0,0.0,0.0,0.0,0.0,0.0,0.0,0.0,0.0,0.0,0.0,0.0,0.0,0.0,0.0,0.0,0.0,0.0,0.0,0.0,0.0,0.0,0.0,0.0,0.0,0.0,0.0,0.0,0.0,0.0,0.0,0.0,0.0,0.0,0.0,0.0,0.0,0.0,0.0,0.0,0.0,0.0,0.0,0.0,0.0,0.0,0.0,0.0,0.0,0.0,0.0,0.0,0.0,0.0,0.0,0.0,0.0,0.0,0.0,0.0,0.0,0.0,0.0,0.0,0.0,0.0,0.0,0.0,0.0,0.0,0.0,0.0,0.0,0.0,0.0,0.0,0.0,0.0,0.0,0.0,0.0,0.0,0.0,0.0,0.0,0.0,0.0,0.0,0.0,0.0,0.0,0.0,0.0,0.0,0.0,0.0,0.0,0.0,0.0,0.0,0.0,0.0,0.0,0.0
CEPshVL,0.0,0.0,0.0,0.0,0.0,0.0,0.0,0.0,0.0,0.0,0.0,0.0,0.0,0.0,0.0,0.0,0.0,0.0,0.0,0.0,0.0,0.0,0.0,0.0,0.0,0.0,0.0,0.0,0.0,0.0,0.0,0.0,0.0,0.0,0.0,0.0,0.0,0.0,0.0,0.0,0.0,0.0,0.0,0.0,0.0,0.0,0.0,0.0,0.0,0.0,0.0,0.0,0.0,0.0,0.0,0.0,0.0,0.0,0.0,0.0,0.0,0.0,0.0,0.0,0.0,0.0,0.0,0.0,0.0,0.0,0.0,0.0,0.0,0.0,0.0,0.0,0.0,0.0,0.0,0.0,0.0,0.0,0.0,0.0,0.0,0.0,0.0,0.0,0.0,0.0,0.0,0.0,0.0,0.0,0.0,0.0,0.0,0.0,0.0,0.0,0.0,0.0,0.0,0.0,0.0,0.0,0.0,0.0,0.0,0.0,0.0,0.0,0.0,0.0,0.0,0.0,0.0,0.0,0.0,0.0,0.0,0.0,0.0,0.0,0.0,0.0,0.0,0.0,0.0,0.0,0.0,0.0,0.0,0.0,0.0,0.0,0.0,0.0,0.0,0.0,0.0,0.0,0.0,0.0,0.0,0.0,0.0,0.0,0.0,0.0,0.0,0.0,0.0,0.0,0.0,0.0,0.0,0.0,0.0,0.0,0.0,0.0,0.0,0.0,0.0,0.0,0.0,0.0,0.0,0.0,0.0,0.0,0.0,0.0,0.0,0.0,0.0,0.0,0.0,0.0,0.0,0.0,0.0,0.0,0.0,0.0,0.0,0.0,0.0,0.0,0.0,0.0,0.0,0.0,0.0,0.0,0.0,0.0,0.0,0.0,0.0,0.0,0.0,0.0,0.0,0.0,0.0,0.0,0.0,0.0,0.0,0.0,0.0,0.0,0.0,0.0,0.0,0.0,0.0,0.0,0.0,0.0,0.0,0.0,0.0,0.0,0.0,0.0,0.0,0.0,0.0,0.0,0.0,0.0
CEPshVR,0.0,0.0,0.0,0.0,0.0,0.0,0.0,0.0,0.0,0.0,0.0,0.0,0.0,0.0,0.0,0.0,0.0,0.0,0.0,0.0,0.0,0.0,0.0,0.0,0.0,0.0,0.0,0.0,0.0,0.0,0.0,0.0,0.0,0.0,0.0,0.0,0.0,0.0,0.0,0.0,0.0,0.0,0.0,0.0,0.0,0.0,0.0,0.0,0.0,0.0,0.0,0.0,0.0,0.0,0.0,0.0,0.0,0.0,0.0,0.0,0.0,0.0,0.0,0.0,0.0,0.0,0.0,0.0,0.0,0.0,0.0,0.0,0.0,0.0,0.0,0.0,0.0,0.0,0.0,0.0,0.0,0.0,0.0,0.0,0.0,0.0,0.0,0.0,0.0,0.0,0.0,0.0,0.0,0.0,0.0,0.0,0.0,0.0,0.0,0.0,0.0,0.0,0.0,0.0,0.0,0.0,0.0,0.0,0.0,0.0,0.0,0.0,0.0,0.0,0.0,0.0,0.0,0.0,0.0,0.0,0.0,0.0,0.0,0.0,0.0,0.0,0.0,0.0,0.0,0.0,0.0,0.0,0.0,0.0,0.0,0.0,0.0,0.0,0.0,0.0,0.0,0.0,0.0,0.0,0.0,0.0,0.0,0.0,0.0,0.0,0.0,0.0,0.0,0.0,0.0,0.0,0.0,0.0,0.0,0.0,0.0,0.0,0.0,0.0,0.0,0.0,0.0,0.0,0.0,0.0,0.0,0.0,0.0,0.0,0.0,0.0,0.0,0.0,0.0,0.0,0.0,0.0,0.0,0.0,0.0,0.0,0.0,0.0,0.0,0.0,0.0,0.0,0.0,0.0,0.0,0.0,0.0,0.0,0.0,0.0,0.0,0.0,0.0,0.0,0.0,0.0,0.0,0.0,0.0,0.0,0.0,0.0,0.0,0.0,0.0,0.0,0.0,0.0,0.0,0.0,0.0,0.0,0.0,0.0,0.0,0.0,0.0,0.0,0.0,0.0,0.0,0.0,0.0,0.0
DVA,-0.35832995,-0.66069305,0.5876553,0.5334615,-0.29987177,-0.48059717,0.0,-0.8491572,-0.41478348,-0.57712585,-0.8607938,-0.5457942,-0.086709045,-0.22645307,-0.41457886,0.4799093,-0.6505479,-0.26408654,-0.5850572,-0.90778196,-0.15184641,2.4924068,-0.6998183,-0.46161574,-0.14153375,10.874706,-0.4782385,0.3039115,0.364273,2.9785264,2.7909646,0.26618987,-0.703889,0.26680002,-0.091266364,-0.13000366,-1.3465716,-0.046279617,-0.1395673,-0.251108,-0.13471934,-0.1338636,-0.3341794,-0.3223885,-0.5605189,-0.09542861,-0.36177242,1.5102834,-0.34724262,-0.14254181,-0.11806699,-0.13769674,-0.13706648,-0.46548793,11.255985,-0.19434267,-0.34259698,-0.35365865,0.14152706,-0.118110575,0.108682334,1.0449516,-0.26026434,0.50136167,-0.010868527,-0.10285871,1.3269439,-0.59187335,-0.15040447,-0.20663176,-0.2528605,-0.105260745,0.1540507,-0.6195162,-0.15639584,0.16255027,-0.27262098,-0.18197845,0.21045542,-0.17845973,-0.16326885,-0.091786325,-0.030614775,-0.41092187,11.348362,0.37901878,-0.13690129,1.7159436,-0.57818764,-0.22671841,-0.2869903,-0.1939915,0.1953441,-0.30797932,1.9896417,-0.4223699,-0.3611601,-0.19446401,-0.14743403,-0.4836392,0.19273597,-0.25302258,-0.1288605,-0.20923242,-0.19361831,-0.43975595,-0.4492307,-0.18891557,-0.3866289,1.2607281,-0.20614272,0.94108474,-0.13736127,-0.5243773,-0.29024357,-0.51097375,0.6347829,-0.4384663,-0.48311263,0.13970014,-0.6585164,-0.87421924,-0.26068398,1.6553013,-0.005819734,-0.091602236,-0.041104574,-0.19328293,-0.11552945,-0.07443157,-0.1308299,-0.3140027,-0.2069614,-0.16113873,-0.78865725,-0.42991722,-0.1532346,-0.16589922,1.1560233,-0.2834826,1.1868813,0.13995416,-0.4022857,-0.2890833,-0.48238632,-0.51227677,-0.22517133,-0.31185797,0.6278285,-0.2575403,1.240512,-0.13835765,-0.11795019,-0.045574546,-0.1413686,-0.23478852,-0.2195208,-0.519459,-0.19979209,-0.12944376,-0.288588,0.031217117,-0.40910918,-0.09473648,-0.28899387,-0.578213,-0.1394344,-0.15791109,-0.053517293,0.6274009,-0.62877274,-0.25996497,-0.020266185,-0.09599987,-0.36177927,-0.17116451,-0.04743328,-0.048018925,-0.14196976,0.060345184,-0.3982425,-0.24454184,-0.19877854,-0.28932342,-0.09171743,-0.18781734,-0.104902744,-0.6491772,-0.049022585,-0.18033062,11.321392,-0.27448004,-0.4357504,-0.3114508,-0.13977395,-0.15972914,0.94874,-0.17179333,-0.5030151,-0.32847074,-0.028740264,-0.18084498,-0.4899442,-0.09827855,-0.2796865,-0.14991798,-0.31132117,-0.22683759,-0.26952344,-0.6715668,-0.5796133,-0.05159525,-0.10572313,-0.14401945,-0.17649053,-0.46670645,-0.39668053,-0.7886509,-0.10819188,-0.2047146,-0.28706414,-0.78307754,-0.15152095,-0.37356868,7.9511876,0.33555877,-0.1513935,-0.19841684,-0.33795354,2.9185247,-0.2358877,-0.09320213,-0.29063052,0.8046018
DVC,-0.35832995,-1.076197,-0.5863807,0.45311883,-0.45785543,-0.5987705,0.0,-0.8491572,-0.17826799,-0.9489539,-0.5454182,-0.5457942,-0.36898717,-0.5973718,-0.96442515,-0.3131812,-0.6505479,-0.26408654,-0.51670575,-0.90778196,-0.15184641,-0.17822145,-0.43560576,-0.5770489,-0.35058638,0.87882704,2.8832216,-0.8879758,-1.0057594,0.20163427,2.0871832,-0.5137797,-0.2383832,4.6056347,-0.08904969,-0.13628873,-0.23264857,5.480577,-0.13693114,0.18170224,-0.13471934,-0.19092394,-0.32846543,-0.14341353,-0.54363716,-0.091622874,-0.35691354,-1.1590606,-0.33380488,-0.14254181,-0.14736962,-0.13828044,-0.13706648,-0.4367051,0.31137684,-0.16554137,-0.2969556,-0.3335946,-0.041951302,0.021366898,-0.22584245,0.14235993,-0.25364205,-0.43697914,-0.10723066,-0.10285871,-1.3385204,-0.5828357,-0.15040447,-0.25350225,-0.2528605,-0.105260745,-0.33954707,2.5055163,-0.17162165,-0.28944036,-0.27262098,-0.18197845,-0.20186834,-0.17845973,-0.15526347,-0.16353482,0.93665296,-0.44483757,0.48847333,-0.036756903,-0.13690129,0.2982789,-0.54151857,-0.17207919,-0.2869903,-0.18444254,-0.21821624,-0.29436803,-0.21802717,-0.4425397,-0.35170767,-0.16202465,-0.56146353,-0.5132644,-0.09972369,-0.25302258,-0.1288605,-0.24483679,-0.19361831,-0.49004292,0.20756514,-0.15961155,-0.41411698,1.8414174,-0.17890264,-0.9117959,-0.13736127,-0.12886591,-0.29024357,-0.53402466,-0.9733657,0.0794337,-0.46117693,1.5356833,-0.62392366,-0.81948584,3.5902019,0.19277598,-0.14735171,-0.091602236,-0.2771743,-0.20035318,-0.11552945,-0.83872503,-0.16334516,0.067812085,-0.1670498,-0.16113873,-0.7296848,-0.48023877,-0.1532346,-0.16589922,-0.036961652,-0.23782696,1.3482512,0.12628184,-0.3811323,-0.1750785,-0.466789,1.2954763,-0.22517133,-0.31185797,-0.76284784,-0.5045145,2.462107,-0.13835765,0.71377486,-0.17290895,-0.1413686,-0.23478852,0.15922199,-0.49560577,-0.19979209,-0.12944376,-0.21561924,-0.1343601,-0.47487187,-0.09473648,-0.18221357,-0.5316412,-0.1394344,-0.15791109,0.43059912,0.5721875,-0.62218463,-0.3282087,-0.025004815,-0.073134154,-0.050822977,0.2704911,-0.24323747,1.8958496,-0.14196976,-0.19791107,-0.7957054,-0.24454184,-0.19877854,-0.2627843,-0.09171743,-0.29692727,-0.104902744,-0.45143056,11.367009,0.7656326,0.86644566,-0.27448004,-0.5418896,-0.82370454,-0.13977395,-0.15972914,-0.18838224,-0.5483811,-0.4750072,-0.43360412,-0.54156643,-0.12263734,-0.4610439,-0.09827855,-0.30422124,0.40165275,-0.2784083,-0.22683759,-1.2244451,-0.7116707,-0.5160895,-0.26728812,-0.063305825,-0.14401945,-0.17649053,-0.43659088,-0.18965025,-0.73159635,-0.10819188,-0.2047146,-0.29672047,-0.59408134,-0.15152095,-0.15763079,0.21108103,0.25567195,-0.11897825,-0.15408835,-0.33795354,0.9871352,-0.2358877,-0.09320213,-0.2524811,1.2683896
FLPL,-0.35832995,-0.5558534,-0.5863807,-0.016417382,-0.45785543,-0.92702967,0.0,-0.8491572,-1.4636774,-0.2849751,-0.8607938,-0.5457942,0.13508096,1.281868,-0.96442515,-1.2882925,-0.6505479,-0.26408654,-1.2490426,-0.90778196,-0.15184641,2.0399084,-0.6998183,-0.89769644,-0.9312882,-0.29439822,2.1289673,0.16328415,-0.5700837,-0.6999541,-0.23297434,-0.96725035,-0.703889,0.13054362,-0.091266364,-0.13337359,0.831397,-0.21366067,-0.1395673,-0.41281715,-0.08744157,3.5130286,-0.33891782,-0.3223885,-0.565467,-0.1035158,-0.36177242,1.1312813,-0.34724262,-0.14254181,-0.14736962,-0.16746502,-0.13706648,-0.680963,-0.07725204,-0.20278443,-0.36950693,-0.35365865,0.28335392,-0.22049205,-1.3501568,1.1067623,-0.26026434,-0.3462449,1.5410693,-0.10285871,0.5729371,-0.59187335,-0.15040447,-0.34520543,-0.2528605,-0.105260745,-0.3551475,1.014182,-0.117243744,1.0258765,-0.27262098,6.850386,-0.29473403,-0.17845973,-0.18028031,-0.17969438,0.6961718,-0.44483757,-0.13361521,-0.13816561,-0.13690129,-0.6013932,-0.49402723,-0.22671841,-0.2869903,-0.1939915,-0.10282551,-0.30797932,-1.1901454,-0.4425397,-0.38124657,-0.19446401,-0.4556896,-0.54175025,-0.16090772,-0.25302258,-0.1288605,-0.1649931,-0.19361831,-0.5063699,-0.35572004,-0.28952998,-0.41411698,-0.7893474,-0.22873205,4.9936786,-0.13736127,-0.26423442,-0.29024357,-0.45170003,1.8496563,-0.35172445,-0.44648787,-0.78176117,-0.7320259,1.3050333,-0.31298283,-0.4367603,-0.14735171,-0.091602236,-0.2771743,-0.21999276,-0.11552945,-0.6612385,-0.16334516,-0.44922873,-0.2069614,-0.16113873,-0.78865725,4.171739,-0.1532346,-0.16589922,-0.4051669,-0.2834826,1.4996073,1.1517564,-0.4022857,-0.45657176,1.7335497,-0.00482149,-0.22517133,-0.31185797,-0.86467123,-0.653104,-1.1506523,-0.13835765,-0.046629015,-0.05921751,-0.1413686,-0.23478852,-0.5564255,-0.519459,-0.19979209,-0.12944376,-0.288588,-0.1343601,-0.47487187,-0.09473648,-0.28899387,-0.6771781,-0.1394344,0.18280026,2.1690595,1.0240864,-0.69277143,-0.3282087,0.8313466,-0.1445895,-0.88277316,-0.08360599,-0.06841229,-0.19579199,-0.14196976,2.9500074,-0.84640217,-0.24454184,-0.19877854,-0.28932342,-0.09171743,-0.29692727,-0.104902744,-0.111074924,-0.10136145,-0.18033062,-0.121062614,-0.27448004,0.5953164,0.46969447,-0.13977395,-0.15972914,0.08044099,1.3373675,0.17717645,-0.46773836,-0.5680008,-0.18084498,-0.4899442,-0.09827855,-0.30422124,-0.65906,-0.31132117,-0.22683759,-1.0559727,-0.7116707,-0.5796133,-0.2974128,-0.10572313,-0.14401945,7.684314,-0.46670645,-0.39668053,-0.7886509,-0.10819188,-0.2047146,-0.32354373,-0.63008064,-0.15152095,-0.37356868,-0.17967562,-0.15368631,-0.1513935,-0.19841684,-0.33795354,-0.40205124,-0.2358877,-0.09320213,-0.29063052,-1.1491777
FLPR,-0.35832995,-0.5558534,-0.5863807,-0.016417382,-0.45785543,-0.92702967,0.0,-0.8491572,-1.4636774,-0.2849751,-0.8607938,-0.5457942,0.13508096,1.281868,-0.96442515,-1.2882925,-0.6505479,-0.26408654,-1.2490426,-0.90778196,-0.15184641,2.0399084,-0.6998183,-0.89769644,-0.9312882,-0.29439822,2.1289673,0.16328415,-0.5700837,-0.6999541,-0.23297434,-0.96725035,-0.703889,0.13054362,-0.091266364,-0.13337359,0.831397,-0.21366067,-0.1395673,-0.41281715,-0.08744157,3.5130286,-0.33891782,-0.3223885,-0.565467,-0.1035158,-0.36177242,1.1312813,-0.34724262,-0.14254181,-0.14736962,-0.16746502,-0.13706648,-0.680963,-0.07725204,-0.20278443,-0.36950693,-0.35365865,0.28335392,-0.22049205,-1.3501568,1.1067623,-0.26026434,-0.3462449,1.5410693,-0.10285871,0.5729371,-0.59187335,-0.15040447,-0.34520543,-0.2528605,-0.105260745,-0.3551475,1.014182,-0.117243744,1.0258765,-0.27262098,6.850386,-0.29473403,-0.17845973,-0.18028031,-0.17969438,0.6961718,-0.44483757,-0.13361521,-0.13816561,-0.13690129,-0.6013932,-0.49402723,-0.22671841,-0.2869903,-0.1939915,-0.10282551,-0.30797932,-1.1901454,-0.4425397,-0.38124657,-0.19446401,-0.4556896,-0.54175025,-0.16090772,-0.25302258,-0.1288605,-0.1649931,-0.19361831,-0.5063699,-0.35572004,-0.28952998,-0.41411698,-0.7893474,-0.22873205,4.9936786,-0.13736127,-0.26423442,-0.29024357,-0.45170003,1.8496563,-0.35172445,-0.44648787,-0.78176117,-0.7320259,1.3050333,-0.31298283,-0.4367603,-0.14735171,-0.091602236,-0.2771743,-0.21999276,-0.11552945,-0.6612385,-0.16334516,-0.44922873,-0.2069614,-0.16113873,-0.78865725,4.171739,-0.1532346,-0.16589922,-0.4051669,-0.2834826,1.4996073,1.1517564,-0.4022857,-0.45657176,1.7335497,-0.00482149,-0.22517133,-0.31185797,-0.86467123,-0.653104,-1.1506523,-0.13835765,-0.046629015,-0.05921751,-0.1413686,-0.23478852,-0.5564255,-0.519459,-0.19979209,-0.12944376,-0.288588,-0.1343601,-0.47487187,-0.09473648,-0.28899387,-0.6771781,-0.1394344,0.18280026,2.1690595,1.0240864,-0.69277143,-0.3282087,0.8313466,-0.1445895,-0.88277316,-0.08360599,-0.06841229,-0.19579199,-0.14196976,2.9500074,-0.84640217,-0.24454184,-0.19877854,-0.28932342,-0.09171743,-0.29692727,-0.104902744,-0.111074924,-0.10136145,-0.18033062,-0.121062614,-0.27448004,0.5953164,0.46969447,-0.13977395,-0.15972914,0.08044099,1.3373675,0.17717645,-0.46773836,-0.5680008,-0.18084498,-0.4899442,-0.09827855,-0.30422124,-0.65906,-0.31132117,-0.22683759,-1.0559727,-0.7116707,-0.5796133,-0.2974128,-0.10572313,-0.14401945,7.684314,-0.46670645,-0.39668053,-0.7886509,-0.10819188,-0.2047146,-0.32354373,-0.63008064,-0.15152095,-0.37356868,-0.17967562,-0.15368631,-0.1513935,-0.19841684,-0.33795354,-0.40205124,-0.2358877,-0.09320213,-0.29063052,-1.1491777
GLRDL,0.0,0.0,0.0,0.0,0.0,0.0,0.0,0.0,0.0,0.0,0.0,0.0,0.0,0.0,0.0,0.0,0.0,0.0,0.0,0.0,0.0,0.0,0.0,0.0,0.0,0.0,0.0,0.0,0.0,0.0,0.0,0.0,0.0,0.0,0.0,0.0,0.0,0.0,0.0,0.0,0.0,0.0,0.0,0.0,0.0,0.0,0.0,0.0,0.0,0.0,0.0,0.0,0.0,0.0,0.0,0.0,0.0,0.0,0.0,0.0,0.0,0.0,0.0,0.0,0.0,0.0,0.0,0.0,0.0,0.0,0.0,0.0,0.0,0.0,0.0,0.0,0.0,0.0,0.0,0.0,0.0,0.0,0.0,0.0,0.0,0.0,0.0,0.0,0.0,0.0,0.0,0.0,0.0,0.0,0.0,0.0,0.0,0.0,0.0,0.0,0.0,0.0,0.0,0.0,0.0,0.0,0.0,0.0,0.0,0.0,0.0,0.0,0.0,0.0,0.0,0.0,0.0,0.0,0.0,0.0,0.0,0.0,0.0,0.0,0.0,0.0,0.0,0.0,0.0,0.0,0.0,0.0,0.0,0.0,0.0,0.0,0.0,0.0,0.0,0.0,0.0,0.0,0.0,0.0,0.0,0.0,0.0,0.0,0.0,0.0,0.0,0.0,0.0,0.0,0.0,0.0,0.0,0.0,0.0,0.0,0.0,0.0,0.0,0.0,0.0,0.0,0.0,0.0,0.0,0.0,0.0,0.0,0.0,0.0,0.0,0.0,0.0,0.0,0.0,0.0,0.0,0.0,0.0,0.0,0.0,0.0,0.0,0.0,0.0,0.0,0.0,0.0,0.0,0.0,0.0,0.0,0.0,0.0,0.0,0.0,0.0,0.0,0.0,0.0,0.0,0.0,0.0,0.0,0.0,0.0,0.0,0.0,0.0,0.0,0.0,0.0,0.0,0.0,0.0,0.0,0.0,0.0,0.0,0.0,0.0,0.0,0.0,0.0,0.0,0.0,0.0,0.0,0.0,0.0
GLRDR,0.0,0.0,0.0,0.0,0.0,0.0,0.0,0.0,0.0,0.0,0.0,0.0,0.0,0.0,0.0,0.0,0.0,0.0,0.0,0.0,0.0,0.0,0.0,0.0,0.0,0.0,0.0,0.0,0.0,0.0,0.0,0.0,0.0,0.0,0.0,0.0,0.0,0.0,0.0,0.0,0.0,0.0,0.0,0.0,0.0,0.0,0.0,0.0,0.0,0.0,0.0,0.0,0.0,0.0,0.0,0.0,0.0,0.0,0.0,0.0,0.0,0.0,0.0,0.0,0.0,0.0,0.0,0.0,0.0,0.0,0.0,0.0,0.0,0.0,0.0,0.0,0.0,0.0,0.0,0.0,0.0,0.0,0.0,0.0,0.0,0.0,0.0,0.0,0.0,0.0,0.0,0.0,0.0,0.0,0.0,0.0,0.0,0.0,0.0,0.0,0.0,0.0,0.0,0.0,0.0,0.0,0.0,0.0,0.0,0.0,0.0,0.0,0.0,0.0,0.0,0.0,0.0,0.0,0.0,0.0,0.0,0.0,0.0,0.0,0.0,0.0,0.0,0.0,0.0,0.0,0.0,0.0,0.0,0.0,0.0,0.0,0.0,0.0,0.0,0.0,0.0,0.0,0.0,0.0,0.0,0.0,0.0,0.0,0.0,0.0,0.0,0.0,0.0,0.0,0.0,0.0,0.0,0.0,0.0,0.0,0.0,0.0,0.0,0.0,0.0,0.0,0.0,0.0,0.0,0.0,0.0,0.0,0.0,0.0,0.0,0.0,0.0,0.0,0.0,0.0,0.0,0.0,0.0,0.0,0.0,0.0,0.0,0.0,0.0,0.0,0.0,0.0,0.0,0.0,0.0,0.0,0.0,0.0,0.0,0.0,0.0,0.0,0.0,0.0,0.0,0.0,0.0,0.0,0.0,0.0,0.0,0.0,0.0,0.0,0.0,0.0,0.0,0.0,0.0,0.0,0.0,0.0,0.0,0.0,0.0,0.0,0.0,0.0,0.0,0.0,0.0,0.0,0.0,0.0
GLRL,0.0,0.0,0.0,0.0,0.0,0.0,0.0,0.0,0.0,0.0,0.0,0.0,0.0,0.0,0.0,0.0,0.0,0.0,0.0,0.0,0.0,0.0,0.0,0.0,0.0,0.0,0.0,0.0,0.0,0.0,0.0,0.0,0.0,0.0,0.0,0.0,0.0,0.0,0.0,0.0,0.0,0.0,0.0,0.0,0.0,0.0,0.0,0.0,0.0,0.0,0.0,0.0,0.0,0.0,0.0,0.0,0.0,0.0,0.0,0.0,0.0,0.0,0.0,0.0,0.0,0.0,0.0,0.0,0.0,0.0,0.0,0.0,0.0,0.0,0.0,0.0,0.0,0.0,0.0,0.0,0.0,0.0,0.0,0.0,0.0,0.0,0.0,0.0,0.0,0.0,0.0,0.0,0.0,0.0,0.0,0.0,0.0,0.0,0.0,0.0,0.0,0.0,0.0,0.0,0.0,0.0,0.0,0.0,0.0,0.0,0.0,0.0,0.0,0.0,0.0,0.0,0.0,0.0,0.0,0.0,0.0,0.0,0.0,0.0,0.0,0.0,0.0,0.0,0.0,0.0,0.0,0.0,0.0,0.0,0.0,0.0,0.0,0.0,0.0,0.0,0.0,0.0,0.0,0.0,0.0,0.0,0.0,0.0,0.0,0.0,0.0,0.0,0.0,0.0,0.0,0.0,0.0,0.0,0.0,0.0,0.0,0.0,0.0,0.0,0.0,0.0,0.0,0.0,0.0,0.0,0.0,0.0,0.0,0.0,0.0,0.0,0.0,0.0,0.0,0.0,0.0,0.0,0.0,0.0,0.0,0.0,0.0,0.0,0.0,0.0,0.0,0.0,0.0,0.0,0.0,0.0,0.0,0.0,0.0,0.0,0.0,0.0,0.0,0.0,0.0,0.0,0.0,0.0,0.0,0.0,0.0,0.0,0.0,0.0,0.0,0.0,0.0,0.0,0.0,0.0,0.0,0.0,0.0,0.0,0.0,0.0,0.0,0.0,0.0,0.0,0.0,0.0,0.0,0.0
GLRR,0.0,0.0,0.0,0.0,0.0,0.0,0.0,0.0,0.0,0.0,0.0,0.0,0.0,0.0,0.0,0.0,0.0,0.0,0.0,0.0,0.0,0.0,0.0,0.0,0.0,0.0,0.0,0.0,0.0,0.0,0.0,0.0,0.0,0.0,0.0,0.0,0.0,0.0,0.0,0.0,0.0,0.0,0.0,0.0,0.0,0.0,0.0,0.0,0.0,0.0,0.0,0.0,0.0,0.0,0.0,0.0,0.0,0.0,0.0,0.0,0.0,0.0,0.0,0.0,0.0,0.0,0.0,0.0,0.0,0.0,0.0,0.0,0.0,0.0,0.0,0.0,0.0,0.0,0.0,0.0,0.0,0.0,0.0,0.0,0.0,0.0,0.0,0.0,0.0,0.0,0.0,0.0,0.0,0.0,0.0,0.0,0.0,0.0,0.0,0.0,0.0,0.0,0.0,0.0,0.0,0.0,0.0,0.0,0.0,0.0,0.0,0.0,0.0,0.0,0.0,0.0,0.0,0.0,0.0,0.0,0.0,0.0,0.0,0.0,0.0,0.0,0.0,0.0,0.0,0.0,0.0,0.0,0.0,0.0,0.0,0.0,0.0,0.0,0.0,0.0,0.0,0.0,0.0,0.0,0.0,0.0,0.0,0.0,0.0,0.0,0.0,0.0,0.0,0.0,0.0,0.0,0.0,0.0,0.0,0.0,0.0,0.0,0.0,0.0,0.0,0.0,0.0,0.0,0.0,0.0,0.0,0.0,0.0,0.0,0.0,0.0,0.0,0.0,0.0,0.0,0.0,0.0,0.0,0.0,0.0,0.0,0.0,0.0,0.0,0.0,0.0,0.0,0.0,0.0,0.0,0.0,0.0,0.0,0.0,0.0,0.0,0.0,0.0,0.0,0.0,0.0,0.0,0.0,0.0,0.0,0.0,0.0,0.0,0.0,0.0,0.0,0.0,0.0,0.0,0.0,0.0,0.0,0.0,0.0,0.0,0.0,0.0,0.0,0.0,0.0,0.0,0.0,0.0,0.0
GLRVL,0.0,0.0,0.0,0.0,0.0,0.0,0.0,0.0,0.0,0.0,0.0,0.0,0.0,0.0,0.0,0.0,0.0,0.0,0.0,0.0,0.0,0.0,0.0,0.0,0.0,0.0,0.0,0.0,0.0,0.0,0.0,0.0,0.0,0.0,0.0,0.0,0.0,0.0,0.0,0.0,0.0,0.0,0.0,0.0,0.0,0.0,0.0,0.0,0.0,0.0,0.0,0.0,0.0,0.0,0.0,0.0,0.0,0.0,0.0,0.0,0.0,0.0,0.0,0.0,0.0,0.0,0.0,0.0,0.0,0.0,0.0,0.0,0.0,0.0,0.0,0.0,0.0,0.0,0.0,0.0,0.0,0.0,0.0,0.0,0.0,0.0,0.0,0.0,0.0,0.0,0.0,0.0,0.0,0.0,0.0,0.0,0.0,0.0,0.0,0.0,0.0,0.0,0.0,0.0,0.0,0.0,0.0,0.0,0.0,0.0,0.0,0.0,0.0,0.0,0.0,0.0,0.0,0.0,0.0,0.0,0.0,0.0,0.0,0.0,0.0,0.0,0.0,0.0,0.0,0.0,0.0,0.0,0.0,0.0,0.0,0.0,0.0,0.0,0.0,0.0,0.0,0.0,0.0,0.0,0.0,0.0,0.0,0.0,0.0,0.0,0.0,0.0,0.0,0.0,0.0,0.0,0.0,0.0,0.0,0.0,0.0,0.0,0.0,0.0,0.0,0.0,0.0,0.0,0.0,0.0,0.0,0.0,0.0,0.0,0.0,0.0,0.0,0.0,0.0,0.0,0.0,0.0,0.0,0.0,0.0,0.0,0.0,0.0,0.0,0.0,0.0,0.0,0.0,0.0,0.0,0.0,0.0,0.0,0.0,0.0,0.0,0.0,0.0,0.0,0.0,0.0,0.0,0.0,0.0,0.0,0.0,0.0,0.0,0.0,0.0,0.0,0.0,0.0,0.0,0.0,0.0,0.0,0.0,0.0,0.0,0.0,0.0,0.0,0.0,0.0,0.0,0.0,0.0,0.0
GLRVR,0.0,0.0,0.0,0.0,0.0,0.0,0.0,0.0,0.0,0.0,0.0,0.0,0.0,0.0,0.0,0.0,0.0,0.0,0.0,0.0,0.0,0.0,0.0,0.0,0.0,0.0,0.0,0.0,0.0,0.0,0.0,0.0,0.0,0.0,0.0,0.0,0.0,0.0,0.0,0.0,0.0,0.0,0.0,0.0,0.0,0.0,0.0,0.0,0.0,0.0,0.0,0.0,0.0,0.0,0.0,0.0,0.0,0.0,0.0,0.0,0.0,0.0,0.0,0.0,0.0,0.0,0.0,0.0,0.0,0.0,0.0,0.0,0.0,0.0,0.0,0.0,0.0,0.0,0.0,0.0,0.0,0.0,0.0,0.0,0.0,0.0,0.0,0.0,0.0,0.0,0.0,0.0,0.0,0.0,0.0,0.0,0.0,0.0,0.0,0.0,0.0,0.0,0.0,0.0,0.0,0.0,0.0,0.0,0.0,0.0,0.0,0.0,0.0,0.0,0.0,0.0,0.0,0.0,0.0,0.0,0.0,0.0,0.0,0.0,0.0,0.0,0.0,0.0,0.0,0.0,0.0,0.0,0.0,0.0,0.0,0.0,0.0,0.0,0.0,0.0,0.0,0.0,0.0,0.0,0.0,0.0,0.0,0.0,0.0,0.0,0.0,0.0,0.0,0.0,0.0,0.0,0.0,0.0,0.0,0.0,0.0,0.0,0.0,0.0,0.0,0.0,0.0,0.0,0.0,0.0,0.0,0.0,0.0,0.0,0.0,0.0,0.0,0.0,0.0,0.0,0.0,0.0,0.0,0.0,0.0,0.0,0.0,0.0,0.0,0.0,0.0,0.0,0.0,0.0,0.0,0.0,0.0,0.0,0.0,0.0,0.0,0.0,0.0,0.0,0.0,0.0,0.0,0.0,0.0,0.0,0.0,0.0,0.0,0.0,0.0,0.0,0.0,0.0,0.0,0.0,0.0,0.0,0.0,0.0,0.0,0.0,0.0,0.0,0.0,0.0,0.0,0.0,0.0,0.0
HSNL,0.0,0.0,0.0,0.0,0.0,0.0,0.0,0.0,0.0,0.0,0.0,0.0,0.0,0.0,0.0,0.0,0.0,0.0,0.0,0.0,0.0,0.0,0.0,0.0,0.0,0.0,0.0,0.0,0.0,0.0,0.0,0.0,0.0,0.0,0.0,0.0,0.0,0.0,0.0,0.0,0.0,0.0,0.0,0.0,0.0,0.0,0.0,0.0,0.0,0.0,0.0,0.0,0.0,0.0,0.0,0.0,0.0,0.0,0.0,0.0,0.0,0.0,0.0,0.0,0.0,0.0,0.0,0.0,0.0,0.0,0.0,0.0,0.0,0.0,0.0,0.0,0.0,0.0,0.0,0.0,0.0,0.0,0.0,0.0,0.0,0.0,0.0,0.0,0.0,0.0,0.0,0.0,0.0,0.0,0.0,0.0,0.0,0.0,0.0,0.0,0.0,0.0,0.0,0.0,0.0,0.0,0.0,0.0,0.0,0.0,0.0,0.0,0.0,0.0,0.0,0.0,0.0,0.0,0.0,0.0,0.0,0.0,0.0,0.0,0.0,0.0,0.0,0.0,0.0,0.0,0.0,0.0,0.0,0.0,0.0,0.0,0.0,0.0,0.0,0.0,0.0,0.0,0.0,0.0,0.0,0.0,0.0,0.0,0.0,0.0,0.0,0.0,0.0,0.0,0.0,0.0,0.0,0.0,0.0,0.0,0.0,0.0,0.0,0.0,0.0,0.0,0.0,0.0,0.0,0.0,0.0,0.0,0.0,0.0,0.0,0.0,0.0,0.0,0.0,0.0,0.0,0.0,0.0,0.0,0.0,0.0,0.0,0.0,0.0,0.0,0.0,0.0,0.0,0.0,0.0,0.0,0.0,0.0,0.0,0.0,0.0,0.0,0.0,0.0,0.0,0.0,0.0,0.0,0.0,0.0,0.0,0.0,0.0,0.0,0.0,0.0,0.0,0.0,0.0,0.0,0.0,0.0,0.0,0.0,0.0,0.0,0.0,0.0,0.0,0.0,0.0,0.0,0.0,0.0
HSNR,0.0,0.0,0.0,0.0,0.0,0.0,0.0,0.0,0.0,0.0,0.0,0.0,0.0,0.0,0.0,0.0,0.0,0.0,0.0,0.0,0.0,0.0,0.0,0.0,0.0,0.0,0.0,0.0,0.0,0.0,0.0,0.0,0.0,0.0,0.0,0.0,0.0,0.0,0.0,0.0,0.0,0.0,0.0,0.0,0.0,0.0,0.0,0.0,0.0,0.0,0.0,0.0,0.0,0.0,0.0,0.0,0.0,0.0,0.0,0.0,0.0,0.0,0.0,0.0,0.0,0.0,0.0,0.0,0.0,0.0,0.0,0.0,0.0,0.0,0.0,0.0,0.0,0.0,0.0,0.0,0.0,0.0,0.0,0.0,0.0,0.0,0.0,0.0,0.0,0.0,0.0,0.0,0.0,0.0,0.0,0.0,0.0,0.0,0.0,0.0,0.0,0.0,0.0,0.0,0.0,0.0,0.0,0.0,0.0,0.0,0.0,0.0,0.0,0.0,0.0,0.0,0.0,0.0,0.0,0.0,0.0,0.0,0.0,0.0,0.0,0.0,0.0,0.0,0.0,0.0,0.0,0.0,0.0,0.0,0.0,0.0,0.0,0.0,0.0,0.0,0.0,0.0,0.0,0.0,0.0,0.0,0.0,0.0,0.0,0.0,0.0,0.0,0.0,0.0,0.0,0.0,0.0,0.0,0.0,0.0,0.0,0.0,0.0,0.0,0.0,0.0,0.0,0.0,0.0,0.0,0.0,0.0,0.0,0.0,0.0,0.0,0.0,0.0,0.0,0.0,0.0,0.0,0.0,0.0,0.0,0.0,0.0,0.0,0.0,0.0,0.0,0.0,0.0,0.0,0.0,0.0,0.0,0.0,0.0,0.0,0.0,0.0,0.0,0.0,0.0,0.0,0.0,0.0,0.0,0.0,0.0,0.0,0.0,0.0,0.0,0.0,0.0,0.0,0.0,0.0,0.0,0.0,0.0,0.0,0.0,0.0,0.0,0.0,0.0,0.0,0.0,0.0,0.0,0.0
IL1DL,-0.35832995,-0.33743766,-0.5863807,-0.23814282,-0.08170385,-0.79416287,0.0,1.1644315,-0.42310792,-0.7276277,-0.09488152,-0.29321173,-0.11695311,-0.11472557,1.4356978,-0.4989167,0.5210032,-0.26408654,0.13426046,0.31813514,0.39071542,0.7829681,-0.6998183,-0.63812464,-0.4611962,0.338771,-0.36426225,0.16328415,1.2340614,-0.6999541,-0.8903523,-0.96725035,-0.57827634,-0.6264369,-0.09036914,-0.1350255,0.1013033,-0.2092326,-0.13103114,-0.49142575,-0.13471934,-0.1963914,-0.33045638,-0.30996984,0.0147559075,-0.1035158,-0.36177242,0.0074967723,-0.28922573,-0.14254181,-0.14300911,-0.1202138,-0.13706648,-0.6168335,-0.10452425,-0.09726241,-0.36950693,-0.3374163,-0.10472948,-0.15695731,1.4164228,-0.08045022,-0.17448984,-0.44739127,-0.09092879,-0.06058094,0.3741924,0.26412264,-0.15040447,-0.3122117,-0.039452743,-0.105260745,-0.14519152,-0.439961,-0.17162165,-0.020398434,-0.27262098,-0.18197845,-0.2853369,-0.17845973,-0.18028031,-0.15353127,-0.9910105,-0.41455567,-0.13361521,-0.13816561,-0.13690129,-0.52414864,-0.5592678,-0.16774274,-0.2869903,-0.18626139,-0.2553977,-0.30797932,-0.07970217,-0.43053386,-0.38124657,-0.18571052,-0.5046189,-0.40339068,-0.14852524,-0.25302258,-0.1288605,-0.23202237,-0.19361831,-0.4716751,-0.55053383,-0.5247061,-0.41411698,-0.7213377,-0.22873205,0.9458941,-0.123832434,-0.2642344,-0.26197425,-0.3693754,-0.3243949,-0.20715466,-0.5019799,-0.7138068,0.25976983,0.7511833,-0.31298283,-0.45168653,-0.12629041,-0.091602236,-0.2571003,-0.17229663,-0.11552945,-0.2970851,-0.16334516,-0.111163616,-0.1908067,-0.14494623,0.5639657,-0.2152673,-0.1532346,-0.16589922,-0.37009972,-0.2834826,-0.001343276,-1.2410178,-0.31666493,-0.4138451,-0.08149759,-0.62419033,-0.22517133,-0.31185797,-0.6082278,-0.52769864,-0.62422174,-0.13835765,-1.0018156,-0.1350118,-0.1413686,0.015285944,0.7136521,-0.40360057,-0.19979209,-0.12944376,-0.20982806,-0.1343601,-0.41615513,-0.09473648,-0.26738355,-0.46118277,-0.1394344,0.012444589,0.7195533,-0.7451672,-0.1784959,-0.3282087,-0.012593903,-0.1156671,-0.51000786,-0.37025473,-0.06841229,-0.10783171,-0.12092962,-0.20289,-0.14871752,0.05529837,-0.19877854,-0.28932342,-0.06117248,-0.29692727,-0.104902744,-0.32805154,-0.10136145,-0.18033062,-0.121062614,-0.27448004,-0.079786845,-0.66344786,-0.13977395,-0.15972914,-0.89884394,-0.533164,-0.8431108,-0.4401059,-0.5038031,-0.13372451,-0.23259391,-0.06489239,0.92251563,-0.33074418,-0.28467742,-0.10053674,-0.8753573,0.21931237,-0.3567758,-0.27302614,-0.10572313,-0.14401945,-0.17649053,-0.46670645,-0.39668053,0.5969597,-0.10819188,-0.2047146,-0.32354373,-0.68107957,-0.12560293,-0.29865146,-0.14804295,-0.18883327,-0.1513935,-0.16253187,-0.33795354,-0.19758226,-0.2358877,-0.01520146,-0.074450396,-0.2378993
IL1DR,-0.35832995,-0.33743766,-0.5863807,-0.23814282,-0.08170385,-0.79416287,0.0,1.1644315,-0.42310792,-0.7276277,-0.09488152,-0.29321173,-0.11695311,-0.11472557,1.4356978,-0.4989167,0.5210032,-0.26408654,0.13426046,0.31813514,0.39071542,0.7829681,-0.6998183,-0.63812464,-0.4611962,0.338771,-0.36426225,0.16328415,1.2340614,-0.6999541,-0.8903523,-0.96725035,-0.57827634,-0.6264369,-0.09036914,-0.1350255,0.1013033,-0.2092326,-0.13103114,-0.49142575,-0.13471934,-0.1963914,-0.33045638,-0.30996984,0.0147559075,-0.1035158,-0.36177242,0.0074967723,-0.28922573,-0.14254181,-0.14300911,-0.1202138,-0.13706648,-0.6168335,-0.10452425,-0.09726241,-0.36950693,-0.3374163,-0.10472948,-0.15695731,1.4164228,-0.08045022,-0.17448984,-0.44739127,-0.09092879,-0.06058094,0.3741924,0.26412264,-0.15040447,-0.3122117,-0.039452743,-0.105260745,-0.14519152,-0.439961,-0.17162165,-0.020398434,-0.27262098,-0.18197845,-0.2853369,-0.17845973,-0.18028031,-0.15353127,-0.9910105,-0.41455567,-0.13361521,-0.13816561,-0.13690129,-0.52414864,-0.5592678,-0.16774274,-0.2869903,-0.18626139,-0.2553977,-0.30797932,-0.07970217,-0.43053386,-0.38124657,-0.18571052,-0.5046189,-0.40339068,-0.14852524,-0.25302258,-0.1288605,-0.23202237,-0.19361831,-0.4716751,-0.55053383,-0.5247061,-0.41411698,-0.7213377,-0.22873205,0.9458941,-0.123832434,-0.2642344,-0.26197425,-0.3693754,-0.3243949,-0.20715466,-0.5019799,-0.7138068,0.25976983,0.7511833,-0.31298283,-0.45168653,-0.12629041,-0.091602236,-0.2571003,-0.17229663,-0.11552945,-0.2970851,-0.16334516,-0.111163616,-0.1908067,-0.14494623,0.5639657,-0.2152673,-0.1532346,-0.16589922,-0.37009972,-0.2834826,-0.001343276,-1.2410178,-0.31666493,-0.4138451,-0.08149759,-0.62419033,-0.22517133,-0.31185797,-0.6082278,-0.52769864,-0.62422174,-0.13835765,-1.0018156,-0.1350118,-0.1413686,0.015285944,0.7136521,-0.40360057,-0.19979209,-0.12944376,-0.20982806,-0.1343601,-0.41615513,-0.09473648,-0.26738355,-0.46118277,-0.1394344,0.012444589,0.7195533,-0.7451672,-0.1784959,-0.3282087,-0.012593903,-0.1156671,-0.51000786,-0.37025473,-0.06841229,-0.10783171,-0.12092962,-0.20289,-0.14871752,0.05529837,-0.19877854,-0.28932342,-0.06117248,-0.29692727,-0.104902744,-0.32805154,-0.10136145,-0.18033062,-0.121062614,-0.27448004,-0.079786845,-0.66344786,-0.13977395,-0.15972914,-0.89884394,-0.533164,-0.8431108,-0.4401059,-0.5038031,-0.13372451,-0.23259391,-0.06489239,0.92251563,-0.33074418,-0.28467742,-0.10053674,-0.8753573,0.21931237,-0.3567758,-0.27302614,-0.10572313,-0.14401945,-0.17649053,-0.46670645,-0.39668053,0.5969597,-0.10819188,-0.2047146,-0.32354373,-0.68107957,-0.12560293,-0.29865146,-0.14804295,-0.18883327,-0.1513935,-0.16253187,-0.33795354,-0.19758226,-0.2358877,-0.01520146,-0.074450396,-0.2378993
IL1L,-0.35832995,-0.33743766,-0.5863807,-0.23814282,-0.08170385,-0.79416287,0.0,1.1644315,-0.42310792,-0.7276277,-0.09488152,-0.29321173,-0.11695311,-0.11472557,1.4356978,-0.4989167,0.5210032,-0.26408654,0.13426046,0.31813514,0.39071542,0.7829681,-0.6998183,-0.63812464,-0.4611962,0.338771,-0.36426225,0.16328415,1.2340614,-0.6999541,-0.8903523,-0.96725035,-0.57827634,-0.6264369,-0.09036914,-0.1350255,0.1013033,-0.2092326,-0.13103114,-0.49142575,-0.13471934,-0.1963914,-0.33045638,-0.30996984,0.0147559075,-0.1035158,-0.36177242,0.0074967723,-0.28922573,-0.14254181,-0.14300911,-0.1202138,-0.13706648,-0.6168335,-0.10452425,-0.09726241,-0.36950693,-0.3374163,-0.10472948,-0.15695731,1.4164228,-0.08045022,-0.17448984,-0.44739127,-0.09092879,-0.06058094,0.3741924,0.26412264,-0.15040447,-0.3122117,-0.039452743,-0.105260745,-0.14519152,-0.439961,-0.17162165,-0.020398434,-0.27262098,-0.18197845,-0.2853369,-0.17845973,-0.18028031,-0.15353127,-0.9910105,-0.41455567,-0.13361521,-0.13816561,-0.13690129,-0.52414864,-0.5592678,-0.16774274,-0.2869903,-0.18626139,-0.2553977,-0.30797932,-0.07970217,-0.43053386,-0.38124657,-0.18571052,-0.5046189,-0.40339068,-0.14852524,-0.25302258,-0.1288605,-0.23202237,-0.19361831,-0.4716751,-0.55053383,-0.5247061,-0.41411698,-0.7213377,-0.22873205,0.9458941,-0.123832434,-0.2642344,-0.26197425,-0.3693754,-0.3243949,-0.20715466,-0.5019799,-0.7138068,0.25976983,0.7511833,-0.31298283,-0.45168653,-0.12629041,-0.091602236,-0.2571003,-0.17229663,-0.11552945,-0.2970851,-0.16334516,-0.111163616,-0.1908067,-0.14494623,0.5639657,-0.2152673,-0.1532346,-0.16589922,-0.37009972,-0.2834826,-0.001343276,-1.2410178,-0.31666493,-0.4138451,-0.08149759,-0.62419033,-0.22517133,-0.31185797,-0.6082278,-0.52769864,-0.62422174,-0.13835765,-1.0018156,-0.1350118,-0.1413686,0.015285944,0.7136521,-0.40360057,-0.19979209,-0.12944376,-0.20982806,-0.1343601,-0.41615513,-0.09473648,-0.26738355,-0.46118277,-0.1394344,0.012444589,0.7195533,-0.7451672,-0.1784959,-0.3282087,-0.012593903,-0.1156671,-0.51000786,-0.37025473,-0.06841229,-0.10783171,-0.12092962,-0.20289,-0.14871752,0.05529837,-0.19877854,-0.28932342,-0.06117248,-0.29692727,-0.104902744,-0.32805154,-0.10136145,-0.18033062,-0.121062614,-0.27448004,-0.079786845,-0.66344786,-0.13977395,-0.15972914,-0.89884394,-0.533164,-0.8431108,-0.4401059,-0.5038031,-0.13372451,-0.23259391,-0.06489239,0.92251563,-0.33074418,-0.28467742,-0.10053674,-0.8753573,0.21931237,-0.3567758,-0.27302614,-0.10572313,-0.14401945,-0.17649053,-0.46670645,-0.39668053,0.5969597,-0.10819188,-0.2047146,-0.32354373,-0.68107957,-0.12560293,-0.29865146,-0.14804295,-0.18883327,-0.1513935,-0.16253187,-0.33795354,-0.19758226,-0.2358877,-0.01520146,-0.074450396,-0.2378993
IL1R,-0.35832995,-0.33743766,-0.5863807,-0.23814282,-0.08170385,-0.79416287,0.0,1.1644315,-0.42310792,-0.7276277,-0.09488152,-0.29321173,-0.11695311,-0.11472557,1.4356978,-0.4989167,0.5210032,-0.26408654,0.13426046,0.31813514,0.39071542,0.7829681,-0.6998183,-0.63812464,-0.4611962,0.338771,-0.36426225,0.16328415,1.2340614,-0.6999541,-0.8903523,-0.96725035,-0.57827634,-0.6264369,-0.09036914,-0.1350255,0.1013033,-0.2092326,-0.13103114,-0.49142575,-0.13471934,-0.1963914,-0.33045638,-0.30996984,0.0147559075,-0.1035158,-0.36177242,0.0074967723,-0.28922573,-0.14254181,-0.14300911,-0.1202138,-0.13706648,-0.6168335,-0.10452425,-0.09726241,-0.36950693,-0.3374163,-0.10472948,-0.15695731,1.4164228,-0.08045022,-0.17448984,-0.44739127,-0.09092879,-0.06058094,0.3741924,0.26412264,-0.15040447,-0.3122117,-0.039452743,-0.105260745,-0.14519152,-0.439961,-0.17162165,-0.020398434,-0.27262098,-0.18197845,-0.2853369,-0.17845973,-0.18028031,-0.15353127,-0.9910105,-0.41455567,-0.13361521,-0.13816561,-0.13690129,-0.52414864,-0.5592678,-0.16774274,-0.2869903,-0.18626139,-0.2553977,-0.30797932,-0.07970217,-0.43053386,-0.38124657,-0.18571052,-0.5046189,-0.40339068,-0.14852524,-0.25302258,-0.1288605,-0.23202237,-0.19361831,-0.4716751,-0.55053383,-0.5247061,-0.41411698,-0.7213377,-0.22873205,0.9458941,-0.123832434,-0.2642344,-0.26197425,-0.3693754,-0.3243949,-0.20715466,-0.5019799,-0.7138068,0.25976983,0.7511833,-0.31298283,-0.45168653,-0.12629041,-0.091602236,-0.2571003,-0.17229663,-0.11552945,-0.2970851,-0.16334516,-0.111163616,-0.1908067,-0.14494623,0.5639657,-0.2152673,-0.1532346,-0.16589922,-0.37009972,-0.2834826,-0.001343276,-1.2410178,-0.31666493,-0.4138451,-0.08149759,-0.62419033,-0.22517133,-0.31185797,-0.6082278,-0.52769864,-0.62422174,-0.13835765,-1.0018156,-0.1350118,-0.1413686,0.015285944,0.7136521,-0.40360057,-0.19979209,-0.12944376,-0.20982806,-0.1343601,-0.41615513,-0.09473648,-0.26738355,-0.46118277,-0.1394344,0.012444589,0.7195533,-0.7451672,-0.1784959,-0.3282087,-0.012593903,-0.1156671,-0.51000786,-0.37025473,-0.06841229,-0.10783171,-0.12092962,-0.20289,-0.14871752,0.05529837,-0.19877854,-0.28932342,-0.06117248,-0.29692727,-0.104902744,-0.32805154,-0.10136145,-0.18033062,-0.121062614,-0.27448004,-0.079786845,-0.66344786,-0.13977395,-0.15972914,-0.89884394,-0.533164,-0.8431108,-0.4401059,-0.5038031,-0.13372451,-0.23259391,-0.06489239,0.92251563,-0.33074418,-0.28467742,-0.10053674,-0.8753573,0.21931237,-0.3567758,-0.27302614,-0.10572313,-0.14401945,-0.17649053,-0.46670645,-0.39668053,0.5969597,-0.10819188,-0.2047146,-0.32354373,-0.68107957,-0.12560293,-0.29865146,-0.14804295,-0.18883327,-0.1513935,-0.16253187,-0.33795354,-0.19758226,-0.2358877,-0.01520146,-0.074450396,-0.2378993
IL1VL,-0.35832995,-0.33743766,-0.5863807,-0.23814282,-0.08170385,-0.79416287,0.0,1.1644315,-0.42310792,-0.7276277,-0.09488152,-0.29321173,-0.11695311,-0.11472557,1.4356978,-0.4989167,0.5210032,-0.26408654,0.13426046,0.31813514,0.39071542,0.7829681,-0.6998183,-0.63812464,-0.4611962,0.338771,-0.36426225,0.16328415,1.2340614,-0.6999541,-0.8903523,-0.96725035,-0.57827634,-0.6264369,-0.09036914,-0.1350255,0.1013033,-0.2092326,-0.13103114,-0.49142575,-0.13471934,-0.1963914,-0.33045638,-0.30996984,0.0147559075,-0.1035158,-0.36177242,0.0074967723,-0.28922573,-0.14254181,-0.14300911,-0.1202138,-0.13706648,-0.6168335,-0.10452425,-0.09726241,-0.36950693,-0.3374163,-0.10472948,-0.15695731,1.4164228,-0.08045022,-0.17448984,-0.44739127,-0.09092879,-0.06058094,0.3741924,0.26412264,-0.15040447,-0.3122117,-0.039452743,-0.105260745,-0.14519152,-0.439961,-0.17162165,-0.020398434,-0.27262098,-0.18197845,-0.2853369,-0.17845973,-0.18028031,-0.15353127,-0.9910105,-0.41455567,-0.13361521,-0.13816561,-0.13690129,-0.52414864,-0.5592678,-0.16774274,-0.2869903,-0.18626139,-0.2553977,-0.30797932,-0.07970217,-0.43053386,-0.38124657,-0.18571052,-0.5046189,-0.40339068,-0.14852524,-0.25302258,-0.1288605,-0.23202237,-0.19361831,-0.4716751,-0.55053383,-0.5247061,-0.41411698,-0.7213377,-0.22873205,0.9458941,-0.123832434,-0.2642344,-0.26197425,-0.3693754,-0.3243949,-0.20715466,-0.5019799,-0.7138068,0.25976983,0.7511833,-0.31298283,-0.45168653,-0.12629041,-0.091602236,-0.2571003,-0.17229663,-0.11552945,-0.2970851,-0.16334516,-0.111163616,-0.1908067,-0.14494623,0.5639657,-0.2152673,-0.1532346,-0.16589922,-0.37009972,-0.2834826,-0.001343276,-1.2410178,-0.31666493,-0.4138451,-0.08149759,-0.62419033,-0.22517133,-0.31185797,-0.6082278,-0.52769864,-0.62422174,-0.13835765,-1.0018156,-0.1350118,-0.1413686,0.015285944,0.7136521,-0.40360057,-0.19979209,-0.12944376,-0.20982806,-0.1343601,-0.41615513,-0.09473648,-0.26738355,-0.46118277,-0.1394344,0.012444589,0.7195533,-0.7451672,-0.1784959,-0.3282087,-0.012593903,-0.1156671,-0.51000786,-0.37025473,-0.06841229,-0.10783171,-0.12092962,-0.20289,-0.14871752,0.05529837,-0.19877854,-0.28932342,-0.06117248,-0.29692727,-0.104902744,-0.32805154,-0.10136145,-0.18033062,-0.121062614,-0.27448004,-0.079786845,-0.66344786,-0.13977395,-0.15972914,-0.89884394,-0.533164,-0.8431108,-0.4401059,-0.5038031,-0.13372451,-0.23259391,-0.06489239,0.92251563,-0.33074418,-0.28467742,-0.10053674,-0.8753573,0.21931237,-0.3567758,-0.27302614,-0.10572313,-0.14401945,-0.17649053,-0.46670645,-0.39668053,0.5969597,-0.10819188,-0.2047146,-0.32354373,-0.68107957,-0.12560293,-0.29865146,-0.14804295,-0.18883327,-0.1513935,-0.16253187,-0.33795354,-0.19758226,-0.2358877,-0.01520146,-0.074450396,-0.2378993
IL1VR,-0.35832995,-0.33743766,-0.5863807,-0.23814282,-0.08170385,-0.79416287,0.0,1.1644315,-0.42310792,-0.7276277,-0.09488152,-0.29321173,-0.11695311,-0.11472557,1.4356978,-0.4989167,0.5210032,-0.26408654,0.13426046,0.31813514,0.39071542,0.7829681,-0.6998183,-0.63812464,-0.4611962,0.338771,-0.36426225,0.16328415,1.2340614,-0.6999541,-0.8903523,-0.96725035,-0.57827634,-0.6264369,-0.09036914,-0.1350255,0.1013033,-0.2092326,-0.13103114,-0.49142575,-0.13471934,-0.1963914,-0.33045638,-0.30996984,0.0147559075,-0.1035158,-0.36177242,0.0074967723,-0.28922573,-0.14254181,-0.14300911,-0.1202138,-0.13706648,-0.6168335,-0.10452425,-0.09726241,-0.36950693,-0.3374163,-0.10472948,-0.15695731,1.4164228,-0.08045022,-0.17448984,-0.44739127,-0.09092879,-0.06058094,0.3741924,0.26412264,-0.15040447,-0.3122117,-0.039452743,-0.105260745,-0.14519152,-0.439961,-0.17162165,-0.020398434,-0.27262098,-0.18197845,-0.2853369,-0.17845973,-0.18028031,-0.15353127,-0.9910105,-0.41455567,-0.13361521,-0.13816561,-0.13690129,-0.52414864,-0.5592678,-0.16774274,-0.2869903,-0.18626139,-0.2553977,-0.30797932,-0.07970217,-0.43053386,-0.38124657,-0.18571052,-0.5046189,-0.40339068,-0.14852524,-0.25302258,-0.1288605,-0.23202237,-0.19361831,-0.4716751,-0.55053383,-0.5247061,-0.41411698,-0.7213377,-0.22873205,0.9458941,-0.123832434,-0.2642344,-0.26197425,-0.3693754,-0.3243949,-0.20715466,-0.5019799,-0.7138068,0.25976983,0.7511833,-0.31298283,-0.45168653,-0.12629041,-0.091602236,-0.2571003,-0.17229663,-0.11552945,-0.2970851,-0.16334516,-0.111163616,-0.1908067,-0.14494623,0.5639657,-0.2152673,-0.1532346,-0.16589922,-0.37009972,-0.2834826,-0.001343276,-1.2410178,-0.31666493,-0.4138451,-0.08149759,-0.62419033,-0.22517133,-0.31185797,-0.6082278,-0.52769864,-0.62422174,-0.13835765,-1.0018156,-0.1350118,-0.1413686,0.015285944,0.7136521,-0.40360057,-0.19979209,-0.12944376,-0.20982806,-0.1343601,-0.41615513,-0.09473648,-0.26738355,-0.46118277,-0.1394344,0.012444589,0.7195533,-0.7451672,-0.1784959,-0.3282087,-0.012593903,-0.1156671,-0.51000786,-0.37025473,-0.06841229,-0.10783171,-0.12092962,-0.20289,-0.14871752,0.05529837,-0.19877854,-0.28932342,-0.06117248,-0.29692727,-0.104902744,-0.32805154,-0.10136145,-0.18033062,-0.121062614,-0.27448004,-0.079786845,-0.66344786,-0.13977395,-0.15972914,-0.89884394,-0.533164,-0.8431108,-0.4401059,-0.5038031,-0.13372451,-0.23259391,-0.06489239,0.92251563,-0.33074418,-0.28467742,-0.10053674,-0.8753573,0.21931237,-0.3567758,-0.27302614,-0.10572313,-0.14401945,-0.17649053,-0.46670645,-0.39668053,0.5969597,-0.10819188,-0.2047146,-0.32354373,-0.68107957,-0.12560293,-0.29865146,-0.14804295,-0.18883327,-0.1513935,-0.16253187,-0.33795354,-0.19758226,-0.2358877,-0.01520146,-0.074450396,-0.2378993
IL2DL,-0.35832995,-0.5431302,-0.5863807,-0.45986825,-0.38116437,-0.81867224,0.0,2.435143,-0.31804073,-0.54283094,-0.6525847,-0.33980462,-0.12918779,-0.02998073,-0.4750797,-0.9664112,-0.45946,-0.26408654,-0.5238158,0.3419394,-0.15184641,0.6780189,-0.002091905,0.16075201,0.79390377,0.092880026,-0.4956668,-0.2918212,-0.7028364,-0.5511482,-0.7116477,-0.5181823,-0.5502269,-0.07891211,-0.089071214,-0.13664535,0.59458166,-0.21095224,-0.1386971,-0.5011292,-0.1315063,-0.18876205,-0.318216,-0.31226066,2.4238067,-0.1035158,-0.3553568,0.8576626,1.0307996,-0.14092745,-0.14559154,-0.07594444,-0.13525806,-0.45650974,-0.1126,-0.19663753,-0.33249485,-0.34262016,-0.10404451,-0.25327262,0.30328244,-0.6338973,-0.25589234,-0.3167848,-0.11634001,-0.10285871,0.8258575,1.5411911,-0.096761994,-0.24430227,-0.23601778,-0.105260745,0.14630032,0.16403927,-0.16423048,-0.1878604,-0.27262098,-0.18197845,-0.29473403,-0.17845973,-0.17615132,-0.16902594,-0.8782379,-0.39956173,-0.08667816,-0.13816561,-0.13111202,-0.3674097,-0.5320315,-0.058380105,-0.27821597,-0.18768734,-0.26343894,-0.29000714,1.9287359,-0.32015023,-0.38124657,-0.18732525,-0.13646029,-0.5229441,-0.16090772,-0.16919546,-0.12378691,-0.1972062,-0.121971995,-0.40127507,1.4338315,-0.47894168,1.1137381,-0.8551114,-0.13004081,0.28326052,-0.13736127,-0.2564631,-0.27295262,-0.41093737,-0.6491952,-0.35004014,1.3653535,-0.7688961,0.40987036,1.2753168,-0.30028895,-0.40458918,-0.104411185,-0.082903296,-0.21987581,-0.21999276,-0.11552945,-0.4743635,-0.16334516,-0.23916888,-0.16743729,-0.16113873,0.8011175,-0.20119667,-0.13967527,-0.16589922,-0.37656844,-0.2834826,-0.76599103,-0.9058303,-0.34642437,-0.45657176,1.978339,-0.25240317,-0.22517133,-0.31185797,0.28309947,-0.34315634,1.5286343,-0.13835765,-0.6525091,-0.13427593,-0.1413686,4.557901,-0.4019654,-0.46434188,-0.19979209,-0.11347084,0.040597886,-0.1343601,-0.40304366,-0.09473648,-0.27136993,-0.4209577,-0.1394344,0.18941599,-0.39064085,-0.36591208,0.17711458,-0.3199267,-0.46137968,-0.038447097,-0.31564152,-0.5830277,-0.100661576,-0.15095781,-0.14196976,-0.16365084,1.2956607,4.554356,-0.19002195,-0.2367605,-0.09171743,-0.23513363,-0.104902744,0.22457147,-0.10136145,-0.18033062,-0.08194579,-0.2559398,-0.08038282,0.53991556,-0.13977395,-0.10345938,-0.81802917,-0.18347788,0.014722985,0.28719145,-0.55054903,-0.18084498,-0.19420716,-0.08466478,4.3168845,-0.6281654,-0.23527004,4.562786,-0.31497544,0.26172477,-0.3349747,-0.27752468,-0.07771947,-0.14401945,-0.1662169,-0.37723687,-0.39668053,0.78395003,-0.10819188,0.04304385,-0.32354373,0.14233127,-0.0035618024,1.5611875,-0.17967562,-0.27038783,-0.11929296,-0.18378413,-0.3272156,-0.26309174,-0.21392421,-0.09320213,0.5782878,-0.7174261
IL2DR,-0.35832995,-0.5431302,-0.5863807,-0.45986825,-0.38116437,-0.81867224,0.0,2.435143,-0.31804073,-0.54283094,-0.6525847,-0.33980462,-0.12918779,-0.02998073,-0.4750797,-0.9664112,-0.45946,-0.26408654,-0.5238158,0.3419394,-0.15184641,0.6780189,-0.002091905,0.16075201,0.79390377,0.092880026,-0.4956668,-0.2918212,-0.7028364,-0.5511482,-0.7116477,-0.5181823,-0.5502269,-0.07891211,-0.089071214,-0.13664535,0.59458166,-0.21095224,-0.1386971,-0.5011292,-0.1315063,-0.18876205,-0.318216,-0.31226066,2.4238067,-0.1035158,-0.3553568,0.8576626,1.0307996,-0.14092745,-0.14559154,-0.07594444,-0.13525806,-0.45650974,-0.1126,-0.19663753,-0.33249485,-0.34262016,-0.10404451,-0.25327262,0.30328244,-0.6338973,-0.25589234,-0.3167848,-0.11634001,-0.10285871,0.8258575,1.5411911,-0.096761994,-0.24430227,-0.23601778,-0.105260745,0.14630032,0.16403927,-0.16423048,-0.1878604,-0.27262098,-0.18197845,-0.29473403,-0.17845973,-0.17615132,-0.16902594,-0.8782379,-0.39956173,-0.08667816,-0.13816561,-0.13111202,-0.3674097,-0.5320315,-0.058380105,-0.27821597,-0.18768734,-0.26343894,-0.29000714,1.9287359,-0.32015023,-0.38124657,-0.18732525,-0.13646029,-0.5229441,-0.16090772,-0.16919546,-0.12378691,-0.1972062,-0.121971995,-0.40127507,1.4338315,-0.47894168,1.1137381,-0.8551114,-0.13004081,0.28326052,-0.13736127,-0.2564631,-0.27295262,-0.41093737,-0.6491952,-0.35004014,1.3653535,-0.7688961,0.40987036,1.2753168,-0.30028895,-0.40458918,-0.104411185,-0.082903296,-0.21987581,-0.21999276,-0.11552945,-0.4743635,-0.16334516,-0.23916888,-0.16743729,-0.16113873,0.8011175,-0.20119667,-0.13967527,-0.16589922,-0.37656844,-0.2834826,-0.76599103,-0.9058303,-0.34642437,-0.45657176,1.978339,-0.25240317,-0.22517133,-0.31185797,0.28309947,-0.34315634,1.5286343,-0.13835765,-0.6525091,-0.13427593,-0.1413686,4.557901,-0.4019654,-0.46434188,-0.19979209,-0.11347084,0.040597886,-0.1343601,-0.40304366,-0.09473648,-0.27136993,-0.4209577,-0.1394344,0.18941599,-0.39064085,-0.36591208,0.17711458,-0.3199267,-0.46137968,-0.038447097,-0.31564152,-0.5830277,-0.100661576,-0.15095781,-0.14196976,-0.16365084,1.2956607,4.554356,-0.19002195,-0.2367605,-0.09171743,-0.23513363,-0.104902744,0.22457147,-0.10136145,-0.18033062,-0.08194579,-0.2559398,-0.08038282,0.53991556,-0.13977395,-0.10345938,-0.81802917,-0.18347788,0.014722985,0.28719145,-0.55054903,-0.18084498,-0.19420716,-0.08466478,4.3168845,-0.6281654,-0.23527004,4.562786,-0.31497544,0.26172477,-0.3349747,-0.27752468,-0.07771947,-0.14401945,-0.1662169,-0.37723687,-0.39668053,0.78395003,-0.10819188,0.04304385,-0.32354373,0.14233127,-0.0035618024,1.5611875,-0.17967562,-0.27038783,-0.11929296,-0.18378413,-0.3272156,-0.26309174,-0.21392421,-0.09320213,0.5782878,-0.7174261
IL2L,-0.35832995,-0.5431302,-0.5863807,-0.45986825,-0.38116437,-0.81867224,0.0,2.435143,-0.31804073,-0.54283094,-0.6525847,-0.33980462,-0.12918779,-0.02998073,-0.4750797,-0.9664112,-0.45946,-0.26408654,-0.5238158,0.3419394,-0.15184641,0.6780189,-0.002091905,0.16075201,0.79390377,0.092880026,-0.4956668,-0.2918212,-0.7028364,-0.5511482,-0.7116477,-0.5181823,-0.5502269,-0.07891211,-0.089071214,-0.13664535,0.59458166,-0.21095224,-0.1386971,-0.5011292,-0.1315063,-0.18876205,-0.318216,-0.31226066,2.4238067,-0.1035158,-0.3553568,0.8576626,1.0307996,-0.14092745,-0.14559154,-0.07594444,-0.13525806,-0.45650974,-0.1126,-0.19663753,-0.33249485,-0.34262016,-0.10404451,-0.25327262,0.30328244,-0.6338973,-0.25589234,-0.3167848,-0.11634001,-0.10285871,0.8258575,1.5411911,-0.096761994,-0.24430227,-0.23601778,-0.105260745,0.14630032,0.16403927,-0.16423048,-0.1878604,-0.27262098,-0.18197845,-0.29473403,-0.17845973,-0.17615132,-0.16902594,-0.8782379,-0.39956173,-0.08667816,-0.13816561,-0.13111202,-0.3674097,-0.5320315,-0.058380105,-0.27821597,-0.18768734,-0.26343894,-0.29000714,1.9287359,-0.32015023,-0.38124657,-0.18732525,-0.13646029,-0.5229441,-0.16090772,-0.16919546,-0.12378691,-0.1972062,-0.121971995,-0.40127507,1.4338315,-0.47894168,1.1137381,-0.8551114,-0.13004081,0.28326052,-0.13736127,-0.2564631,-0.27295262,-0.41093737,-0.6491952,-0.35004014,1.3653535,-0.7688961,0.40987036,1.2753168,-0.30028895,-0.40458918,-0.104411185,-0.082903296,-0.21987581,-0.21999276,-0.11552945,-0.4743635,-0.16334516,-0.23916888,-0.16743729,-0.16113873,0.8011175,-0.20119667,-0.13967527,-0.16589922,-0.37656844,-0.2834826,-0.76599103,-0.9058303,-0.34642437,-0.45657176,1.978339,-0.25240317,-0.22517133,-0.31185797,0.28309947,-0.34315634,1.5286343,-0.13835765,-0.6525091,-0.13427593,-0.1413686,4.557901,-0.4019654,-0.46434188,-0.19979209,-0.11347084,0.040597886,-0.1343601,-0.40304366,-0.09473648,-0.27136993,-0.4209577,-0.1394344,0.18941599,-0.39064085,-0.36591208,0.17711458,-0.3199267,-0.46137968,-0.038447097,-0.31564152,-0.5830277,-0.100661576,-0.15095781,-0.14196976,-0.16365084,1.2956607,4.554356,-0.19002195,-0.2367605,-0.09171743,-0.23513363,-0.104902744,0.22457147,-0.10136145,-0.18033062,-0.08194579,-0.2559398,-0.08038282,0.53991556,-0.13977395,-0.10345938,-0.81802917,-0.18347788,0.014722985,0.28719145,-0.55054903,-0.18084498,-0.19420716,-0.08466478,4.3168845,-0.6281654,-0.23527004,4.562786,-0.31497544,0.26172477,-0.3349747,-0.27752468,-0.07771947,-0.14401945,-0.1662169,-0.37723687,-0.39668053,0.78395003,-0.10819188,0.04304385,-0.32354373,0.14233127,-0.0035618024,1.5611875,-0.17967562,-0.27038783,-0.11929296,-0.18378413,-0.3272156,-0.26309174,-0.21392421,-0.09320213,0.5782878,-0.7174261
IL2R,-0.35832995,-0.5431302,-0.5863807,-0.45986825,-0.38116437,-0.81867224,0.0,2.435143,-0.31804073,-0.54283094,-0.6525847,-0.33980462,-0.12918779,-0.02998073,-0.4750797,-0.9664112,-0.45946,-0.26408654,-0.5238158,0.3419394,-0.15184641,0.6780189,-0.002091905,0.16075201,0.79390377,0.092880026,-0.4956668,-0.2918212,-0.7028364,-0.5511482,-0.7116477,-0.5181823,-0.5502269,-0.07891211,-0.089071214,-0.13664535,0.59458166,-0.21095224,-0.1386971,-0.5011292,-0.1315063,-0.18876205,-0.318216,-0.31226066,2.4238067,-0.1035158,-0.3553568,0.8576626,1.0307996,-0.14092745,-0.14559154,-0.07594444,-0.13525806,-0.45650974,-0.1126,-0.19663753,-0.33249485,-0.34262016,-0.10404451,-0.25327262,0.30328244,-0.6338973,-0.25589234,-0.3167848,-0.11634001,-0.10285871,0.8258575,1.5411911,-0.096761994,-0.24430227,-0.23601778,-0.105260745,0.14630032,0.16403927,-0.16423048,-0.1878604,-0.27262098,-0.18197845,-0.29473403,-0.17845973,-0.17615132,-0.16902594,-0.8782379,-0.39956173,-0.08667816,-0.13816561,-0.13111202,-0.3674097,-0.5320315,-0.058380105,-0.27821597,-0.18768734,-0.26343894,-0.29000714,1.9287359,-0.32015023,-0.38124657,-0.18732525,-0.13646029,-0.5229441,-0.16090772,-0.16919546,-0.12378691,-0.1972062,-0.121971995,-0.40127507,1.4338315,-0.47894168,1.1137381,-0.8551114,-0.13004081,0.28326052,-0.13736127,-0.2564631,-0.27295262,-0.41093737,-0.6491952,-0.35004014,1.3653535,-0.7688961,0.40987036,1.2753168,-0.30028895,-0.40458918,-0.104411185,-0.082903296,-0.21987581,-0.21999276,-0.11552945,-0.4743635,-0.16334516,-0.23916888,-0.16743729,-0.16113873,0.8011175,-0.20119667,-0.13967527,-0.16589922,-0.37656844,-0.2834826,-0.76599103,-0.9058303,-0.34642437,-0.45657176,1.978339,-0.25240317,-0.22517133,-0.31185797,0.28309947,-0.34315634,1.5286343,-0.13835765,-0.6525091,-0.13427593,-0.1413686,4.557901,-0.4019654,-0.46434188,-0.19979209,-0.11347084,0.040597886,-0.1343601,-0.40304366,-0.09473648,-0.27136993,-0.4209577,-0.1394344,0.18941599,-0.39064085,-0.36591208,0.17711458,-0.3199267,-0.46137968,-0.038447097,-0.31564152,-0.5830277,-0.100661576,-0.15095781,-0.14196976,-0.16365084,1.2956607,4.554356,-0.19002195,-0.2367605,-0.09171743,-0.23513363,-0.104902744,0.22457147,-0.10136145,-0.18033062,-0.08194579,-0.2559398,-0.08038282,0.53991556,-0.13977395,-0.10345938,-0.81802917,-0.18347788,0.014722985,0.28719145,-0.55054903,-0.18084498,-0.19420716,-0.08466478,4.3168845,-0.6281654,-0.23527004,4.562786,-0.31497544,0.26172477,-0.3349747,-0.27752468,-0.07771947,-0.14401945,-0.1662169,-0.37723687,-0.39668053,0.78395003,-0.10819188,0.04304385,-0.32354373,0.14233127,-0.0035618024,1.5611875,-0.17967562,-0.27038783,-0.11929296,-0.18378413,-0.3272156,-0.26309174,-0.21392421,-0.09320213,0.5782878,-0.7174261
IL2VL,-0.35832995,-0.5431302,-0.5863807,-0.45986825,-0.38116437,-0.81867224,0.0,2.435143,-0.31804073,-0.54283094,-0.6525847,-0.33980462,-0.12918779,-0.02998073,-0.4750797,-0.9664112,-0.45946,-0.26408654,-0.5238158,0.3419394,-0.15184641,0.6780189,-0.002091905,0.16075201,0.79390377,0.092880026,-0.4956668,-0.2918212,-0.7028364,-0.5511482,-0.7116477,-0.5181823,-0.5502269,-0.07891211,-0.089071214,-0.13664535,0.59458166,-0.21095224,-0.1386971,-0.5011292,-0.1315063,-0.18876205,-0.318216,-0.31226066,2.4238067,-0.1035158,-0.3553568,0.8576626,1.0307996,-0.14092745,-0.14559154,-0.07594444,-0.13525806,-0.45650974,-0.1126,-0.19663753,-0.33249485,-0.34262016,-0.10404451,-0.25327262,0.30328244,-0.6338973,-0.25589234,-0.3167848,-0.11634001,-0.10285871,0.8258575,1.5411911,-0.096761994,-0.24430227,-0.23601778,-0.105260745,0.14630032,0.16403927,-0.16423048,-0.1878604,-0.27262098,-0.18197845,-0.29473403,-0.17845973,-0.17615132,-0.16902594,-0.8782379,-0.39956173,-0.08667816,-0.13816561,-0.13111202,-0.3674097,-0.5320315,-0.058380105,-0.27821597,-0.18768734,-0.26343894,-0.29000714,1.9287359,-0.32015023,-0.38124657,-0.18732525,-0.13646029,-0.5229441,-0.16090772,-0.16919546,-0.12378691,-0.1972062,-0.121971995,-0.40127507,1.4338315,-0.47894168,1.1137381,-0.8551114,-0.13004081,0.28326052,-0.13736127,-0.2564631,-0.27295262,-0.41093737,-0.6491952,-0.35004014,1.3653535,-0.7688961,0.40987036,1.2753168,-0.30028895,-0.40458918,-0.104411185,-0.082903296,-0.21987581,-0.21999276,-0.11552945,-0.4743635,-0.16334516,-0.23916888,-0.16743729,-0.16113873,0.8011175,-0.20119667,-0.13967527,-0.16589922,-0.37656844,-0.2834826,-0.76599103,-0.9058303,-0.34642437,-0.45657176,1.978339,-0.25240317,-0.22517133,-0.31185797,0.28309947,-0.34315634,1.5286343,-0.13835765,-0.6525091,-0.13427593,-0.1413686,4.557901,-0.4019654,-0.46434188,-0.19979209,-0.11347084,0.040597886,-0.1343601,-0.40304366,-0.09473648,-0.27136993,-0.4209577,-0.1394344,0.18941599,-0.39064085,-0.36591208,0.17711458,-0.3199267,-0.46137968,-0.038447097,-0.31564152,-0.5830277,-0.100661576,-0.15095781,-0.14196976,-0.16365084,1.2956607,4.554356,-0.19002195,-0.2367605,-0.09171743,-0.23513363,-0.104902744,0.22457147,-0.10136145,-0.18033062,-0.08194579,-0.2559398,-0.08038282,0.53991556,-0.13977395,-0.10345938,-0.81802917,-0.18347788,0.014722985,0.28719145,-0.55054903,-0.18084498,-0.19420716,-0.08466478,4.3168845,-0.6281654,-0.23527004,4.562786,-0.31497544,0.26172477,-0.3349747,-0.27752468,-0.07771947,-0.14401945,-0.1662169,-0.37723687,-0.39668053,0.78395003,-0.10819188,0.04304385,-0.32354373,0.14233127,-0.0035618024,1.5611875,-0.17967562,-0.27038783,-0.11929296,-0.18378413,-0.3272156,-0.26309174,-0.21392421,-0.09320213,0.5782878,-0.7174261
IL2VR,-0.35832995,-0.5431302,-0.5863807,-0.45986825,-0.38116437,-0.81867224,0.0,2.435143,-0.31804073,-0.54283094,-0.6525847,-0.33980462,-0.12918779,-0.02998073,-0.4750797,-0.9664112,-0.45946,-0.26408654,-0.5238158,0.3419394,-0.15184641,0.6780189,-0.002091905,0.16075201,0.79390377,0.092880026,-0.4956668,-0.2918212,-0.7028364,-0.5511482,-0.7116477,-0.5181823,-0.5502269,-0.07891211,-0.089071214,-0.13664535,0.59458166,-0.21095224,-0.1386971,-0.5011292,-0.1315063,-0.18876205,-0.318216,-0.31226066,2.4238067,-0.1035158,-0.3553568,0.8576626,1.0307996,-0.14092745,-0.14559154,-0.07594444,-0.13525806,-0.45650974,-0.1126,-0.19663753,-0.33249485,-0.34262016,-0.10404451,-0.25327262,0.30328244,-0.6338973,-0.25589234,-0.3167848,-0.11634001,-0.10285871,0.8258575,1.5411911,-0.096761994,-0.24430227,-0.23601778,-0.105260745,0.14630032,0.16403927,-0.16423048,-0.1878604,-0.27262098,-0.18197845,-0.29473403,-0.17845973,-0.17615132,-0.16902594,-0.8782379,-0.39956173,-0.08667816,-0.13816561,-0.13111202,-0.3674097,-0.5320315,-0.058380105,-0.27821597,-0.18768734,-0.26343894,-0.29000714,1.9287359,-0.32015023,-0.38124657,-0.18732525,-0.13646029,-0.5229441,-0.16090772,-0.16919546,-0.12378691,-0.1972062,-0.121971995,-0.40127507,1.4338315,-0.47894168,1.1137381,-0.8551114,-0.13004081,0.28326052,-0.13736127,-0.2564631,-0.27295262,-0.41093737,-0.6491952,-0.35004014,1.3653535,-0.7688961,0.40987036,1.2753168,-0.30028895,-0.40458918,-0.104411185,-0.082903296,-0.21987581,-0.21999276,-0.11552945,-0.4743635,-0.16334516,-0.23916888,-0.16743729,-0.16113873,0.8011175,-0.20119667,-0.13967527,-0.16589922,-0.37656844,-0.2834826,-0.76599103,-0.9058303,-0.34642437,-0.45657176,1.978339,-0.25240317,-0.22517133,-0.31185797,0.28309947,-0.34315634,1.5286343,-0.13835765,-0.6525091,-0.13427593,-0.1413686,4.557901,-0.4019654,-0.46434188,-0.19979209,-0.11347084,0.040597886,-0.1343601,-0.40304366,-0.09473648,-0.27136993,-0.4209577,-0.1394344,0.18941599,-0.39064085,-0.36591208,0.17711458,-0.3199267,-0.46137968,-0.038447097,-0.31564152,-0.5830277,-0.100661576,-0.15095781,-0.14196976,-0.16365084,1.2956607,4.554356,-0.19002195,-0.2367605,-0.09171743,-0.23513363,-0.104902744,0.22457147,-0.10136145,-0.18033062,-0.08194579,-0.2559398,-0.08038282,0.53991556,-0.13977395,-0.10345938,-0.81802917,-0.18347788,0.014722985,0.28719145,-0.55054903,-0.18084498,-0.19420716,-0.08466478,4.3168845,-0.6281654,-0.23527004,4.562786,-0.31497544,0.26172477,-0.3349747,-0.27752468,-0.07771947,-0.14401945,-0.1662169,-0.37723687,-0.39668053,0.78395003,-0.10819188,0.04304385,-0.32354373,0.14233127,-0.0035618024,1.5611875,-0.17967562,-0.27038783,-0.11929296,-0.18378413,-0.3272156,-0.26309174,-0.21392421,-0.09320213,0.5782878,-0.7174261
OLLL,-0.35832995,-0.57844824,-0.5863807,-0.35282838,0.6316871,-0.92702967,0.0,3.039152,-0.25805208,0.17294124,-0.49104306,-0.5457942,-0.36898717,1.9681247,0.2995894,-0.9072146,-0.6505479,-0.26408654,-0.6766414,1.7554171,-0.15184641,-1.002754,-0.6998183,3.2375515,1.1111801,-0.29439822,1.5025892,0.8300527,-0.19681264,2.4711497,-0.57299745,-0.96725035,-0.703889,-0.7308479,-0.08866751,-0.13832934,0.06320672,-0.21366067,-0.1395673,-0.43488955,-0.13091539,-0.20484109,-0.11833635,-0.26843154,-0.5057486,-0.1035158,-0.36177242,-0.023655491,-0.33673957,-0.1368081,-0.14105439,-0.10758631,-0.13706648,-0.46424955,-0.11816035,-0.115455866,-0.33857596,-0.3458175,-0.28052288,-0.30687413,0.124863505,-0.5645626,-0.26026434,-0.28869614,-0.18330604,-0.10285871,0.71053004,-0.0726751,-0.12658904,-0.24963738,-0.13321926,-0.105260745,-0.645504,-0.49010405,-0.17162165,-0.6069308,-0.25930837,-0.16850649,-0.29473403,-0.17845973,-0.18028031,0.19921964,-1.2304384,-0.44483757,-0.13361521,8.020864,-0.13690129,-0.2817605,-0.54464495,-0.20536517,-0.2869903,-0.1939915,-0.2832064,-0.30797932,-0.39053607,-0.4425397,-0.36393067,-0.016979646,-0.101372845,0.51025957,-0.16090772,0.0021752832,-0.1288605,1.3119619,-0.19361831,2.0203667,0.04734293,-0.4714655,0.083511464,-0.9384991,-0.22873205,0.63771516,-0.13736127,-0.18143031,-0.29024357,-0.116724074,-0.08047197,-0.14533864,-0.2685307,-0.69388914,-0.16169332,1.4316847,-0.17772725,-0.39661387,-0.14735171,-0.091602236,-0.24810167,-0.19696705,-0.11552945,0.19981347,-0.16334516,-0.2160804,-0.2069614,-0.16113873,1.6312475,0.18048167,-0.1532346,-0.16589922,-0.22741263,-0.2834826,-0.80727285,-1.2763791,-0.4022857,-0.3946918,-0.42981258,-0.44670174,-0.22517133,-0.31185797,-0.086498536,-0.20461057,-0.3882357,-0.13835765,-0.56923735,-0.14546618,-0.1413686,-0.23478852,-0.1691787,-0.32369816,-0.19979209,-0.12944376,-0.1745219,-0.1343601,-0.4181799,-0.09473648,-0.28899387,0.28972247,-0.1394344,-0.11679075,0.12531073,-0.13186891,0.46582618,-0.3282087,5.4187846,-0.1445895,-0.9372135,-0.1590875,-0.20103827,0.05898924,-0.14196976,-0.22405037,-0.3411824,-0.02741621,-0.19877854,-0.22709374,-0.09171743,-0.23422042,-0.104902744,0.113383316,-0.05624174,-0.18033062,0.017869566,-0.27448004,0.6397589,1.567089,-0.13977395,-0.15972914,-0.74688596,-0.5441429,0.21939503,1.4531943,-0.47502485,-0.18084498,-0.38829488,-0.09827855,1.4089799,-0.5127548,-0.31132117,-0.22683759,0.2999736,0.08349254,0.06584702,-0.2974128,-0.10572313,-0.14401945,-0.17649053,-0.46670645,-0.36200553,0.080939054,-0.10819188,-0.2047146,0.17962328,-0.78307754,-0.15152095,-0.33740175,-0.17967562,-0.5827211,-0.1513935,-0.19841684,-0.18540117,-0.00721459,-0.2358877,-0.09320213,-0.06699591,-0.42015526
OLLR,-0.35832995,-0.57844824,-0.5863807,-0.35282838,0.6316871,-0.92702967,0.0,3.039152,-0.25805208,0.17294124,-0.49104306,-0.5457942,-0.36898717,1.9681247,0.2995894,-0.9072146,-0.6505479,-0.26408654,-0.6766414,1.7554171,-0.15184641,-1.002754,-0.6998183,3.2375515,1.1111801,-0.29439822,1.5025892,0.8300527,-0.19681264,2.4711497,-0.57299745,-0.96725035,-0.703889,-0.7308479,-0.08866751,-0.13832934,0.06320672,-0.21366067,-0.1395673,-0.43488955,-0.13091539,-0.20484109,-0.11833635,-0.26843154,-0.5057486,-0.1035158,-0.36177242,-0.023655491,-0.33673957,-0.1368081,-0.14105439,-0.10758631,-0.13706648,-0.46424955,-0.11816035,-0.115455866,-0.33857596,-0.3458175,-0.28052288,-0.30687413,0.124863505,-0.5645626,-0.26026434,-0.28869614,-0.18330604,-0.10285871,0.71053004,-0.0726751,-0.12658904,-0.24963738,-0.13321926,-0.105260745,-0.645504,-0.49010405,-0.17162165,-0.6069308,-0.25930837,-0.16850649,-0.29473403,-0.17845973,-0.18028031,0.19921964,-1.2304384,-0.44483757,-0.13361521,8.020864,-0.13690129,-0.2817605,-0.54464495,-0.20536517,-0.2869903,-0.1939915,-0.2832064,-0.30797932,-0.39053607,-0.4425397,-0.36393067,-0.016979646,-0.101372845,0.51025957,-0.16090772,0.0021752832,-0.1288605,1.3119619,-0.19361831,2.0203667,0.04734293,-0.4714655,0.083511464,-0.9384991,-0.22873205,0.63771516,-0.13736127,-0.18143031,-0.29024357,-0.116724074,-0.08047197,-0.14533864,-0.2685307,-0.69388914,-0.16169332,1.4316847,-0.17772725,-0.39661387,-0.14735171,-0.091602236,-0.24810167,-0.19696705,-0.11552945,0.19981347,-0.16334516,-0.2160804,-0.2069614,-0.16113873,1.6312475,0.18048167,-0.1532346,-0.16589922,-0.22741263,-0.2834826,-0.80727285,-1.2763791,-0.4022857,-0.3946918,-0.42981258,-0.44670174,-0.22517133,-0.31185797,-0.086498536,-0.20461057,-0.3882357,-0.13835765,-0.56923735,-0.14546618,-0.1413686,-0.23478852,-0.1691787,-0.32369816,-0.19979209,-0.12944376,-0.1745219,-0.1343601,-0.4181799,-0.09473648,-0.28899387,0.28972247,-0.1394344,-0.11679075,0.12531073,-0.13186891,0.46582618,-0.3282087,5.4187846,-0.1445895,-0.9372135,-0.1590875,-0.20103827,0.05898924,-0.14196976,-0.22405037,-0.3411824,-0.02741621,-0.19877854,-0.22709374,-0.09171743,-0.23422042,-0.104902744,0.113383316,-0.05624174,-0.18033062,0.017869566,-0.27448004,0.6397589,1.567089,-0.13977395,-0.15972914,-0.74688596,-0.5441429,0.21939503,1.4531943,-0.47502485,-0.18084498,-0.38829488,-0.09827855,1.4089799,-0.5127548,-0.31132117,-0.22683759,0.2999736,0.08349254,0.06584702,-0.2974128,-0.10572313,-0.14401945,-0.17649053,-0.46670645,-0.36200553,0.080939054,-0.10819188,-0.2047146,0.17962328,-0.78307754,-0.15152095,-0.33740175,-0.17967562,-0.5827211,-0.1513935,-0.19841684,-0.18540117,-0.00721459,-0.2358877,-0.09320213,-0.06699591,-0.42015526
OLQDL,-0.35832995,-0.5206252,-0.27077964,-0.15946607,4.128766,-0.6870122,0.0,0.060205363,0.18109345,0.1505378,0.2921924,-0.3176552,-0.36898717,0.21189708,0.36584818,1.2071537,-0.43891287,0.5596065,-0.356589,0.47631797,-0.15184641,-0.14149114,-0.5066306,-0.6632444,0.34250927,-0.29439822,-0.5136263,0.5350144,-0.20864227,0.28888473,-0.3460717,-0.22121792,-0.023149386,-0.4921339,-0.083972804,-0.12975001,0.8082767,-0.18966338,-0.12896594,-0.11468407,-0.1252299,-0.12216122,1.4723797,0.32445052,0.27783683,-0.10134182,1.1143829,0.72778046,-0.3308669,-0.10678321,-0.13555405,0.024588361,-0.12705214,-0.39134604,-0.115081236,-0.10293564,0.5371366,-0.2656356,-0.15594292,-0.22107768,0.72005826,3.6671999,-0.2142643,-0.3179674,-0.16012895,-0.09808541,0.18580352,0.43239486,-0.15040447,-0.27815366,0.26011708,-0.105260745,0.53172904,-0.41888684,-0.07748355,1.083091,-0.2435623,-0.18197845,-0.27351472,-0.17405407,-0.12997761,-0.08516959,-0.30511394,-0.44027904,0.17179108,-0.045480225,-0.07919534,-0.30238205,-0.45561945,0.026306203,-0.25783682,5.604583,-0.23008616,-0.30300313,0.57701176,-0.4371177,-0.35424864,5.624622,-0.4612139,0.24972613,-0.14972353,-0.18007624,-0.1288605,-0.03850238,-0.19361831,-0.38773617,0.051310226,-0.40761313,-0.3550029,-0.22508913,-0.19229765,0.41885898,-0.13736127,-0.29543442,-0.20087604,-0.3357374,-0.65830153,0.1687267,0.3662018,0.17069583,1.3296655,0.46908644,-0.31298283,-0.24320069,0.59454983,-0.091602236,0.1035833,0.1892708,-0.08555,-0.3670073,-0.16334516,-0.3110946,-0.19966573,-0.15382598,1.1373528,-0.05985212,-0.115691304,-0.16589922,-0.096349604,-0.2834826,0.21733414,-0.4287247,-0.38681874,-0.40511602,-0.07895204,-0.08749611,5.3239665,-0.27997515,-0.48552272,1.4227266,-0.09401766,-0.13835765,0.23136666,-0.06166249,-0.13270804,-0.21938805,-0.1035966,0.16946259,-0.19979209,-0.12944376,-0.181881,-0.0898501,-0.40415928,-0.08214192,3.0292318,-0.18944685,-0.07583725,0.07289336,0.05800961,0.14546683,2.730815,-0.30069107,-0.3788791,-0.027033933,-0.08490078,0.5872024,-0.059013106,0.5391009,-0.13246775,-0.08070582,-0.3830444,-0.22761537,-0.03390979,-0.28932342,-0.09171743,-0.2871504,-0.104902744,-0.02552987,-0.05915269,-0.18033062,-0.10662164,-0.25394621,1.2050862,-0.43557578,-0.13977395,-0.14934242,-0.23896731,-0.42018753,-0.06271935,-0.1682381,-0.3553891,0.36180046,0.19682612,-0.09827855,-0.28443515,-0.23705606,-0.23912518,-0.22049992,0.8966661,0.8946401,-0.45575324,0.14312044,-0.07470832,-0.14401945,-0.17649053,-0.45569646,-0.39668053,2.6217368,-0.10819188,-0.1932813,-0.28431836,0.86369526,-0.13981603,-0.3059015,-0.06538981,-0.13554606,-0.11584129,-0.08497403,-0.12388809,0.3520654,-0.21156256,-0.09320213,0.044099987,0.18344313
OLQDR,-0.35832995,-0.5206252,-0.27077964,-0.15946607,4.128766,-0.6870122,0.0,0.060205363,0.18109345,0.1505378,0.2921924,-0.3176552,-0.36898717,0.21189708,0.36584818,1.2071537,-0.43891287,0.5596065,-0.356589,0.47631797,-0.15184641,-0.14149114,-0.5066306,-0.6632444,0.34250927,-0.29439822,-0.5136263,0.5350144,-0.20864227,0.28888473,-0.3460717,-0.22121792,-0.023149386,-0.4921339,-0.083972804,-0.12975001,0.8082767,-0.18966338,-0.12896594,-0.11468407,-0.1252299,-0.12216122,1.4723797,0.32445052,0.27783683,-0.10134182,1.1143829,0.72778046,-0.3308669,-0.10678321,-0.13555405,0.024588361,-0.12705214,-0.39134604,-0.115081236,-0.10293564,0.5371366,-0.2656356,-0.15594292,-0.22107768,0.72005826,3.6671999,-0.2142643,-0.3179674,-0.16012895,-0.09808541,0.18580352,0.43239486,-0.15040447,-0.27815366,0.26011708,-0.105260745,0.53172904,-0.41888684,-0.07748355,1.083091,-0.2435623,-0.18197845,-0.27351472,-0.17405407,-0.12997761,-0.08516959,-0.30511394,-0.44027904,0.17179108,-0.045480225,-0.07919534,-0.30238205,-0.45561945,0.026306203,-0.25783682,5.604583,-0.23008616,-0.30300313,0.57701176,-0.4371177,-0.35424864,5.624622,-0.4612139,0.24972613,-0.14972353,-0.18007624,-0.1288605,-0.03850238,-0.19361831,-0.38773617,0.051310226,-0.40761313,-0.3550029,-0.22508913,-0.19229765,0.41885898,-0.13736127,-0.29543442,-0.20087604,-0.3357374,-0.65830153,0.1687267,0.3662018,0.17069583,1.3296655,0.46908644,-0.31298283,-0.24320069,0.59454983,-0.091602236,0.1035833,0.1892708,-0.08555,-0.3670073,-0.16334516,-0.3110946,-0.19966573,-0.15382598,1.1373528,-0.05985212,-0.115691304,-0.16589922,-0.096349604,-0.2834826,0.21733414,-0.4287247,-0.38681874,-0.40511602,-0.07895204,-0.08749611,5.3239665,-0.27997515,-0.48552272,1.4227266,-0.09401766,-0.13835765,0.23136666,-0.06166249,-0.13270804,-0.21938805,-0.1035966,0.16946259,-0.19979209,-0.12944376,-0.181881,-0.0898501,-0.40415928,-0.08214192,3.0292318,-0.18944685,-0.07583725,0.07289336,0.05800961,0.14546683,2.730815,-0.30069107,-0.3788791,-0.027033933,-0.08490078,0.5872024,-0.059013106,0.5391009,-0.13246775,-0.08070582,-0.3830444,-0.22761537,-0.03390979,-0.28932342,-0.09171743,-0.2871504,-0.104902744,-0.02552987,-0.05915269,-0.18033062,-0.10662164,-0.25394621,1.2050862,-0.43557578,-0.13977395,-0.14934242,-0.23896731,-0.42018753,-0.06271935,-0.1682381,-0.3553891,0.36180046,0.19682612,-0.09827855,-0.28443515,-0.23705606,-0.23912518,-0.22049992,0.8966661,0.8946401,-0.45575324,0.14312044,-0.07470832,-0.14401945,-0.17649053,-0.45569646,-0.39668053,2.6217368,-0.10819188,-0.1932813,-0.28431836,0.86369526,-0.13981603,-0.3059015,-0.06538981,-0.13554606,-0.11584129,-0.08497403,-0.12388809,0.3520654,-0.21156256,-0.09320213,0.044099987,0.18344313
OLQVL,-0.35832995,-0.5206252,-0.27077964,-0.15946607,4.128766,-0.6870122,0.0,0.060205363,0.18109345,0.1505378,0.2921924,-0.3176552,-0.36898717,0.21189708,0.36584818,1.2071537,-0.43891287,0.5596065,-0.356589,0.47631797,-0.15184641,-0.14149114,-0.5066306,-0.6632444,0.34250927,-0.29439822,-0.5136263,0.5350144,-0.20864227,0.28888473,-0.3460717,-0.22121792,-0.023149386,-0.4921339,-0.083972804,-0.12975001,0.8082767,-0.18966338,-0.12896594,-0.11468407,-0.1252299,-0.12216122,1.4723797,0.32445052,0.27783683,-0.10134182,1.1143829,0.72778046,-0.3308669,-0.10678321,-0.13555405,0.024588361,-0.12705214,-0.39134604,-0.115081236,-0.10293564,0.5371366,-0.2656356,-0.15594292,-0.22107768,0.72005826,3.6671999,-0.2142643,-0.3179674,-0.16012895,-0.09808541,0.18580352,0.43239486,-0.15040447,-0.27815366,0.26011708,-0.105260745,0.53172904,-0.41888684,-0.07748355,1.083091,-0.2435623,-0.18197845,-0.27351472,-0.17405407,-0.12997761,-0.08516959,-0.30511394,-0.44027904,0.17179108,-0.045480225,-0.07919534,-0.30238205,-0.45561945,0.026306203,-0.25783682,5.604583,-0.23008616,-0.30300313,0.57701176,-0.4371177,-0.35424864,5.624622,-0.4612139,0.24972613,-0.14972353,-0.18007624,-0.1288605,-0.03850238,-0.19361831,-0.38773617,0.051310226,-0.40761313,-0.3550029,-0.22508913,-0.19229765,0.41885898,-0.13736127,-0.29543442,-0.20087604,-0.3357374,-0.65830153,0.1687267,0.3662018,0.17069583,1.3296655,0.46908644,-0.31298283,-0.24320069,0.59454983,-0.091602236,0.1035833,0.1892708,-0.08555,-0.3670073,-0.16334516,-0.3110946,-0.19966573,-0.15382598,1.1373528,-0.05985212,-0.115691304,-0.16589922,-0.096349604,-0.2834826,0.21733414,-0.4287247,-0.38681874,-0.40511602,-0.07895204,-0.08749611,5.3239665,-0.27997515,-0.48552272,1.4227266,-0.09401766,-0.13835765,0.23136666,-0.06166249,-0.13270804,-0.21938805,-0.1035966,0.16946259,-0.19979209,-0.12944376,-0.181881,-0.0898501,-0.40415928,-0.08214192,3.0292318,-0.18944685,-0.07583725,0.07289336,0.05800961,0.14546683,2.730815,-0.30069107,-0.3788791,-0.027033933,-0.08490078,0.5872024,-0.059013106,0.5391009,-0.13246775,-0.08070582,-0.3830444,-0.22761537,-0.03390979,-0.28932342,-0.09171743,-0.2871504,-0.104902744,-0.02552987,-0.05915269,-0.18033062,-0.10662164,-0.25394621,1.2050862,-0.43557578,-0.13977395,-0.14934242,-0.23896731,-0.42018753,-0.06271935,-0.1682381,-0.3553891,0.36180046,0.19682612,-0.09827855,-0.28443515,-0.23705606,-0.23912518,-0.22049992,0.8966661,0.8946401,-0.45575324,0.14312044,-0.07470832,-0.14401945,-0.17649053,-0.45569646,-0.39668053,2.6217368,-0.10819188,-0.1932813,-0.28431836,0.86369526,-0.13981603,-0.3059015,-0.06538981,-0.13554606,-0.11584129,-0.08497403,-0.12388809,0.3520654,-0.21156256,-0.09320213,0.044099987,0.18344313
OLQVR,-0.35832995,-0.5206252,-0.27077964,-0.15946607,4.128766,-0.6870122,0.0,0.060205363,0.18109345,0.1505378,0.2921924,-0.3176552,-0.36898717,0.21189708,0.36584818,1.2071537,-0.43891287,0.5596065,-0.356589,0.47631797,-0.15184641,-0.14149114,-0.5066306,-0.6632444,0.34250927,-0.29439822,-0.5136263,0.5350144,-0.20864227,0.28888473,-0.3460717,-0.22121792,-0.023149386,-0.4921339,-0.083972804,-0.12975001,0.8082767,-0.18966338,-0.12896594,-0.11468407,-0.1252299,-0.12216122,1.4723797,0.32445052,0.27783683,-0.10134182,1.1143829,0.72778046,-0.3308669,-0.10678321,-0.13555405,0.024588361,-0.12705214,-0.39134604,-0.115081236,-0.10293564,0.5371366,-0.2656356,-0.15594292,-0.22107768,0.72005826,3.6671999,-0.2142643,-0.3179674,-0.16012895,-0.09808541,0.18580352,0.43239486,-0.15040447,-0.27815366,0.26011708,-0.105260745,0.53172904,-0.41888684,-0.07748355,1.083091,-0.2435623,-0.18197845,-0.27351472,-0.17405407,-0.12997761,-0.08516959,-0.30511394,-0.44027904,0.17179108,-0.045480225,-0.07919534,-0.30238205,-0.45561945,0.026306203,-0.25783682,5.604583,-0.23008616,-0.30300313,0.57701176,-0.4371177,-0.35424864,5.624622,-0.4612139,0.24972613,-0.14972353,-0.18007624,-0.1288605,-0.03850238,-0.19361831,-0.38773617,0.051310226,-0.40761313,-0.3550029,-0.22508913,-0.19229765,0.41885898,-0.13736127,-0.29543442,-0.20087604,-0.3357374,-0.65830153,0.1687267,0.3662018,0.17069583,1.3296655,0.46908644,-0.31298283,-0.24320069,0.59454983,-0.091602236,0.1035833,0.1892708,-0.08555,-0.3670073,-0.16334516,-0.3110946,-0.19966573,-0.15382598,1.1373528,-0.05985212,-0.115691304,-0.16589922,-0.096349604,-0.2834826,0.21733414,-0.4287247,-0.38681874,-0.40511602,-0.07895204,-0.08749611,5.3239665,-0.27997515,-0.48552272,1.4227266,-0.09401766,-0.13835765,0.23136666,-0.06166249,-0.13270804,-0.21938805,-0.1035966,0.16946259,-0.19979209,-0.12944376,-0.181881,-0.0898501,-0.40415928,-0.08214192,3.0292318,-0.18944685,-0.07583725,0.07289336,0.05800961,0.14546683,2.730815,-0.30069107,-0.3788791,-0.027033933,-0.08490078,0.5872024,-0.059013106,0.5391009,-0.13246775,-0.08070582,-0.3830444,-0.22761537,-0.03390979,-0.28932342,-0.09171743,-0.2871504,-0.104902744,-0.02552987,-0.05915269,-0.18033062,-0.10662164,-0.25394621,1.2050862,-0.43557578,-0.13977395,-0.14934242,-0.23896731,-0.42018753,-0.06271935,-0.1682381,-0.3553891,0.36180046,0.19682612,-0.09827855,-0.28443515,-0.23705606,-0.23912518,-0.22049992,0.8966661,0.8946401,-0.45575324,0.14312044,-0.07470832,-0.14401945,-0.17649053,-0.45569646,-0.39668053,2.6217368,-0.10819188,-0.1932813,-0.28431836,0.86369526,-0.13981603,-0.3059015,-0.06538981,-0.13554606,-0.11584129,-0.08497403,-0.12388809,0.3520654,-0.21156256,-0.09320213,0.044099987,0.18344313
PLNL,0.0,0.0,0.0,0.0,0.0,0.0,0.0,0.0,0.0,0.0,0.0,0.0,0.0,0.0,0.0,0.0,0.0,0.0,0.0,0.0,0.0,0.0,0.0,0.0,0.0,0.0,0.0,0.0,0.0,0.0,0.0,0.0,0.0,0.0,0.0,0.0,0.0,0.0,0.0,0.0,0.0,0.0,0.0,0.0,0.0,0.0,0.0,0.0,0.0,0.0,0.0,0.0,0.0,0.0,0.0,0.0,0.0,0.0,0.0,0.0,0.0,0.0,0.0,0.0,0.0,0.0,0.0,0.0,0.0,0.0,0.0,0.0,0.0,0.0,0.0,0.0,0.0,0.0,0.0,0.0,0.0,0.0,0.0,0.0,0.0,0.0,0.0,0.0,0.0,0.0,0.0,0.0,0.0,0.0,0.0,0.0,0.0,0.0,0.0,0.0,0.0,0.0,0.0,0.0,0.0,0.0,0.0,0.0,0.0,0.0,0.0,0.0,0.0,0.0,0.0,0.0,0.0,0.0,0.0,0.0,0.0,0.0,0.0,0.0,0.0,0.0,0.0,0.0,0.0,0.0,0.0,0.0,0.0,0.0,0.0,0.0,0.0,0.0,0.0,0.0,0.0,0.0,0.0,0.0,0.0,0.0,0.0,0.0,0.0,0.0,0.0,0.0,0.0,0.0,0.0,0.0,0.0,0.0,0.0,0.0,0.0,0.0,0.0,0.0,0.0,0.0,0.0,0.0,0.0,0.0,0.0,0.0,0.0,0.0,0.0,0.0,0.0,0.0,0.0,0.0,0.0,0.0,0.0,0.0,0.0,0.0,0.0,0.0,0.0,0.0,0.0,0.0,0.0,0.0,0.0,0.0,0.0,0.0,0.0,0.0,0.0,0.0,0.0,0.0,0.0,0.0,0.0,0.0,0.0,0.0,0.0,0.0,0.0,0.0,0.0,0.0,0.0,0.0,0.0,0.0,0.0,0.0,0.0,0.0,0.0,0.0,0.0,0.0,0.0,0.0,0.0,0.0,0.0,0.0
PLNR,0.0,0.0,0.0,0.0,0.0,0.0,0.0,0.0,0.0,0.0,0.0,0.0,0.0,0.0,0.0,0.0,0.0,0.0,0.0,0.0,0.0,0.0,0.0,0.0,0.0,0.0,0.0,0.0,0.0,0.0,0.0,0.0,0.0,0.0,0.0,0.0,0.0,0.0,0.0,0.0,0.0,0.0,0.0,0.0,0.0,0.0,0.0,0.0,0.0,0.0,0.0,0.0,0.0,0.0,0.0,0.0,0.0,0.0,0.0,0.0,0.0,0.0,0.0,0.0,0.0,0.0,0.0,0.0,0.0,0.0,0.0,0.0,0.0,0.0,0.0,0.0,0.0,0.0,0.0,0.0,0.0,0.0,0.0,0.0,0.0,0.0,0.0,0.0,0.0,0.0,0.0,0.0,0.0,0.0,0.0,0.0,0.0,0.0,0.0,0.0,0.0,0.0,0.0,0.0,0.0,0.0,0.0,0.0,0.0,0.0,0.0,0.0,0.0,0.0,0.0,0.0,0.0,0.0,0.0,0.0,0.0,0.0,0.0,0.0,0.0,0.0,0.0,0.0,0.0,0.0,0.0,0.0,0.0,0.0,0.0,0.0,0.0,0.0,0.0,0.0,0.0,0.0,0.0,0.0,0.0,0.0,0.0,0.0,0.0,0.0,0.0,0.0,0.0,0.0,0.0,0.0,0.0,0.0,0.0,0.0,0.0,0.0,0.0,0.0,0.0,0.0,0.0,0.0,0.0,0.0,0.0,0.0,0.0,0.0,0.0,0.0,0.0,0.0,0.0,0.0,0.0,0.0,0.0,0.0,0.0,0.0,0.0,0.0,0.0,0.0,0.0,0.0,0.0,0.0,0.0,0.0,0.0,0.0,0.0,0.0,0.0,0.0,0.0,0.0,0.0,0.0,0.0,0.0,0.0,0.0,0.0,0.0,0.0,0.0,0.0,0.0,0.0,0.0,0.0,0.0,0.0,0.0,0.0,0.0,0.0,0.0,0.0,0.0,0.0,0.0,0.0,0.0,0.0,0.0
PVCL,0.0,0.0,0.0,0.0,0.0,0.0,0.0,0.0,0.0,0.0,0.0,0.0,0.0,0.0,0.0,0.0,0.0,0.0,0.0,0.0,0.0,0.0,0.0,0.0,0.0,0.0,0.0,0.0,0.0,0.0,0.0,0.0,0.0,0.0,0.0,0.0,0.0,0.0,0.0,0.0,0.0,0.0,0.0,0.0,0.0,0.0,0.0,0.0,0.0,0.0,0.0,0.0,0.0,0.0,0.0,0.0,0.0,0.0,0.0,0.0,0.0,0.0,0.0,0.0,0.0,0.0,0.0,0.0,0.0,0.0,0.0,0.0,0.0,0.0,0.0,0.0,0.0,0.0,0.0,0.0,0.0,0.0,0.0,0.0,0.0,0.0,0.0,0.0,0.0,0.0,0.0,0.0,0.0,0.0,0.0,0.0,0.0,0.0,0.0,0.0,0.0,0.0,0.0,0.0,0.0,0.0,0.0,0.0,0.0,0.0,0.0,0.0,0.0,0.0,0.0,0.0,0.0,0.0,0.0,0.0,0.0,0.0,0.0,0.0,0.0,0.0,0.0,0.0,0.0,0.0,0.0,0.0,0.0,0.0,0.0,0.0,0.0,0.0,0.0,0.0,0.0,0.0,0.0,0.0,0.0,0.0,0.0,0.0,0.0,0.0,0.0,0.0,0.0,0.0,0.0,0.0,0.0,0.0,0.0,0.0,0.0,0.0,0.0,0.0,0.0,0.0,0.0,0.0,0.0,0.0,0.0,0.0,0.0,0.0,0.0,0.0,0.0,0.0,0.0,0.0,0.0,0.0,0.0,0.0,0.0,0.0,0.0,0.0,0.0,0.0,0.0,0.0,0.0,0.0,0.0,0.0,0.0,0.0,0.0,0.0,0.0,0.0,0.0,0.0,0.0,0.0,0.0,0.0,0.0,0.0,0.0,0.0,0.0,0.0,0.0,0.0,0.0,0.0,0.0,0.0,0.0,0.0,0.0,0.0,0.0,0.0,0.0,0.0,0.0,0.0,0.0,0.0,0.0,0.0
PVCR,0.0,0.0,0.0,0.0,0.0,0.0,0.0,0.0,0.0,0.0,0.0,0.0,0.0,0.0,0.0,0.0,0.0,0.0,0.0,0.0,0.0,0.0,0.0,0.0,0.0,0.0,0.0,0.0,0.0,0.0,0.0,0.0,0.0,0.0,0.0,0.0,0.0,0.0,0.0,0.0,0.0,0.0,0.0,0.0,0.0,0.0,0.0,0.0,0.0,0.0,0.0,0.0,0.0,0.0,0.0,0.0,0.0,0.0,0.0,0.0,0.0,0.0,0.0,0.0,0.0,0.0,0.0,0.0,0.0,0.0,0.0,0.0,0.0,0.0,0.0,0.0,0.0,0.0,0.0,0.0,0.0,0.0,0.0,0.0,0.0,0.0,0.0,0.0,0.0,0.0,0.0,0.0,0.0,0.0,0.0,0.0,0.0,0.0,0.0,0.0,0.0,0.0,0.0,0.0,0.0,0.0,0.0,0.0,0.0,0.0,0.0,0.0,0.0,0.0,0.0,0.0,0.0,0.0,0.0,0.0,0.0,0.0,0.0,0.0,0.0,0.0,0.0,0.0,0.0,0.0,0.0,0.0,0.0,0.0,0.0,0.0,0.0,0.0,0.0,0.0,0.0,0.0,0.0,0.0,0.0,0.0,0.0,0.0,0.0,0.0,0.0,0.0,0.0,0.0,0.0,0.0,0.0,0.0,0.0,0.0,0.0,0.0,0.0,0.0,0.0,0.0,0.0,0.0,0.0,0.0,0.0,0.0,0.0,0.0,0.0,0.0,0.0,0.0,0.0,0.0,0.0,0.0,0.0,0.0,0.0,0.0,0.0,0.0,0.0,0.0,0.0,0.0,0.0,0.0,0.0,0.0,0.0,0.0,0.0,0.0,0.0,0.0,0.0,0.0,0.0,0.0,0.0,0.0,0.0,0.0,0.0,0.0,0.0,0.0,0.0,0.0,0.0,0.0,0.0,0.0,0.0,0.0,0.0,0.0,0.0,0.0,0.0,0.0,0.0,0.0,0.0,0.0,0.0,0.0
PVNL,0.0,0.0,0.0,0.0,0.0,0.0,0.0,0.0,0.0,0.0,0.0,0.0,0.0,0.0,0.0,0.0,0.0,0.0,0.0,0.0,0.0,0.0,0.0,0.0,0.0,0.0,0.0,0.0,0.0,0.0,0.0,0.0,0.0,0.0,0.0,0.0,0.0,0.0,0.0,0.0,0.0,0.0,0.0,0.0,0.0,0.0,0.0,0.0,0.0,0.0,0.0,0.0,0.0,0.0,0.0,0.0,0.0,0.0,0.0,0.0,0.0,0.0,0.0,0.0,0.0,0.0,0.0,0.0,0.0,0.0,0.0,0.0,0.0,0.0,0.0,0.0,0.0,0.0,0.0,0.0,0.0,0.0,0.0,0.0,0.0,0.0,0.0,0.0,0.0,0.0,0.0,0.0,0.0,0.0,0.0,0.0,0.0,0.0,0.0,0.0,0.0,0.0,0.0,0.0,0.0,0.0,0.0,0.0,0.0,0.0,0.0,0.0,0.0,0.0,0.0,0.0,0.0,0.0,0.0,0.0,0.0,0.0,0.0,0.0,0.0,0.0,0.0,0.0,0.0,0.0,0.0,0.0,0.0,0.0,0.0,0.0,0.0,0.0,0.0,0.0,0.0,0.0,0.0,0.0,0.0,0.0,0.0,0.0,0.0,0.0,0.0,0.0,0.0,0.0,0.0,0.0,0.0,0.0,0.0,0.0,0.0,0.0,0.0,0.0,0.0,0.0,0.0,0.0,0.0,0.0,0.0,0.0,0.0,0.0,0.0,0.0,0.0,0.0,0.0,0.0,0.0,0.0,0.0,0.0,0.0,0.0,0.0,0.0,0.0,0.0,0.0,0.0,0.0,0.0,0.0,0.0,0.0,0.0,0.0,0.0,0.0,0.0,0.0,0.0,0.0,0.0,0.0,0.0,0.0,0.0,0.0,0.0,0.0,0.0,0.0,0.0,0.0,0.0,0.0,0.0,0.0,0.0,0.0,0.0,0.0,0.0,0.0,0.0,0.0,0.0,0.0,0.0,0.0,0.0
PVNR,0.0,0.0,0.0,0.0,0.0,0.0,0.0,0.0,0.0,0.0,0.0,0.0,0.0,0.0,0.0,0.0,0.0,0.0,0.0,0.0,0.0,0.0,0.0,0.0,0.0,0.0,0.0,0.0,0.0,0.0,0.0,0.0,0.0,0.0,0.0,0.0,0.0,0.0,0.0,0.0,0.0,0.0,0.0,0.0,0.0,0.0,0.0,0.0,0.0,0.0,0.0,0.0,0.0,0.0,0.0,0.0,0.0,0.0,0.0,0.0,0.0,0.0,0.0,0.0,0.0,0.0,0.0,0.0,0.0,0.0,0.0,0.0,0.0,0.0,0.0,0.0,0.0,0.0,0.0,0.0,0.0,0.0,0.0,0.0,0.0,0.0,0.0,0.0,0.0,0.0,0.0,0.0,0.0,0.0,0.0,0.0,0.0,0.0,0.0,0.0,0.0,0.0,0.0,0.0,0.0,0.0,0.0,0.0,0.0,0.0,0.0,0.0,0.0,0.0,0.0,0.0,0.0,0.0,0.0,0.0,0.0,0.0,0.0,0.0,0.0,0.0,0.0,0.0,0.0,0.0,0.0,0.0,0.0,0.0,0.0,0.0,0.0,0.0,0.0,0.0,0.0,0.0,0.0,0.0,0.0,0.0,0.0,0.0,0.0,0.0,0.0,0.0,0.0,0.0,0.0,0.0,0.0,0.0,0.0,0.0,0.0,0.0,0.0,0.0,0.0,0.0,0.0,0.0,0.0,0.0,0.0,0.0,0.0,0.0,0.0,0.0,0.0,0.0,0.0,0.0,0.0,0.0,0.0,0.0,0.0,0.0,0.0,0.0,0.0,0.0,0.0,0.0,0.0,0.0,0.0,0.0,0.0,0.0,0.0,0.0,0.0,0.0,0.0,0.0,0.0,0.0,0.0,0.0,0.0,0.0,0.0,0.0,0.0,0.0,0.0,0.0,0.0,0.0,0.0,0.0,0.0,0.0,0.0,0.0,0.0,0.0,0.0,0.0,0.0,0.0,0.0,0.0,0.0,0.0
PVPL,-0.35832995,-0.7366114,-0.5863807,-0.35282838,-0.32166263,-0.92702967,0.0,-0.8491572,0.19405742,-0.6284125,-0.8607938,-0.5457942,-0.36898717,-0.81302226,-0.49041972,-0.5261366,-0.6505479,-0.26408654,0.4681611,-0.020048905,-0.15184641,-0.456635,-0.6998183,1.3578935,2.4728258,-0.29439822,-0.56077296,-0.5843049,-1.1594594,1.4141152,-0.57299745,-0.7014227,-0.5219672,-0.45676884,-0.091266364,-0.13713312,-1.315044,0.6072121,-0.1395673,-0.40236187,-0.13471934,-0.08246608,-0.334833,-0.19049367,-0.5526702,-0.09654408,0.28764033,2.2261922,-0.34724262,-0.14254181,-0.14736962,-0.16746502,-0.13706648,-0.6267847,-0.09841151,-0.20278443,-0.32311046,-0.27524734,0.42204204,-0.14913303,0.028546862,-0.41900402,-0.26026434,0.22401139,-0.06438361,-0.10285871,2.6146843,-0.5812775,-0.13849676,-0.2615834,-0.2528605,-0.105260745,1.0028977,0.37976554,-0.17162165,-0.7368131,-0.23268317,-0.15503451,0.49462447,-0.17845973,-0.18028031,-0.17969438,0.28892076,-0.44483757,-0.13361521,-0.13816561,-0.1163394,-0.29774216,-0.5682665,-0.22671841,-0.2869903,-0.1939915,-0.2832064,-0.30797932,0.5081798,-0.4425397,-0.38124657,-0.18178655,0.3238073,-0.49165455,-0.16090772,5.169931,-0.1288605,-0.265537,-0.17544203,-0.49201342,2.1091657,-0.38261333,-0.3667238,0.16466026,-0.22873205,1.7792213,-0.13736127,0.18083756,-0.26977268,-0.375053,0.81242186,3.5606334,-0.047519285,0.21646512,-0.7320259,-0.89026177,0.5210932,-0.37499654,-0.14735171,-0.091602236,0.07169722,-0.21999276,-0.11552945,3.48975,5.7790985,-0.37928423,-0.2069614,-0.16113873,-0.78865725,-0.2733465,0.015321854,-0.16589922,-0.22741263,4.801614,0.33934203,0.8452926,-0.4022857,-0.45657176,-0.42981258,-0.63229144,-0.22517133,-0.31185797,0.56345254,-0.7235287,1.023647,-0.13835765,1.6749033,-0.17290895,-0.1413686,-0.23478852,-0.5564255,-0.519459,-0.19979209,-0.12944376,-0.11748884,-0.1343601,-0.38983387,-0.09473648,-0.10120785,-0.59186333,-0.1394344,-0.15791109,-0.49669972,0.87959146,-0.6376002,-0.29879332,-0.49805823,-0.060814273,-0.07977829,-0.42327207,0.5163477,-0.832745,-0.14196976,-0.009527847,-0.6978081,-0.22644803,-0.19877854,-0.28932342,-0.09171743,-0.26557386,-0.104902744,1.7544259,-0.05624174,-0.18033062,-0.121062614,-0.24155514,-0.3379768,1.567089,-0.13977395,-0.15972914,-0.51050687,-0.5441429,1.2373368,-0.2676412,0.51671875,-0.18084498,-0.4560611,-0.09827855,-0.30422124,-0.4761785,-0.118383564,-0.22683759,1.1594526,-0.7116707,-0.43066093,-0.2974128,-0.055992495,-0.14401945,-0.14000139,-0.46670645,-0.39668053,-0.7552051,-0.10819188,-0.13138379,-0.29209578,-0.63535637,-0.15152095,-0.37356868,0.23263998,-0.073696926,-0.07538531,0.21735391,-0.33795354,2.8059964,-0.07987121,-0.09320213,-0.20117667,-0.5961264
PVPR,-0.35832995,-0.7366114,-0.5863807,-0.35282838,-0.32166263,-0.92702967,0.0,-0.8491572,0.19405742,-0.6284125,-0.8607938,-0.5457942,-0.36898717,-0.81302226,-0.49041972,-0.5261366,-0.6505479,-0.26408654,0.4681611,-0.020048905,-0.15184641,-0.456635,-0.6998183,1.3578935,2.4728258,-0.29439822,-0.56077296,-0.5843049,-1.1594594,1.4141152,-0.57299745,-0.7014227,-0.5219672,-0.45676884,-0.091266364,-0.13713312,-1.315044,0.6072121,-0.1395673,-0.40236187,-0.13471934,-0.08246608,-0.334833,-0.19049367,-0.5526702,-0.09654408,0.28764033,2.2261922,-0.34724262,-0.14254181,-0.14736962,-0.16746502,-0.13706648,-0.6267847,-0.09841151,-0.20278443,-0.32311046,-0.27524734,0.42204204,-0.14913303,0.028546862,-0.41900402,-0.26026434,0.22401139,-0.06438361,-0.10285871,2.6146843,-0.5812775,-0.13849676,-0.2615834,-0.2528605,-0.105260745,1.0028977,0.37976554,-0.17162165,-0.7368131,-0.23268317,-0.15503451,0.49462447,-0.17845973,-0.18028031,-0.17969438,0.28892076,-0.44483757,-0.13361521,-0.13816561,-0.1163394,-0.29774216,-0.5682665,-0.22671841,-0.2869903,-0.1939915,-0.2832064,-0.30797932,0.5081798,-0.4425397,-0.38124657,-0.18178655,0.3238073,-0.49165455,-0.16090772,5.169931,-0.1288605,-0.265537,-0.17544203,-0.49201342,2.1091657,-0.38261333,-0.3667238,0.16466026,-0.22873205,1.7792213,-0.13736127,0.18083756,-0.26977268,-0.375053,0.81242186,3.5606334,-0.047519285,0.21646512,-0.7320259,-0.89026177,0.5210932,-0.37499654,-0.14735171,-0.091602236,0.07169722,-0.21999276,-0.11552945,3.48975,5.7790985,-0.37928423,-0.2069614,-0.16113873,-0.78865725,-0.2733465,0.015321854,-0.16589922,-0.22741263,4.801614,0.33934203,0.8452926,-0.4022857,-0.45657176,-0.42981258,-0.63229144,-0.22517133,-0.31185797,0.56345254,-0.7235287,1.023647,-0.13835765,1.6749033,-0.17290895,-0.1413686,-0.23478852,-0.5564255,-0.519459,-0.19979209,-0.12944376,-0.11748884,-0.1343601,-0.38983387,-0.09473648,-0.10120785,-0.59186333,-0.1394344,-0.15791109,-0.49669972,0.87959146,-0.6376002,-0.29879332,-0.49805823,-0.060814273,-0.07977829,-0.42327207,0.5163477,-0.832745,-0.14196976,-0.009527847,-0.6978081,-0.22644803,-0.19877854,-0.28932342,-0.09171743,-0.26557386,-0.104902744,1.7544259,-0.05624174,-0.18033062,-0.121062614,-0.24155514,-0.3379768,1.567089,-0.13977395,-0.15972914,-0.51050687,-0.5441429,1.2373368,-0.2676412,0.51671875,-0.18084498,-0.4560611,-0.09827855,-0.30422124,-0.4761785,-0.118383564,-0.22683759,1.1594526,-0.7116707,-0.43066093,-0.2974128,-0.055992495,-0.14401945,-0.14000139,-0.46670645,-0.39668053,-0.7552051,-0.10819188,-0.13138379,-0.29209578,-0.63535637,-0.15152095,-0.37356868,0.23263998,-0.073696926,-0.07538531,0.21735391,-0.33795354,2.8059964,-0.07987121,-0.09320213,-0.20117667,-0.5961264
PVQL,0.0,0.0,0.0,0.0,0.0,0.0,0.0,0.0,0.0,0.0,0.0,0.0,0.0,0.0,0.0,0.0,0.0,0.0,0.0,0.0,0.0,0.0,0.0,0.0,0.0,0.0,0.0,0.0,0.0,0.0,0.0,0.0,0.0,0.0,0.0,0.0,0.0,0.0,0.0,0.0,0.0,0.0,0.0,0.0,0.0,0.0,0.0,0.0,0.0,0.0,0.0,0.0,0.0,0.0,0.0,0.0,0.0,0.0,0.0,0.0,0.0,0.0,0.0,0.0,0.0,0.0,0.0,0.0,0.0,0.0,0.0,0.0,0.0,0.0,0.0,0.0,0.0,0.0,0.0,0.0,0.0,0.0,0.0,0.0,0.0,0.0,0.0,0.0,0.0,0.0,0.0,0.0,0.0,0.0,0.0,0.0,0.0,0.0,0.0,0.0,0.0,0.0,0.0,0.0,0.0,0.0,0.0,0.0,0.0,0.0,0.0,0.0,0.0,0.0,0.0,0.0,0.0,0.0,0.0,0.0,0.0,0.0,0.0,0.0,0.0,0.0,0.0,0.0,0.0,0.0,0.0,0.0,0.0,0.0,0.0,0.0,0.0,0.0,0.0,0.0,0.0,0.0,0.0,0.0,0.0,0.0,0.0,0.0,0.0,0.0,0.0,0.0,0.0,0.0,0.0,0.0,0.0,0.0,0.0,0.0,0.0,0.0,0.0,0.0,0.0,0.0,0.0,0.0,0.0,0.0,0.0,0.0,0.0,0.0,0.0,0.0,0.0,0.0,0.0,0.0,0.0,0.0,0.0,0.0,0.0,0.0,0.0,0.0,0.0,0.0,0.0,0.0,0.0,0.0,0.0,0.0,0.0,0.0,0.0,0.0,0.0,0.0,0.0,0.0,0.0,0.0,0.0,0.0,0.0,0.0,0.0,0.0,0.0,0.0,0.0,0.0,0.0,0.0,0.0,0.0,0.0,0.0,0.0,0.0,0.0,0.0,0.0,0.0,0.0,0.0,0.0,0.0,0.0,0.0
PVQR,0.0,0.0,0.0,0.0,0.0,0.0,0.0,0.0,0.0,0.0,0.0,0.0,0.0,0.0,0.0,0.0,0.0,0.0,0.0,0.0,0.0,0.0,0.0,0.0,0.0,0.0,0.0,0.0,0.0,0.0,0.0,0.0,0.0,0.0,0.0,0.0,0.0,0.0,0.0,0.0,0.0,0.0,0.0,0.0,0.0,0.0,0.0,0.0,0.0,0.0,0.0,0.0,0.0,0.0,0.0,0.0,0.0,0.0,0.0,0.0,0.0,0.0,0.0,0.0,0.0,0.0,0.0,0.0,0.0,0.0,0.0,0.0,0.0,0.0,0.0,0.0,0.0,0.0,0.0,0.0,0.0,0.0,0.0,0.0,0.0,0.0,0.0,0.0,0.0,0.0,0.0,0.0,0.0,0.0,0.0,0.0,0.0,0.0,0.0,0.0,0.0,0.0,0.0,0.0,0.0,0.0,0.0,0.0,0.0,0.0,0.0,0.0,0.0,0.0,0.0,0.0,0.0,0.0,0.0,0.0,0.0,0.0,0.0,0.0,0.0,0.0,0.0,0.0,0.0,0.0,0.0,0.0,0.0,0.0,0.0,0.0,0.0,0.0,0.0,0.0,0.0,0.0,0.0,0.0,0.0,0.0,0.0,0.0,0.0,0.0,0.0,0.0,0.0,0.0,0.0,0.0,0.0,0.0,0.0,0.0,0.0,0.0,0.0,0.0,0.0,0.0,0.0,0.0,0.0,0.0,0.0,0.0,0.0,0.0,0.0,0.0,0.0,0.0,0.0,0.0,0.0,0.0,0.0,0.0,0.0,0.0,0.0,0.0,0.0,0.0,0.0,0.0,0.0,0.0,0.0,0.0,0.0,0.0,0.0,0.0,0.0,0.0,0.0,0.0,0.0,0.0,0.0,0.0,0.0,0.0,0.0,0.0,0.0,0.0,0.0,0.0,0.0,0.0,0.0,0.0,0.0,0.0,0.0,0.0,0.0,0.0,0.0,0.0,0.0,0.0,0.0,0.0,0.0,0.0
PVR,-0.35832995,-1.2111009,-0.5863807,-0.45986825,-0.45785543,-0.92702967,0.0,-0.8491572,-1.4636774,-0.9489539,-0.8607938,-0.5457942,-0.36898717,-0.81302226,-0.96442515,-1.2882925,-0.6505479,-0.26408654,0.13426046,-0.90778196,11.241952,0.028803984,-0.6998183,-0.89769644,2.3593554,-0.29439822,-1.0766135,-1.0086122,-0.38017377,-0.6999541,-0.8903523,-0.96725035,-0.703889,-1.004927,-0.091266364,-0.13832934,0.85964906,-0.21366067,-0.1395673,4.2924724,-0.13471934,-0.20484109,-0.33891782,-0.3223885,-0.565467,-0.1035158,-0.36177242,-0.5360322,-0.34724262,-0.14254181,-0.14736962,-0.16746502,-0.13706648,-0.680963,-0.11816035,-0.20278443,-0.36950693,-0.35365865,2.144391,8.329453,-1.5895723,-0.5766926,-0.26026434,-0.44739127,0.39148572,-0.10285871,-0.30612645,-0.59187335,-0.15040447,-0.17198831,-0.2528605,-0.105260745,9.247573,1.4988964,-0.17162165,1.8728607,-0.27262098,-0.18197845,-0.29473403,-0.17845973,-0.18028031,-0.17969438,-1.2722076,-0.44483757,-0.13361521,-0.13816561,-0.13690129,-0.6013932,-0.5918881,-0.22671841,-0.2869903,-0.1939915,-0.29898974,-0.30797932,-1.3207858,-0.4425397,-0.38124657,-0.19446401,0.65745586,-0.54175025,-0.16090772,-0.25302258,-0.1288605,-0.265537,-0.19361831,-0.5757594,-0.62546223,0.5898247,-0.41411698,-1.6870716,-0.22873205,-1.1648315,-0.13736127,7.2732368,-0.29024357,-0.53402466,0.730182,-0.4384663,-0.43261486,-1.0875559,-0.7320259,0.8969335,-0.31298283,-0.5263177,-0.14735171,-0.091602236,-0.2771743,-0.21999276,-0.11552945,1.3676157,-0.16334516,-0.44922873,-0.2069614,-0.16113873,-0.78865725,-0.5286249,-0.1532346,-0.16589922,-0.4051669,-0.2834826,-0.9744876,-1.1270761,-0.4022857,-0.45657176,-0.5155307,3.924966,-0.22517133,-0.31185797,1.5074296,-0.6889341,-1.1506523,-0.13835765,0.10195544,-0.04026894,-0.1413686,-0.23478852,-0.5564255,-0.519459,-0.19979209,-0.12944376,-0.288588,-0.1343601,-0.47487187,-0.09473648,-0.28899387,-0.6771781,-0.1394344,-0.15791109,1.1490363,-0.5589299,-0.15944874,-0.3282087,-0.53046656,-0.1445895,-1.2336109,3.3822453,9.139047,-1.1193739,-0.14196976,-0.22405037,-0.5591203,-0.24454184,-0.19877854,-0.28932342,-0.09171743,-0.29692727,-0.104902744,1.8417153,-0.10136145,-0.18033062,-0.121062614,-0.27448004,-0.6935171,1.7474942,-0.13977395,-0.15972914,-1.0620581,-0.5729626,0.13183029,-0.2743111,-0.5680008,-0.18084498,-0.4899442,-0.09827855,-0.30422124,-0.65906,-0.31132117,-0.22683759,2.6853383,-0.7116707,-0.5796133,-0.2974128,-0.10572313,-0.14401945,-0.17649053,-0.46670645,-0.39668053,-0.7886509,0.13968237,-0.2047146,-0.32354373,-0.78307754,-0.15152095,-0.37356868,-0.17967562,-0.5403024,-0.1513935,-0.19841684,-0.33795354,-0.40205124,-0.2358877,-0.09320213,5.7624135,-1.6959444
PVT,-0.35832995,0.012027679,-0.5863807,7.19705,-0.45785543,-0.92702967,0.0,-0.8491572,0.5758389,-0.9489539,1.9986122,-0.5457942,-0.36898717,-0.81302226,-0.658955,1.6587106,0.0055207335,0.10069179,0.6875818,0.808502,-0.15184641,1.4365771,1.6957089,-0.89769644,0.3849693,0.5920387,2.4139078,0.63204277,-0.114299774,6.4526467,0.33675325,0.06061657,-0.0004580083,0.58473194,-0.08624191,-0.13832934,-0.4664148,1.5407408,-0.13359198,0.25984827,-0.13471934,-0.18906832,-0.3231231,-0.28761622,-0.52423286,-0.1035158,2.7330022,0.7596247,-0.31678376,-0.14254181,-0.14736962,-0.16746502,-0.13706648,1.2942251,1.5427169,-0.11836681,0.6620414,-0.0049896473,-0.090617396,0.09536592,2.1346707,0.038899098,-0.26026434,1.2046665,-0.18330604,-0.10285871,1.159999,-0.5509026,-0.10436134,-0.2759186,-0.2528605,-0.07110388,-0.82368076,1.8529488,-0.17162165,0.18487078,-0.27262098,-0.18197845,0.54724836,-0.17845973,-0.18028031,9.856476,1.0292821,-0.44483757,0.10811062,-0.13816561,-0.13690129,0.3255417,-0.5690539,-0.22671841,-0.2869903,-0.1939915,-0.20744643,-0.30797932,-0.71113056,-0.4425397,-0.2138594,-0.19446401,-0.5926921,0.26534742,-0.16090772,7.2299457,-0.09402183,-0.265537,-0.19361831,-0.4462323,-0.58350235,-0.3836005,-0.41411698,2.0452847,-0.22873205,0.2004607,-0.13736127,0.9230842,0.10552694,-0.53402466,0.5711842,2.4760604,-0.5297259,5.096293,-0.7320259,-0.65384537,0.7329936,0.72748655,-0.08838005,-0.091602236,-0.2771743,-0.21999276,-0.11552945,2.0230916,7.802893,-0.043550577,-0.07126192,-0.16113873,-0.65498626,-0.36411214,0.2191949,-0.16589922,-0.11060268,4.6321106,0.133907,1.2429093,-0.4022857,-0.45657176,-0.5155307,3.3269556,-0.22517133,-0.31185797,0.16110207,0.06349716,3.0529933,-0.13835765,2.8061957,-0.066796936,-0.1413686,-0.23478852,-0.431646,-0.519459,-0.19979209,-0.12944376,-0.288588,-0.1343601,-0.36526734,-0.09473648,5.5803623,-0.62219745,-0.0831055,0.0010875455,0.24712114,2.374306,-0.4794424,-0.3282087,-0.020266136,0.5032723,3.3711345,1.5945957,-0.24323747,-0.688369,-0.14196976,-0.22405037,-0.27183846,-0.24454184,-0.19877854,-0.28932342,-0.09171743,-0.29692727,-0.104902744,-0.48716807,0.7709532,-0.054202195,-0.121062614,-0.27448004,-0.09206145,1.1061833,-0.13977395,-0.09533153,3.3556054,0.5971146,0.06834582,0.15122887,0.4506026,-0.18084498,-0.42443684,-0.09827855,-0.30422124,-0.37620327,-0.16211608,-0.22683759,3.877398,-0.7116707,-0.43562597,-0.024282146,-0.009577231,-0.07575341,-0.17649053,-0.46670645,-0.39668053,-0.5946654,-0.10819188,-0.2047146,0.46684784,-0.42608467,-0.15152095,-0.37356868,0.08603892,0.39460555,0.656827,0.40445077,-0.33795354,8.853578,-0.2358877,-0.09320213,-0.29063052,4.768053
RIAL,-0.35832995,2.166401,0.21409841,-0.31877023,-0.3860447,0.7978233,0.0,-0.3366074,0.3639411,1.3327184,-0.2759154,3.50471,0.36878535,-0.14646637,1.243291,2.8308141,-0.56108403,-0.065116554,0.5995531,-0.90778196,-0.15184641,-0.62709016,-0.29148984,-0.40215018,-0.21332961,-0.29439822,0.69131315,-0.4120104,1.9885194,-0.14260857,-0.4301878,0.43438646,-0.56000537,0.0789313,-0.090923786,-0.13738324,1.3778108,-0.20436172,-0.12978952,-0.2628995,-0.13171077,-0.20053944,-0.33353326,-0.29393846,-0.5429757,-0.0998398,-0.3557651,-1.0403663,-0.33755118,-0.13347213,-0.14070992,-0.16069952,-0.13537316,-0.39529535,-0.105144076,-0.18359862,0.025987677,0.11766451,-0.3791142,-0.48684242,0.8582712,-0.33605227,-0.25821745,2.0532222,-0.17938702,-0.0947875,-0.71959937,-0.56952566,-0.14726517,-0.24757396,-0.2528605,-0.105260745,-0.674602,-0.42156905,-0.14739877,-0.5481559,0.16257995,-0.18197845,0.046125315,-0.17845973,-0.16094911,-0.15971528,1.5922642,-0.41785917,-0.12262768,-0.13816561,-0.13148043,-0.1463526,-0.015843354,-0.035315566,-0.26645035,-0.1939915,-0.24905702,-0.29956508,-0.6016698,-0.4333716,0.6276415,-0.18777955,-0.65185225,2.9493122,0.4348022,-0.24741596,-0.1288605,2.6200721,-0.16965868,-0.18276231,-0.45952994,-0.15065551,-0.37663326,-0.39390415,-0.22873205,-0.7227694,-0.13736127,-0.14234942,0.79992384,-0.32970992,-0.45920464,-0.1569495,-0.4396775,-0.30268297,-0.6986126,0.69844764,0.20406227,0.1290797,-0.13931012,-0.091602236,-0.20052826,-0.20178151,-0.11552945,-0.51936084,-0.16334516,-0.24638966,-0.20079324,-0.16113873,-0.75220156,-0.2968115,-0.14688636,-0.16589922,4.5957265,-0.2834826,-0.81704515,0.18221562,0.003089749,0.34824282,-0.45526826,-0.69331115,-0.22000442,1.3054699,-0.132644,-0.5954503,0.36801937,-0.13125227,-0.5166975,-0.12949948,-0.1413686,-0.22610825,-0.24164075,-0.5120862,-0.14665218,-0.12944376,-0.266034,-0.1343601,-0.4449797,-0.09473648,-0.24773784,-0.5947072,-0.12407197,-0.12538864,-0.1252606,-0.45522985,-0.6345908,-0.25065902,-0.12279454,-0.1004171,-0.3852218,0.19498767,-0.22098699,-0.8339031,-0.12590274,-0.19981211,-0.7288778,-0.24454184,-0.17418046,-0.28932342,-0.09171743,-0.23080006,-0.104902744,-0.35829788,-0.10136145,0.0002623679,-0.121062614,-0.24843942,0.58359915,0.03835441,-0.13101,-0.15972914,-0.09612735,-0.4210045,-0.10479456,-0.38333374,0.7392973,-0.1178749,-0.4631457,-0.09827855,-0.29864517,-0.022632523,-0.21976352,-0.22683759,-0.027172193,-0.6843271,0.03560505,-0.13912116,-0.092612326,-0.14401945,-0.17649053,-0.3922389,-0.36925575,-0.7533808,-0.10819188,-0.2047146,-0.107982405,-0.5980903,-0.14162497,-0.30682424,-0.17967562,0.07253186,-0.14137425,0.089315414,-0.30778977,-0.25892296,-0.22560479,-0.09320213,-0.26704726,0.29892483
RIAR,-0.35832995,2.166401,0.21409841,-0.31877023,-0.3860447,0.7978233,0.0,-0.3366074,0.3639411,1.3327184,-0.2759154,3.50471,0.36878535,-0.14646637,1.243291,2.8308141,-0.56108403,-0.065116554,0.5995531,-0.90778196,-0.15184641,-0.62709016,-0.29148984,-0.40215018,-0.21332961,-0.29439822,0.69131315,-0.4120104,1.9885194,-0.14260857,-0.4301878,0.43438646,-0.56000537,0.0789313,-0.090923786,-0.13738324,1.3778108,-0.20436172,-0.12978952,-0.2628995,-0.13171077,-0.20053944,-0.33353326,-0.29393846,-0.5429757,-0.0998398,-0.3557651,-1.0403663,-0.33755118,-0.13347213,-0.14070992,-0.16069952,-0.13537316,-0.39529535,-0.105144076,-0.18359862,0.025987677,0.11766451,-0.3791142,-0.48684242,0.8582712,-0.33605227,-0.25821745,2.0532222,-0.17938702,-0.0947875,-0.71959937,-0.56952566,-0.14726517,-0.24757396,-0.2528605,-0.105260745,-0.674602,-0.42156905,-0.14739877,-0.5481559,0.16257995,-0.18197845,0.046125315,-0.17845973,-0.16094911,-0.15971528,1.5922642,-0.41785917,-0.12262768,-0.13816561,-0.13148043,-0.1463526,-0.015843354,-0.035315566,-0.26645035,-0.1939915,-0.24905702,-0.29956508,-0.6016698,-0.4333716,0.6276415,-0.18777955,-0.65185225,2.9493122,0.4348022,-0.24741596,-0.1288605,2.6200721,-0.16965868,-0.18276231,-0.45952994,-0.15065551,-0.37663326,-0.39390415,-0.22873205,-0.7227694,-0.13736127,-0.14234942,0.79992384,-0.32970992,-0.45920464,-0.1569495,-0.4396775,-0.30268297,-0.6986126,0.69844764,0.20406227,0.1290797,-0.13931012,-0.091602236,-0.20052826,-0.20178151,-0.11552945,-0.51936084,-0.16334516,-0.24638966,-0.20079324,-0.16113873,-0.75220156,-0.2968115,-0.14688636,-0.16589922,4.5957265,-0.2834826,-0.81704515,0.18221562,0.003089749,0.34824282,-0.45526826,-0.69331115,-0.22000442,1.3054699,-0.132644,-0.5954503,0.36801937,-0.13125227,-0.5166975,-0.12949948,-0.1413686,-0.22610825,-0.24164075,-0.5120862,-0.14665218,-0.12944376,-0.266034,-0.1343601,-0.4449797,-0.09473648,-0.24773784,-0.5947072,-0.12407197,-0.12538864,-0.1252606,-0.45522985,-0.6345908,-0.25065902,-0.12279454,-0.1004171,-0.3852218,0.19498767,-0.22098699,-0.8339031,-0.12590274,-0.19981211,-0.7288778,-0.24454184,-0.17418046,-0.28932342,-0.09171743,-0.23080006,-0.104902744,-0.35829788,-0.10136145,0.0002623679,-0.121062614,-0.24843942,0.58359915,0.03835441,-0.13101,-0.15972914,-0.09612735,-0.4210045,-0.10479456,-0.38333374,0.7392973,-0.1178749,-0.4631457,-0.09827855,-0.29864517,-0.022632523,-0.21976352,-0.22683759,-0.027172193,-0.6843271,0.03560505,-0.13912116,-0.092612326,-0.14401945,-0.17649053,-0.3922389,-0.36925575,-0.7533808,-0.10819188,-0.2047146,-0.107982405,-0.5980903,-0.14162497,-0.30682424,-0.17967562,0.07253186,-0.14137425,0.089315414,-0.30778977,-0.25892296,-0.22560479,-0.09320213,-0.26704726,0.29892483
RIBL,-0.35832995,-0.61283153,3.2419977,0.07998496,-0.45785543,1.9844866,0.0,-0.8491572,-0.3235752,-0.54479295,-0.39458635,-0.5457942,5.9209056,-0.81302226,-0.36676612,2.5556245,0.6330646,-0.26408654,-1.2490426,0.21153365,-0.15184641,-0.58327127,-0.6998183,3.3683105,-0.07285942,-0.29439822,-0.42620584,-0.47361606,-0.32237524,-0.6999541,-0.8903523,-0.2969024,0.44300935,-0.659349,-0.08962795,-0.13832934,0.037364487,-0.20557463,-0.1395673,-0.1865121,-0.13471934,-0.19455451,-0.32861692,-0.23167823,-0.54395354,-0.08593495,2.9781706,0.6129803,-0.33399963,-0.14254181,-0.059780255,-0.16746502,-0.13706648,1.0658686,-0.11816035,-0.20278443,-0.30125707,1.9697028,0.37538952,-0.47147352,-0.5087324,-0.45816246,-0.2308959,-0.17033817,-0.16456284,-0.083557986,0.06843121,-0.5785133,-0.15040447,-0.30001834,-0.2528605,-0.105260745,-0.42144942,0.14554437,-0.17162165,0.8023246,-0.27262098,-0.18197845,-0.29473403,-0.17845973,-0.12480817,-0.17969438,-0.44930682,-0.44483757,-0.08106612,-0.13816561,-0.11097543,-0.4401872,-0.57699627,-0.09210004,-0.2869903,-0.1939915,-0.27908903,-0.30797932,-0.8237843,-0.39869234,-0.25024793,-0.19446401,-0.3440028,-0.35225776,-0.13829623,0.015120103,-0.1288605,-0.2349367,-0.19361831,-0.28009966,-0.37917593,-0.6549646,-0.41411698,-0.4203226,-0.22873205,-0.30694994,-0.13736127,-0.4208421,-0.29024357,-0.53402466,-0.11418531,-0.4384663,-0.453726,-0.40505755,-0.6254904,-0.85079783,-0.28455955,-0.14472519,-0.14735171,-0.091602236,-0.2771743,-0.21999276,-0.11552945,-0.3264889,-0.16334516,-0.067068174,-0.2069614,0.10498141,-0.78865725,0.07935692,-0.1532346,-0.16589922,-0.37314907,-0.24973714,-0.82389045,0.022247648,-0.3084751,-0.35254163,-0.5155307,-0.45611575,-0.22517133,0.71948177,-0.89254576,-0.7979821,1.2704194,-0.10437547,-0.085390635,-0.17290895,-0.1413686,-0.23478852,-0.5564255,-0.519459,-0.19979209,-0.12944376,-0.288588,-0.1343601,-0.43913126,-0.09473648,0.22401574,-0.13932423,-0.1394344,0.41241008,0.0053032595,-0.6581215,-0.58842576,-0.3282087,0.73627794,-0.09177469,-0.53956234,0.4874265,-0.13682213,-0.5170379,-0.14196976,-0.22405037,-0.65904444,-0.24454184,-0.19877854,-0.28932342,-0.09171743,-0.2178621,-0.104902744,0.014708308,-0.10136145,-0.18033062,-0.06267083,-0.191452,-0.4693721,1.2118453,-0.13977395,-0.15972914,0.08044092,-0.5366248,1.1531032,-0.3163605,-0.37261653,-0.18084498,-0.4899442,-0.09827855,-0.30422124,-0.47458822,4.7486773,-0.22683759,0.14887542,-0.7116707,0.14032312,7.3175893,-0.10572313,-0.14401945,-0.17649053,-0.46670645,-0.39668053,-0.7043094,-0.10819188,-0.15848431,-0.24424022,1.8245225,-0.15152095,0.40166178,-0.17967562,0.3689329,-0.1513935,-0.19841684,-0.33795354,0.22024564,-0.2358877,-0.09320213,0.04773837,0.19000426
RIBR,-0.35832995,-0.61283153,3.2419977,0.07998496,-0.45785543,1.9844866,0.0,-0.8491572,-0.3235752,-0.54479295,-0.39458635,-0.5457942,5.9209056,-0.81302226,-0.36676612,2.5556245,0.6330646,-0.26408654,-1.2490426,0.21153365,-0.15184641,-0.58327127,-0.6998183,3.3683105,-0.07285942,-0.29439822,-0.42620584,-0.47361606,-0.32237524,-0.6999541,-0.8903523,-0.2969024,0.44300935,-0.659349,-0.08962795,-0.13832934,0.037364487,-0.20557463,-0.1395673,-0.1865121,-0.13471934,-0.19455451,-0.32861692,-0.23167823,-0.54395354,-0.08593495,2.9781706,0.6129803,-0.33399963,-0.14254181,-0.059780255,-0.16746502,-0.13706648,1.0658686,-0.11816035,-0.20278443,-0.30125707,1.9697028,0.37538952,-0.47147352,-0.5087324,-0.45816246,-0.2308959,-0.17033817,-0.16456284,-0.083557986,0.06843121,-0.5785133,-0.15040447,-0.30001834,-0.2528605,-0.105260745,-0.42144942,0.14554437,-0.17162165,0.8023246,-0.27262098,-0.18197845,-0.29473403,-0.17845973,-0.12480817,-0.17969438,-0.44930682,-0.44483757,-0.08106612,-0.13816561,-0.11097543,-0.4401872,-0.57699627,-0.09210004,-0.2869903,-0.1939915,-0.27908903,-0.30797932,-0.8237843,-0.39869234,-0.25024793,-0.19446401,-0.3440028,-0.35225776,-0.13829623,0.015120103,-0.1288605,-0.2349367,-0.19361831,-0.28009966,-0.37917593,-0.6549646,-0.41411698,-0.4203226,-0.22873205,-0.30694994,-0.13736127,-0.4208421,-0.29024357,-0.53402466,-0.11418531,-0.4384663,-0.453726,-0.40505755,-0.6254904,-0.85079783,-0.28455955,-0.14472519,-0.14735171,-0.091602236,-0.2771743,-0.21999276,-0.11552945,-0.3264889,-0.16334516,-0.067068174,-0.2069614,0.10498141,-0.78865725,0.07935692,-0.1532346,-0.16589922,-0.37314907,-0.24973714,-0.82389045,0.022247648,-0.3084751,-0.35254163,-0.5155307,-0.45611575,-0.22517133,0.71948177,-0.89254576,-0.7979821,1.2704194,-0.10437547,-0.085390635,-0.17290895,-0.1413686,-0.23478852,-0.5564255,-0.519459,-0.19979209,-0.12944376,-0.288588,-0.1343601,-0.43913126,-0.09473648,0.22401574,-0.13932423,-0.1394344,0.41241008,0.0053032595,-0.6581215,-0.58842576,-0.3282087,0.73627794,-0.09177469,-0.53956234,0.4874265,-0.13682213,-0.5170379,-0.14196976,-0.22405037,-0.65904444,-0.24454184,-0.19877854,-0.28932342,-0.09171743,-0.2178621,-0.104902744,0.014708308,-0.10136145,-0.18033062,-0.06267083,-0.191452,-0.4693721,1.2118453,-0.13977395,-0.15972914,0.08044092,-0.5366248,1.1531032,-0.3163605,-0.37261653,-0.18084498,-0.4899442,-0.09827855,-0.30422124,-0.47458822,4.7486773,-0.22683759,0.14887542,-0.7116707,0.14032312,7.3175893,-0.10572313,-0.14401945,-0.17649053,-0.46670645,-0.39668053,-0.7043094,-0.10819188,-0.15848431,-0.24424022,1.8245225,-0.15152095,0.40166178,-0.17967562,0.3689329,-0.1513935,-0.19841684,-0.33795354,0.22024564,-0.2358877,-0.09320213,0.04773837,0.19000426
RICL,-0.35832995,0.062991366,-0.5863807,0.057491086,0.20040986,0.0030380508,0.0,-0.8491572,0.478719,0.342116,-0.8607938,-0.5457942,0.8071718,-0.81302226,0.81748426,2.3954613,0.4428998,-0.26408654,-0.09629004,0.5224546,-0.15184641,-0.26448205,0.7973861,1.5249742,2.3593554,-0.29439822,-0.66107535,0.8143376,0.5060726,-0.6999541,1.4104706,0.7458611,-0.4107928,-1.004927,-0.08917284,-0.1364021,-0.75716347,-0.21366067,-0.1395673,-0.19477175,-0.13471934,-0.1982691,-0.32575554,-0.31272954,-0.5585947,-0.09228359,-0.28834954,1.6062574,-0.330321,-0.14254181,-0.1371951,-0.16746502,-0.13706648,-0.2445262,-0.10225157,-0.20278443,0.8140326,-0.16416463,-0.263491,-0.18418652,-0.95334756,-0.54737866,2.1539311,-0.36872187,0.08014017,-0.10285871,2.726006,-0.5748022,-0.15040447,-0.30671275,-0.2207346,-0.105260745,-0.39566535,-0.27136487,-0.1504747,-0.6846998,0.47806183,-0.18197845,-0.29473403,-0.17845973,7.711145,-0.17969438,0.014809535,-0.3977324,0.13496904,-0.13816561,-0.13690129,-0.29241493,-0.42063156,0.22051379,-0.2869903,-0.1939915,7.3550477,-0.30797932,2.0831223,-0.41452608,-0.32545087,-0.19446401,0.0009854916,0.023218134,-0.16090772,-0.15023455,-0.1288605,-0.10913538,-0.19361831,-0.5487746,-0.4156628,0.756834,-0.41411698,-0.89362836,-0.19735798,0.58074754,-0.13736127,-0.50881314,-0.29024357,-0.3419339,-0.36766002,-0.40473333,-0.2707631,-0.25511467,-0.7320259,-0.46339884,-0.20402695,-0.14321089,-0.14735171,-0.091602236,-0.2771743,-0.034507792,-0.11552945,0.19423272,-0.16334516,-0.37410316,-0.13157281,1.3879434,-0.78865725,-0.11734307,-0.1532346,-0.066730134,0.085773446,0.3633059,-0.08931125,-0.9371735,-0.3623293,-0.45657176,-0.33139548,-0.70962054,-0.22517133,-0.17458472,3.4521248,-0.31271836,-0.9231823,-0.13835765,2.3307247,-0.1286956,-0.1413686,-0.23478852,0.119463615,-0.519459,-0.19979209,-0.12944376,-0.19670142,-0.1343601,-0.47487187,-0.09473648,-0.28899387,-0.6313609,-0.1394344,-0.15791109,0.14690849,-0.5589299,-0.6483279,-0.3282087,-0.26194006,0.057867303,1.0175982,-0.57004106,-0.24323747,-0.40103242,-0.14196976,-0.22405037,-0.12819758,-0.24454184,-0.19877854,-0.28932342,-0.09171743,-0.29692727,-0.104902744,3.979338,-0.10136145,-0.022670092,-0.121062614,0.04379406,-0.12070219,1.7474937,-0.13977395,-0.15972914,0.397802,3.745179,-0.07978481,-0.20983535,-0.51806927,-0.18084498,-0.43535474,-0.09827855,-0.30422124,-0.48227453,0.1860291,-0.22683759,2.6251335,-0.60027105,-0.33963445,0.6699249,-0.10572313,-0.14401945,-0.0589144,-0.46670645,-0.39668053,-0.734766,-0.10819188,-0.2047146,-0.32354373,-0.6045811,-0.15152095,0.5004657,-0.17967562,-0.458293,-0.1513935,-0.030953623,-0.27650884,-0.32253554,-0.2358877,-0.09320213,0.21378979,-0.70366395
RICR,-0.35832995,0.062991366,-0.5863807,0.057491086,0.20040986,0.0030380508,0.0,-0.8491572,0.478719,0.342116,-0.8607938,-0.5457942,0.8071718,-0.81302226,0.81748426,2.3954613,0.4428998,-0.26408654,-0.09629004,0.5224546,-0.15184641,-0.26448205,0.7973861,1.5249742,2.3593554,-0.29439822,-0.66107535,0.8143376,0.5060726,-0.6999541,1.4104706,0.7458611,-0.4107928,-1.004927,-0.08917284,-0.1364021,-0.75716347,-0.21366067,-0.1395673,-0.19477175,-0.13471934,-0.1982691,-0.32575554,-0.31272954,-0.5585947,-0.09228359,-0.28834954,1.6062574,-0.330321,-0.14254181,-0.1371951,-0.16746502,-0.13706648,-0.2445262,-0.10225157,-0.20278443,0.8140326,-0.16416463,-0.263491,-0.18418652,-0.95334756,-0.54737866,2.1539311,-0.36872187,0.08014017,-0.10285871,2.726006,-0.5748022,-0.15040447,-0.30671275,-0.2207346,-0.105260745,-0.39566535,-0.27136487,-0.1504747,-0.6846998,0.47806183,-0.18197845,-0.29473403,-0.17845973,7.711145,-0.17969438,0.014809535,-0.3977324,0.13496904,-0.13816561,-0.13690129,-0.29241493,-0.42063156,0.22051379,-0.2869903,-0.1939915,7.3550477,-0.30797932,2.0831223,-0.41452608,-0.32545087,-0.19446401,0.0009854916,0.023218134,-0.16090772,-0.15023455,-0.1288605,-0.10913538,-0.19361831,-0.5487746,-0.4156628,0.756834,-0.41411698,-0.89362836,-0.19735798,0.58074754,-0.13736127,-0.50881314,-0.29024357,-0.3419339,-0.36766002,-0.40473333,-0.2707631,-0.25511467,-0.7320259,-0.46339884,-0.20402695,-0.14321089,-0.14735171,-0.091602236,-0.2771743,-0.034507792,-0.11552945,0.19423272,-0.16334516,-0.37410316,-0.13157281,1.3879434,-0.78865725,-0.11734307,-0.1532346,-0.066730134,0.085773446,0.3633059,-0.08931125,-0.9371735,-0.3623293,-0.45657176,-0.33139548,-0.70962054,-0.22517133,-0.17458472,3.4521248,-0.31271836,-0.9231823,-0.13835765,2.3307247,-0.1286956,-0.1413686,-0.23478852,0.119463615,-0.519459,-0.19979209,-0.12944376,-0.19670142,-0.1343601,-0.47487187,-0.09473648,-0.28899387,-0.6313609,-0.1394344,-0.15791109,0.14690849,-0.5589299,-0.6483279,-0.3282087,-0.26194006,0.057867303,1.0175982,-0.57004106,-0.24323747,-0.40103242,-0.14196976,-0.22405037,-0.12819758,-0.24454184,-0.19877854,-0.28932342,-0.09171743,-0.29692727,-0.104902744,3.979338,-0.10136145,-0.022670092,-0.121062614,0.04379406,-0.12070219,1.7474937,-0.13977395,-0.15972914,0.397802,3.745179,-0.07978481,-0.20983535,-0.51806927,-0.18084498,-0.43535474,-0.09827855,-0.30422124,-0.48227453,0.1860291,-0.22683759,2.6251335,-0.60027105,-0.33963445,0.6699249,-0.10572313,-0.14401945,-0.0589144,-0.46670645,-0.39668053,-0.734766,-0.10819188,-0.2047146,-0.32354373,-0.6045811,-0.15152095,0.5004657,-0.17967562,-0.458293,-0.1513935,-0.030953623,-0.27650884,-0.32253554,-0.2358877,-0.09320213,0.21378979,-0.70366395
RID,-0.35832995,0.3178098,1.0442249,-0.45986825,-0.45785543,-0.92702967,0.0,2.2830918,-0.97807837,0.342116,0.33062527,-0.5457942,-0.36898717,-0.81302226,-0.7098667,0.55358446,-0.6505479,-0.26408654,-0.3268406,-0.90778196,-0.15184641,-0.26448205,1.2964542,0.31363887,1.2624742,-0.29439822,-0.24553704,5.1438437,0.5060726,1.0030462,0.38788265,1.6024169,4.2787476,0.31978872,-0.091266364,-0.13254762,0.8769969,-0.21366067,-0.1395673,2.5827336,-0.12859075,-0.16540915,-0.32575554,10.176905,-0.54485,-0.08105139,4.777829,-0.60458547,-0.330321,-0.13330416,-0.14736962,-0.1399018,-0.12671833,5.391743,-0.11816035,-0.20278443,0.9759905,-0.35365865,-0.14000984,1.2559316,-1.3568071,1.1235125,-0.26026434,5.4331465,0.032240864,0.390382,-1.0909138,-0.54065996,-0.15040447,-0.2489737,-0.2528605,-0.105260745,-0.78242624,0.12202658,-0.17162165,0.15232018,-0.22972482,-0.18197845,-0.2728074,-0.17845973,-0.18028031,-0.14917076,1.2008842,-0.44483757,-0.13361521,-0.13816561,-0.13690129,-0.3954077,-0.57285964,-0.22671841,-0.2869903,-0.1939915,-0.29898974,-0.30797932,0.25415677,-0.4425397,-0.38124657,-0.19446401,-0.6840271,-0.40723398,-0.16090772,-0.25302258,-0.1288605,-0.1873362,-0.19361831,-0.5757594,-0.17089668,-0.10207066,-0.41411698,-0.13192293,-0.22873205,-0.884292,-0.13736127,0.6584943,-0.29024357,-0.53402466,-0.14052023,-0.4384663,-0.43261486,0.14128588,-0.6639615,-0.97352344,-0.31298283,-0.45666197,-0.14735171,-0.091602236,-0.2771743,1.5606629,-0.012266911,-0.3722279,-0.16334516,-0.37410316,-0.1692671,-0.16113873,-0.78865725,-0.025947118,-0.1532346,-0.16589922,1.9677116,-0.2834826,2.7971327,-0.25352374,-0.4022857,-0.45657176,-0.37742925,2.33027,-0.22517133,-0.31185797,-0.5868576,-0.14551142,-0.28626633,-0.13835765,0.7953504,-0.1286956,-0.1413686,-0.23478852,-0.5564255,-0.519459,-0.1348433,-0.12944376,-0.104814835,-0.1343601,-0.4292033,-0.09473648,-0.28899387,-0.12737188,-0.1394344,-0.15791109,0.08427546,2.211349,-0.6483279,-0.3282087,-0.44095773,-0.0096183,-1.0289556,0.40282944,-0.1752499,2.831504,-0.14196976,-0.22405037,-0.60700065,-0.24454184,-0.19877854,-0.28932342,-0.09171743,-0.29692727,-0.104902744,-0.52092,-0.10136145,-0.18033062,-0.121062614,-0.22143435,1.3113354,-0.27769715,-0.13977395,-0.10606447,6.4911294,-0.48009932,-1.0849568,6.6890693,-0.46813774,-0.18084498,-0.43535474,-0.09827855,-0.2701452,-0.65906,-0.31132117,-0.22683759,-0.023886736,-0.6559708,1.1802318,0.8406316,-0.10572313,-0.14401945,-0.17649053,-0.46670645,-0.39668053,-0.6808812,-0.10819188,-0.2047146,-0.2728776,-0.78307754,-0.15152095,-0.37356868,-0.17967562,0.7718493,-0.1513935,-0.19841684,-0.27650884,-0.40205124,-0.2358877,-0.09320213,-0.29063052,-1.1289271
RIFL,0.0,0.0,0.0,0.0,0.0,0.0,0.0,0.0,0.0,0.0,0.0,0.0,0.0,0.0,0.0,0.0,0.0,0.0,0.0,0.0,0.0,0.0,0.0,0.0,0.0,0.0,0.0,0.0,0.0,0.0,0.0,0.0,0.0,0.0,0.0,0.0,0.0,0.0,0.0,0.0,0.0,0.0,0.0,0.0,0.0,0.0,0.0,0.0,0.0,0.0,0.0,0.0,0.0,0.0,0.0,0.0,0.0,0.0,0.0,0.0,0.0,0.0,0.0,0.0,0.0,0.0,0.0,0.0,0.0,0.0,0.0,0.0,0.0,0.0,0.0,0.0,0.0,0.0,0.0,0.0,0.0,0.0,0.0,0.0,0.0,0.0,0.0,0.0,0.0,0.0,0.0,0.0,0.0,0.0,0.0,0.0,0.0,0.0,0.0,0.0,0.0,0.0,0.0,0.0,0.0,0.0,0.0,0.0,0.0,0.0,0.0,0.0,0.0,0.0,0.0,0.0,0.0,0.0,0.0,0.0,0.0,0.0,0.0,0.0,0.0,0.0,0.0,0.0,0.0,0.0,0.0,0.0,0.0,0.0,0.0,0.0,0.0,0.0,0.0,0.0,0.0,0.0,0.0,0.0,0.0,0.0,0.0,0.0,0.0,0.0,0.0,0.0,0.0,0.0,0.0,0.0,0.0,0.0,0.0,0.0,0.0,0.0,0.0,0.0,0.0,0.0,0.0,0.0,0.0,0.0,0.0,0.0,0.0,0.0,0.0,0.0,0.0,0.0,0.0,0.0,0.0,0.0,0.0,0.0,0.0,0.0,0.0,0.0,0.0,0.0,0.0,0.0,0.0,0.0,0.0,0.0,0.0,0.0,0.0,0.0,0.0,0.0,0.0,0.0,0.0,0.0,0.0,0.0,0.0,0.0,0.0,0.0,0.0,0.0,0.0,0.0,0.0,0.0,0.0,0.0,0.0,0.0,0.0,0.0,0.0,0.0,0.0,0.0,0.0,0.0,0.0,0.0,0.0,0.0
RIFR,0.0,0.0,0.0,0.0,0.0,0.0,0.0,0.0,0.0,0.0,0.0,0.0,0.0,0.0,0.0,0.0,0.0,0.0,0.0,0.0,0.0,0.0,0.0,0.0,0.0,0.0,0.0,0.0,0.0,0.0,0.0,0.0,0.0,0.0,0.0,0.0,0.0,0.0,0.0,0.0,0.0,0.0,0.0,0.0,0.0,0.0,0.0,0.0,0.0,0.0,0.0,0.0,0.0,0.0,0.0,0.0,0.0,0.0,0.0,0.0,0.0,0.0,0.0,0.0,0.0,0.0,0.0,0.0,0.0,0.0,0.0,0.0,0.0,0.0,0.0,0.0,0.0,0.0,0.0,0.0,0.0,0.0,0.0,0.0,0.0,0.0,0.0,0.0,0.0,0.0,0.0,0.0,0.0,0.0,0.0,0.0,0.0,0.0,0.0,0.0,0.0,0.0,0.0,0.0,0.0,0.0,0.0,0.0,0.0,0.0,0.0,0.0,0.0,0.0,0.0,0.0,0.0,0.0,0.0,0.0,0.0,0.0,0.0,0.0,0.0,0.0,0.0,0.0,0.0,0.0,0.0,0.0,0.0,0.0,0.0,0.0,0.0,0.0,0.0,0.0,0.0,0.0,0.0,0.0,0.0,0.0,0.0,0.0,0.0,0.0,0.0,0.0,0.0,0.0,0.0,0.0,0.0,0.0,0.0,0.0,0.0,0.0,0.0,0.0,0.0,0.0,0.0,0.0,0.0,0.0,0.0,0.0,0.0,0.0,0.0,0.0,0.0,0.0,0.0,0.0,0.0,0.0,0.0,0.0,0.0,0.0,0.0,0.0,0.0,0.0,0.0,0.0,0.0,0.0,0.0,0.0,0.0,0.0,0.0,0.0,0.0,0.0,0.0,0.0,0.0,0.0,0.0,0.0,0.0,0.0,0.0,0.0,0.0,0.0,0.0,0.0,0.0,0.0,0.0,0.0,0.0,0.0,0.0,0.0,0.0,0.0,0.0,0.0,0.0,0.0,0.0,0.0,0.0,0.0
RIGL,0.0,0.0,0.0,0.0,0.0,0.0,0.0,0.0,0.0,0.0,0.0,0.0,0.0,0.0,0.0,0.0,0.0,0.0,0.0,0.0,0.0,0.0,0.0,0.0,0.0,0.0,0.0,0.0,0.0,0.0,0.0,0.0,0.0,0.0,0.0,0.0,0.0,0.0,0.0,0.0,0.0,0.0,0.0,0.0,0.0,0.0,0.0,0.0,0.0,0.0,0.0,0.0,0.0,0.0,0.0,0.0,0.0,0.0,0.0,0.0,0.0,0.0,0.0,0.0,0.0,0.0,0.0,0.0,0.0,0.0,0.0,0.0,0.0,0.0,0.0,0.0,0.0,0.0,0.0,0.0,0.0,0.0,0.0,0.0,0.0,0.0,0.0,0.0,0.0,0.0,0.0,0.0,0.0,0.0,0.0,0.0,0.0,0.0,0.0,0.0,0.0,0.0,0.0,0.0,0.0,0.0,0.0,0.0,0.0,0.0,0.0,0.0,0.0,0.0,0.0,0.0,0.0,0.0,0.0,0.0,0.0,0.0,0.0,0.0,0.0,0.0,0.0,0.0,0.0,0.0,0.0,0.0,0.0,0.0,0.0,0.0,0.0,0.0,0.0,0.0,0.0,0.0,0.0,0.0,0.0,0.0,0.0,0.0,0.0,0.0,0.0,0.0,0.0,0.0,0.0,0.0,0.0,0.0,0.0,0.0,0.0,0.0,0.0,0.0,0.0,0.0,0.0,0.0,0.0,0.0,0.0,0.0,0.0,0.0,0.0,0.0,0.0,0.0,0.0,0.0,0.0,0.0,0.0,0.0,0.0,0.0,0.0,0.0,0.0,0.0,0.0,0.0,0.0,0.0,0.0,0.0,0.0,0.0,0.0,0.0,0.0,0.0,0.0,0.0,0.0,0.0,0.0,0.0,0.0,0.0,0.0,0.0,0.0,0.0,0.0,0.0,0.0,0.0,0.0,0.0,0.0,0.0,0.0,0.0,0.0,0.0,0.0,0.0,0.0,0.0,0.0,0.0,0.0,0.0
RIGR,0.0,0.0,0.0,0.0,0.0,0.0,0.0,0.0,0.0,0.0,0.0,0.0,0.0,0.0,0.0,0.0,0.0,0.0,0.0,0.0,0.0,0.0,0.0,0.0,0.0,0.0,0.0,0.0,0.0,0.0,0.0,0.0,0.0,0.0,0.0,0.0,0.0,0.0,0.0,0.0,0.0,0.0,0.0,0.0,0.0,0.0,0.0,0.0,0.0,0.0,0.0,0.0,0.0,0.0,0.0,0.0,0.0,0.0,0.0,0.0,0.0,0.0,0.0,0.0,0.0,0.0,0.0,0.0,0.0,0.0,0.0,0.0,0.0,0.0,0.0,0.0,0.0,0.0,0.0,0.0,0.0,0.0,0.0,0.0,0.0,0.0,0.0,0.0,0.0,0.0,0.0,0.0,0.0,0.0,0.0,0.0,0.0,0.0,0.0,0.0,0.0,0.0,0.0,0.0,0.0,0.0,0.0,0.0,0.0,0.0,0.0,0.0,0.0,0.0,0.0,0.0,0.0,0.0,0.0,0.0,0.0,0.0,0.0,0.0,0.0,0.0,0.0,0.0,0.0,0.0,0.0,0.0,0.0,0.0,0.0,0.0,0.0,0.0,0.0,0.0,0.0,0.0,0.0,0.0,0.0,0.0,0.0,0.0,0.0,0.0,0.0,0.0,0.0,0.0,0.0,0.0,0.0,0.0,0.0,0.0,0.0,0.0,0.0,0.0,0.0,0.0,0.0,0.0,0.0,0.0,0.0,0.0,0.0,0.0,0.0,0.0,0.0,0.0,0.0,0.0,0.0,0.0,0.0,0.0,0.0,0.0,0.0,0.0,0.0,0.0,0.0,0.0,0.0,0.0,0.0,0.0,0.0,0.0,0.0,0.0,0.0,0.0,0.0,0.0,0.0,0.0,0.0,0.0,0.0,0.0,0.0,0.0,0.0,0.0,0.0,0.0,0.0,0.0,0.0,0.0,0.0,0.0,0.0,0.0,0.0,0.0,0.0,0.0,0.0,0.0,0.0,0.0,0.0,0.0
RIH,-0.35832995,-1.2111009,3.929143,7.6586943,-0.45785543,1.6485425,0.0,-0.8491572,2.2343466,0.48115426,-0.035965193,-0.5457942,-0.36898717,5.9550843,1.1503685,1.2619988,-0.6505479,10.679263,-0.29137123,1.0725456,-0.15184641,1.9238832,0.6822166,-0.89769644,-0.9312882,-0.29439822,1.2248291,0.25343,-0.48243296,-0.6999541,-0.18240681,0.8117501,0.107762136,6.9433675,-0.08546892,-0.13832934,0.3640367,-0.21366067,-0.1395673,1.804206,-0.13471934,-0.15934269,-0.3115808,-0.29564062,-0.5559515,-0.1035158,-0.36177242,-1.5841063,-0.34724262,-0.14254181,-0.14736962,-0.16746502,-0.12273827,1.5808346,-0.11816035,-0.20278443,-0.2660071,-0.35365865,-0.026027279,2.5233662,-1.5251143,0.2080177,-0.26026434,0.09724311,-0.11698392,-0.10285871,-1.2651584,-0.42641455,-0.15040447,-0.31855667,-0.2528605,-0.105260745,-0.7070574,2.123027,-0.17162165,-0.41821274,-0.27262098,-0.18197845,-0.08221442,-0.17845973,-0.18028031,-0.17969438,1.5347712,-0.44483757,-0.13361521,-0.13816561,-0.13690129,-0.56574184,1.1206778,-0.22671841,-0.21747045,-0.1939915,-0.017318033,-0.30797932,0.29714534,-0.4425397,-0.38124657,-0.19446401,-0.5347295,0.017009707,-0.12090278,-0.25302258,-0.1288605,-0.265537,-0.11252412,-0.2768506,-0.577047,0.3145348,3.4447823,-0.28084624,0.03191405,-1.128865,-0.13736127,2.514214,0.30341217,-0.44536737,0.7563905,-0.4384663,-0.5297259,0.8883486,-0.7320259,0.08073417,-0.31298283,0.72748655,-0.14735171,-0.091602236,8.996994,-0.21999276,-0.11552945,-0.17303278,-0.16334516,-0.39721873,-0.2069614,-0.16113873,-0.78865725,7.190818,-0.1532346,-0.16589922,-0.4051669,-0.2834826,0.30442914,0.3103411,-0.4022857,-0.41055843,7.133162,4.0169687,-0.22517133,-0.04575905,-0.25315243,-0.20660633,-1.1506523,-0.13835765,0.9134557,-0.111690484,-0.1413686,-0.23478852,7.2182994,-0.519459,0.2498533,-0.12944376,-0.22497422,-0.0069929995,-0.47487187,-0.09473648,-0.28899387,-0.6137389,-0.1394344,-0.15791109,0.9177761,0.8199417,-0.6312342,-0.3282087,-0.1070209,-0.1445895,-0.76132935,2.4421155,-0.24323747,0.30152136,-0.14196976,-0.15568607,-0.78010637,-0.24454184,-0.19877854,-0.28932342,-0.09171743,-0.01715821,-0.104902744,0.6344349,-0.10136145,-0.18033062,-0.121062614,-0.27448004,1.0910217,-0.42049927,-0.13977395,-0.0854242,0.6077483,-0.5729626,0.22949892,-0.19991599,-0.42972887,-0.18084498,-0.4899442,-0.09827855,-0.30422124,-0.65906,5.714269,-0.22683759,0.6707863,-0.7116707,-0.41347408,-0.2974128,-0.10572313,-0.14401945,2.5910707,-0.46670645,0.5315432,-0.7140411,-0.10819188,-0.2047146,-0.32354373,-0.78307754,-0.15152095,-0.37356868,-0.17967562,-0.33212453,-0.1513935,-0.082480766,-0.33795354,-0.40205124,-0.2358877,-0.09320213,-0.29063052,-1.4015315
RIML,-0.35832995,0.050250407,-0.5863807,-0.45986825,-0.45785543,1.5841535,0.0,-0.1444012,-0.48033923,-0.13557987,1.2837607,-0.015371069,-0.19256334,-0.2631136,-0.50621986,0.6456782,0.08752931,-0.26408654,0.6184167,-0.26417547,-0.15184641,1.700534,-0.47523764,-0.08004509,-0.43769163,-0.29439822,2.1022544,-0.085743815,-0.41340798,0.4495711,1.5255119,0.9600003,0.2193641,-0.40880495,-0.089382194,-0.1348603,-0.06568127,-0.20203698,-0.13060433,0.38267452,-0.13471934,-0.17230974,-0.18491927,-0.05290339,-0.537634,-0.0984613,0.18752256,-0.45633888,-0.32820582,-0.130071,-0.13363402,-0.117851235,-0.13240983,-0.24327925,-0.111001395,-0.19223224,-0.122832395,-0.0296239,0.4063941,-0.08570786,1.2943878,-0.071027935,0.8373815,0.8005022,-0.18330604,-0.09176079,-0.35695907,-0.5534633,-0.13313828,-0.2759186,-0.23840383,-0.09245192,-0.061761845,-0.3561899,0.047249474,1.227658,-0.18575625,-0.17221126,-0.17633025,-0.17845973,0.24500605,3.886053,0.65074706,-0.4130416,-0.13361521,-0.13816561,2.158834,0.10539439,-0.4377572,0.9034026,-0.26439637,-0.1858749,0.11295511,-0.30797932,1.548404,-0.4425397,0.93692744,-0.19446401,-0.6355054,1.9521812,-0.1349045,-0.09884054,-0.115796,-0.07199,-0.19361831,3.6986356,0.14555086,-0.13308682,-0.19077657,-0.116054125,-0.22873205,-0.7533736,-0.108950704,-0.104146585,-0.008257076,-0.2170749,0.32133064,0.38124424,-0.2966594,1.4811196,-0.71671146,-0.4089856,-0.31298283,0.022221575,-0.14735171,-0.091602236,-0.2139413,-0.1699118,-0.11552945,-0.6534353,-0.16334516,-0.22948642,-0.1051868,7.8808646,-0.73853064,-0.1790353,-0.1532346,-0.16589922,-0.036961652,-0.2446753,-0.6627516,-0.19845219,-0.22248207,3.4165995,-0.41195464,-0.7544713,-0.22517133,1.8254867,0.45280662,-0.43812382,0.11863008,-0.13835765,-0.22493058,-0.13311695,-0.1413686,-0.23478852,3.3507338,-0.519459,-0.17056513,-0.12944376,-0.2679135,-0.11366295,-0.43377015,-0.09473648,-0.28899387,-0.24420568,-0.1394344,-0.038662117,-0.22262628,-0.23301491,-0.6727719,-0.17892551,-0.40291646,-0.1445895,1.2222534,-0.11096834,-0.15145424,-0.8884784,-0.11987761,-0.15739515,-0.20001812,-0.21830581,-0.17623031,-0.26676515,-0.09171743,0.15769744,-0.104902744,0.22162236,-0.10136145,-0.10938338,0.046813775,-0.10738613,-0.17798364,0.19484729,-0.13977395,-0.08728182,-0.40512106,0.012075933,0.35402596,-0.29365382,1.2070652,-0.18084498,-0.2688569,-0.09827855,-0.28888702,-0.07566804,-0.1714414,-0.21210249,0.33734348,-0.6615408,0.30230886,0.06107116,-0.10572313,-0.14401945,-0.09712664,-0.41550997,0.1563861,-0.7886509,-0.033829607,-0.2047146,-0.07274641,-0.30113715,-0.0698792,-0.3211266,-0.14646131,0.21008405,-0.12384054,-0.19841684,-0.28265327,-0.044230524,0.16000415,-0.09320213,0.0012126587,0.47289667
RIMR,-0.35832995,0.050250407,-0.5863807,-0.45986825,-0.45785543,1.5841535,0.0,-0.1444012,-0.48033923,-0.13557987,1.2837607,-0.015371069,-0.19256334,-0.2631136,-0.50621986,0.6456782,0.08752931,-0.26408654,0.6184167,-0.26417547,-0.15184641,1.700534,-0.47523764,-0.08004509,-0.43769163,-0.29439822,2.1022544,-0.085743815,-0.41340798,0.4495711,1.5255119,0.9600003,0.2193641,-0.40880495,-0.089382194,-0.1348603,-0.06568127,-0.20203698,-0.13060433,0.38267452,-0.13471934,-0.17230974,-0.18491927,-0.05290339,-0.537634,-0.0984613,0.18752256,-0.45633888,-0.32820582,-0.130071,-0.13363402,-0.117851235,-0.13240983,-0.24327925,-0.111001395,-0.19223224,-0.122832395,-0.0296239,0.4063941,-0.08570786,1.2943878,-0.071027935,0.8373815,0.8005022,-0.18330604,-0.09176079,-0.35695907,-0.5534633,-0.13313828,-0.2759186,-0.23840383,-0.09245192,-0.061761845,-0.3561899,0.047249474,1.227658,-0.18575625,-0.17221126,-0.17633025,-0.17845973,0.24500605,3.886053,0.65074706,-0.4130416,-0.13361521,-0.13816561,2.158834,0.10539439,-0.4377572,0.9034026,-0.26439637,-0.1858749,0.11295511,-0.30797932,1.548404,-0.4425397,0.93692744,-0.19446401,-0.6355054,1.9521812,-0.1349045,-0.09884054,-0.115796,-0.07199,-0.19361831,3.6986356,0.14555086,-0.13308682,-0.19077657,-0.116054125,-0.22873205,-0.7533736,-0.108950704,-0.104146585,-0.008257076,-0.2170749,0.32133064,0.38124424,-0.2966594,1.4811196,-0.71671146,-0.4089856,-0.31298283,0.022221575,-0.14735171,-0.091602236,-0.2139413,-0.1699118,-0.11552945,-0.6534353,-0.16334516,-0.22948642,-0.1051868,7.8808646,-0.73853064,-0.1790353,-0.1532346,-0.16589922,-0.036961652,-0.2446753,-0.6627516,-0.19845219,-0.22248207,3.4165995,-0.41195464,-0.7544713,-0.22517133,1.8254867,0.45280662,-0.43812382,0.11863008,-0.13835765,-0.22493058,-0.13311695,-0.1413686,-0.23478852,3.3507338,-0.519459,-0.17056513,-0.12944376,-0.2679135,-0.11366295,-0.43377015,-0.09473648,-0.28899387,-0.24420568,-0.1394344,-0.038662117,-0.22262628,-0.23301491,-0.6727719,-0.17892551,-0.40291646,-0.1445895,1.2222534,-0.11096834,-0.15145424,-0.8884784,-0.11987761,-0.15739515,-0.20001812,-0.21830581,-0.17623031,-0.26676515,-0.09171743,0.15769744,-0.104902744,0.22162236,-0.10136145,-0.10938338,0.046813775,-0.10738613,-0.17798364,0.19484729,-0.13977395,-0.08728182,-0.40512106,0.012075933,0.35402596,-0.29365382,1.2070652,-0.18084498,-0.2688569,-0.09827855,-0.28888702,-0.07566804,-0.1714414,-0.21210249,0.33734348,-0.6615408,0.30230886,0.06107116,-0.10572313,-0.14401945,-0.09712664,-0.41550997,0.1563861,-0.7886509,-0.033829607,-0.2047146,-0.07274641,-0.30113715,-0.0698792,-0.3211266,-0.14646131,0.21008405,-0.12384054,-0.19841684,-0.28265327,-0.044230524,0.16000415,-0.09320213,0.0012126587,0.47289667
RIPL,0.0,0.0,0.0,0.0,0.0,0.0,0.0,0.0,0.0,0.0,0.0,0.0,0.0,0.0,0.0,0.0,0.0,0.0,0.0,0.0,0.0,0.0,0.0,0.0,0.0,0.0,0.0,0.0,0.0,0.0,0.0,0.0,0.0,0.0,0.0,0.0,0.0,0.0,0.0,0.0,0.0,0.0,0.0,0.0,0.0,0.0,0.0,0.0,0.0,0.0,0.0,0.0,0.0,0.0,0.0,0.0,0.0,0.0,0.0,0.0,0.0,0.0,0.0,0.0,0.0,0.0,0.0,0.0,0.0,0.0,0.0,0.0,0.0,0.0,0.0,0.0,0.0,0.0,0.0,0.0,0.0,0.0,0.0,0.0,0.0,0.0,0.0,0.0,0.0,0.0,0.0,0.0,0.0,0.0,0.0,0.0,0.0,0.0,0.0,0.0,0.0,0.0,0.0,0.0,0.0,0.0,0.0,0.0,0.0,0.0,0.0,0.0,0.0,0.0,0.0,0.0,0.0,0.0,0.0,0.0,0.0,0.0,0.0,0.0,0.0,0.0,0.0,0.0,0.0,0.0,0.0,0.0,0.0,0.0,0.0,0.0,0.0,0.0,0.0,0.0,0.0,0.0,0.0,0.0,0.0,0.0,0.0,0.0,0.0,0.0,0.0,0.0,0.0,0.0,0.0,0.0,0.0,0.0,0.0,0.0,0.0,0.0,0.0,0.0,0.0,0.0,0.0,0.0,0.0,0.0,0.0,0.0,0.0,0.0,0.0,0.0,0.0,0.0,0.0,0.0,0.0,0.0,0.0,0.0,0.0,0.0,0.0,0.0,0.0,0.0,0.0,0.0,0.0,0.0,0.0,0.0,0.0,0.0,0.0,0.0,0.0,0.0,0.0,0.0,0.0,0.0,0.0,0.0,0.0,0.0,0.0,0.0,0.0,0.0,0.0,0.0,0.0,0.0,0.0,0.0,0.0,0.0,0.0,0.0,0.0,0.0,0.0,0.0,0.0,0.0,0.0,0.0,0.0,0.0
RIPR,0.0,0.0,0.0,0.0,0.0,0.0,0.0,0.0,0.0,0.0,0.0,0.0,0.0,0.0,0.0,0.0,0.0,0.0,0.0,0.0,0.0,0.0,0.0,0.0,0.0,0.0,0.0,0.0,0.0,0.0,0.0,0.0,0.0,0.0,0.0,0.0,0.0,0.0,0.0,0.0,0.0,0.0,0.0,0.0,0.0,0.0,0.0,0.0,0.0,0.0,0.0,0.0,0.0,0.0,0.0,0.0,0.0,0.0,0.0,0.0,0.0,0.0,0.0,0.0,0.0,0.0,0.0,0.0,0.0,0.0,0.0,0.0,0.0,0.0,0.0,0.0,0.0,0.0,0.0,0.0,0.0,0.0,0.0,0.0,0.0,0.0,0.0,0.0,0.0,0.0,0.0,0.0,0.0,0.0,0.0,0.0,0.0,0.0,0.0,0.0,0.0,0.0,0.0,0.0,0.0,0.0,0.0,0.0,0.0,0.0,0.0,0.0,0.0,0.0,0.0,0.0,0.0,0.0,0.0,0.0,0.0,0.0,0.0,0.0,0.0,0.0,0.0,0.0,0.0,0.0,0.0,0.0,0.0,0.0,0.0,0.0,0.0,0.0,0.0,0.0,0.0,0.0,0.0,0.0,0.0,0.0,0.0,0.0,0.0,0.0,0.0,0.0,0.0,0.0,0.0,0.0,0.0,0.0,0.0,0.0,0.0,0.0,0.0,0.0,0.0,0.0,0.0,0.0,0.0,0.0,0.0,0.0,0.0,0.0,0.0,0.0,0.0,0.0,0.0,0.0,0.0,0.0,0.0,0.0,0.0,0.0,0.0,0.0,0.0,0.0,0.0,0.0,0.0,0.0,0.0,0.0,0.0,0.0,0.0,0.0,0.0,0.0,0.0,0.0,0.0,0.0,0.0,0.0,0.0,0.0,0.0,0.0,0.0,0.0,0.0,0.0,0.0,0.0,0.0,0.0,0.0,0.0,0.0,0.0,0.0,0.0,0.0,0.0,0.0,0.0,0.0,0.0,0.0,0.0
RIR,0.0,0.0,0.0,0.0,0.0,0.0,0.0,0.0,0.0,0.0,0.0,0.0,0.0,0.0,0.0,0.0,0.0,0.0,0.0,0.0,0.0,0.0,0.0,0.0,0.0,0.0,0.0,0.0,0.0,0.0,0.0,0.0,0.0,0.0,0.0,0.0,0.0,0.0,0.0,0.0,0.0,0.0,0.0,0.0,0.0,0.0,0.0,0.0,0.0,0.0,0.0,0.0,0.0,0.0,0.0,0.0,0.0,0.0,0.0,0.0,0.0,0.0,0.0,0.0,0.0,0.0,0.0,0.0,0.0,0.0,0.0,0.0,0.0,0.0,0.0,0.0,0.0,0.0,0.0,0.0,0.0,0.0,0.0,0.0,0.0,0.0,0.0,0.0,0.0,0.0,0.0,0.0,0.0,0.0,0.0,0.0,0.0,0.0,0.0,0.0,0.0,0.0,0.0,0.0,0.0,0.0,0.0,0.0,0.0,0.0,0.0,0.0,0.0,0.0,0.0,0.0,0.0,0.0,0.0,0.0,0.0,0.0,0.0,0.0,0.0,0.0,0.0,0.0,0.0,0.0,0.0,0.0,0.0,0.0,0.0,0.0,0.0,0.0,0.0,0.0,0.0,0.0,0.0,0.0,0.0,0.0,0.0,0.0,0.0,0.0,0.0,0.0,0.0,0.0,0.0,0.0,0.0,0.0,0.0,0.0,0.0,0.0,0.0,0.0,0.0,0.0,0.0,0.0,0.0,0.0,0.0,0.0,0.0,0.0,0.0,0.0,0.0,0.0,0.0,0.0,0.0,0.0,0.0,0.0,0.0,0.0,0.0,0.0,0.0,0.0,0.0,0.0,0.0,0.0,0.0,0.0,0.0,0.0,0.0,0.0,0.0,0.0,0.0,0.0,0.0,0.0,0.0,0.0,0.0,0.0,0.0,0.0,0.0,0.0,0.0,0.0,0.0,0.0,0.0,0.0,0.0,0.0,0.0,0.0,0.0,0.0,0.0,0.0,0.0,0.0,0.0,0.0,0.0,0.0
RIS,-0.35832995,0.65225893,-0.5863807,-0.07184876,-0.087581225,-0.752642,0.0,-0.8491572,0.17521954,-0.51321787,0.14446603,0.11723469,-0.25872228,-0.81302226,-0.39166856,-0.25223675,-0.34301576,0.24888296,0.3071733,-0.103273876,-0.15184641,-0.9060454,-0.41909248,0.46505576,-0.31429252,-0.29439822,-0.8428733,-0.49590755,0.2845109,0.73695236,-0.17134519,-0.0036251645,-0.5390224,-0.25977445,11.400983,-0.07762133,-0.9462543,3.2356675,-0.13676637,-0.24963403,-0.13471934,-0.18266062,-0.27598572,-0.29522267,-0.5461385,-0.09719768,-0.33595967,0.1259353,-0.33296502,-0.14254181,-0.14736962,-0.15971287,-0.107962295,-0.54067975,-0.10921166,-0.19618931,-0.34147573,-0.28259838,1.0407783,0.026271889,1.0988654,0.6874688,-0.26026434,-0.42526552,-0.12941931,-0.10285871,0.17879176,-0.5726683,-0.15040447,-0.29107508,-0.2528605,-0.08924972,-0.08786814,-0.67704976,-0.17162165,0.25985375,-0.0916528,-0.18197845,-0.2824003,-0.16565575,-0.1669901,-0.1453553,-0.75172275,-0.44483757,-0.11473039,-0.07082389,-0.13690129,2.3821783,-0.50625986,-0.18801562,-0.2869903,-0.1939915,-0.17025697,-0.29351732,-1.0350099,-0.4425397,-0.38124657,-0.19446401,-0.5359645,-0.5114841,-0.16090772,-0.23374982,-0.1288605,-0.17756109,-0.19361831,-0.27218017,-0.52711874,-0.30486763,8.240323,2.0797994,-0.19343622,0.0040829782,-0.13736127,-0.48935804,-0.29024357,-0.53402466,-0.015120266,-0.22974369,-0.27480942,1.5881479,-0.7320259,-0.47402647,-0.25169516,0.21812847,-0.14735171,-0.035602808,3.5958443,-0.21999276,-0.08648685,-0.339353,-0.16334516,-0.17455083,-0.16455531,-0.16113873,-0.7677712,-0.45150954,-0.1532346,8.675644,-0.38215408,-0.2834826,-0.7796526,-0.9632852,1.4407014,0.14160143,-0.41195464,-0.65355694,-0.22517133,-0.1728688,-0.8486436,-0.3440698,2.2784576,-0.13835765,-0.24164653,-0.17290895,-0.1413686,-0.23478852,-0.49793512,-0.519459,-0.19979209,-0.12944376,-0.23690179,-0.1343601,-0.44918332,11.398585,1.5829979,-0.31636778,-0.1394344,-0.04611518,-0.060563464,-0.5691148,-0.64277244,-0.301551,-0.46333495,-0.10662885,0.5891007,-0.32302332,-0.052022435,-0.10920619,-0.14196976,-0.16850436,-0.76560414,-0.24454184,-0.17059325,-0.28932342,-0.09171743,-0.29692727,-0.104902744,-0.62639487,-0.10136145,-0.18033062,-0.079093516,-0.27448004,0.5953164,-1.2481015,-0.13977395,-0.15972914,0.15184718,-0.4684914,-0.3244649,-0.46773836,-0.5680008,-0.18084498,-0.4899442,-0.09827855,-0.30422124,-0.4270291,-0.27635124,-0.20841871,0.16801664,-0.6803395,-0.4446252,-0.2654053,-0.10572313,-0.08002005,-0.17649053,-0.46670645,-0.39668053,-0.75834066,-0.10819188,-0.2047146,-0.26654434,0.58911383,-0.15152095,-0.37356868,0.11094963,0.320797,-0.1513935,-0.15131782,-0.33795354,0.045224655,-0.2358877,-0.09320213,-0.08796166,0.65629154
RIVL,-0.35832995,3.285695,-0.5863807,-0.09467341,-0.22552651,2.9026608,0.0,-0.8491572,0.5929776,-0.4932822,5.4467196,-0.12977605,-0.29980138,-0.23795438,0.02386074,0.66193014,-0.6505479,0.16506442,-0.27259344,0.10179684,0.29496923,0.33934215,1.0615987,-0.6839314,-0.9312882,-0.29439822,-0.7832925,0.3586002,-0.77116483,0.50216377,3.801522,-0.96725035,1.3650256,-0.0698336,-0.085355245,-0.13560852,0.11206237,-0.14072774,-0.13429496,0.14933385,-0.13471934,-0.0749476,-0.30175376,-0.30534327,-0.55091375,-0.09558718,-0.3196622,-0.21544483,-0.34724262,-0.14254181,-0.13659659,-0.031270303,-0.085934415,0.8197928,-0.11254548,-0.20278443,0.88365304,-0.103972405,0.22316994,0.1970214,-0.6639883,0.30789748,-0.25584948,-0.07255465,-0.15794758,-0.10285871,-0.0071098777,-0.5858482,-0.10300713,-0.27727717,-0.2528605,-0.105260745,-0.02103799,0.75261,7.9040327,0.47372505,-0.25748116,-0.18197845,-0.21734595,-0.11418878,-0.18028031,-0.17969438,1.1771334,-0.43652487,-0.109916605,-0.13816561,-0.13690129,-0.38329092,-0.41727358,-0.21457636,-0.2869903,-0.1939915,-0.25411558,-0.30797932,1.3240422,-0.43265253,-0.27293724,-0.18725526,-0.44561586,-0.389826,-0.16090772,-0.24092987,-0.1288605,-0.22413658,-0.19361831,-0.48051888,-0.39098048,-0.15961146,-0.31979525,-0.4324977,-0.21765885,-0.048174113,-0.13736127,-0.43099263,-0.29024357,4.889715,1.324754,-0.117011145,-0.43832728,0.031693075,-0.7200146,-0.5914301,-0.1719811,0.16204536,-0.14735171,-0.091602236,-0.2275798,-0.2068997,-0.11552945,-0.15325993,-0.16334516,-0.2768818,-0.2069614,-0.12113374,-0.7493422,-0.254437,-0.1532346,-0.14839879,-0.33296978,-0.2834826,-0.83865494,0.88365865,3.8424911,-0.40965623,-0.4505418,-0.43699774,-0.22517133,-0.31185797,-0.26127517,-0.4971379,-0.71712124,-0.13835765,-0.2214339,-0.14169954,-0.1413686,-0.23478852,-0.40962607,-0.48765472,-0.19979209,-0.12944376,0.10057871,-0.08566092,-0.41039863,0.020096269,-0.27119714,-0.5963242,-0.1394344,-0.15791109,-0.42047292,-0.5589299,-0.5986557,-0.17767105,-0.5857515,-0.12077105,-0.98080134,0.1953796,-0.17125063,0.25694436,-0.12464258,-0.18919797,-0.7619075,-0.24454184,-0.19877854,-0.28932342,-0.09171743,-0.118643075,-0.104902744,1.1567502,-0.10136145,0.07934555,-0.121062614,0.5305662,-0.39026216,0.34772995,-0.13977395,-0.08396724,0.23725465,-0.24520987,0.11315855,-0.42222607,-0.44464055,-0.12263733,-0.39360985,-0.09827855,-0.30422124,-0.20149767,-0.26743734,-0.22683759,0.9110618,-0.6330356,-0.4666821,-0.17691399,-0.10572313,-0.14401945,-0.17649053,-0.46670645,-0.33752903,-0.7506145,-0.10819188,-0.18386565,3.6462963,-0.65708005,-0.15152095,-0.35300317,-0.17967562,-0.06271787,-0.12978333,-0.16886452,-0.31626716,0.18730058,-0.124993615,-0.09320213,-0.23976462,-0.4952018
RIVR,-0.35832995,3.285695,-0.5863807,-0.09467341,-0.22552651,2.9026608,0.0,-0.8491572,0.5929776,-0.4932822,5.4467196,-0.12977605,-0.29980138,-0.23795438,0.02386074,0.66193014,-0.6505479,0.16506442,-0.27259344,0.10179684,0.29496923,0.33934215,1.0615987,-0.6839314,-0.9312882,-0.29439822,-0.7832925,0.3586002,-0.77116483,0.50216377,3.801522,-0.96725035,1.3650256,-0.0698336,-0.085355245,-0.13560852,0.11206237,-0.14072774,-0.13429496,0.14933385,-0.13471934,-0.0749476,-0.30175376,-0.30534327,-0.55091375,-0.09558718,-0.3196622,-0.21544483,-0.34724262,-0.14254181,-0.13659659,-0.031270303,-0.085934415,0.8197928,-0.11254548,-0.20278443,0.88365304,-0.103972405,0.22316994,0.1970214,-0.6639883,0.30789748,-0.25584948,-0.07255465,-0.15794758,-0.10285871,-0.0071098777,-0.5858482,-0.10300713,-0.27727717,-0.2528605,-0.105260745,-0.02103799,0.75261,7.9040327,0.47372505,-0.25748116,-0.18197845,-0.21734595,-0.11418878,-0.18028031,-0.17969438,1.1771334,-0.43652487,-0.109916605,-0.13816561,-0.13690129,-0.38329092,-0.41727358,-0.21457636,-0.2869903,-0.1939915,-0.25411558,-0.30797932,1.3240422,-0.43265253,-0.27293724,-0.18725526,-0.44561586,-0.389826,-0.16090772,-0.24092987,-0.1288605,-0.22413658,-0.19361831,-0.48051888,-0.39098048,-0.15961146,-0.31979525,-0.4324977,-0.21765885,-0.048174113,-0.13736127,-0.43099263,-0.29024357,4.889715,1.324754,-0.117011145,-0.43832728,0.031693075,-0.7200146,-0.5914301,-0.1719811,0.16204536,-0.14735171,-0.091602236,-0.2275798,-0.2068997,-0.11552945,-0.15325993,-0.16334516,-0.2768818,-0.2069614,-0.12113374,-0.7493422,-0.254437,-0.1532346,-0.14839879,-0.33296978,-0.2834826,-0.83865494,0.88365865,3.8424911,-0.40965623,-0.4505418,-0.43699774,-0.22517133,-0.31185797,-0.26127517,-0.4971379,-0.71712124,-0.13835765,-0.2214339,-0.14169954,-0.1413686,-0.23478852,-0.40962607,-0.48765472,-0.19979209,-0.12944376,0.10057871,-0.08566092,-0.41039863,0.020096269,-0.27119714,-0.5963242,-0.1394344,-0.15791109,-0.42047292,-0.5589299,-0.5986557,-0.17767105,-0.5857515,-0.12077105,-0.98080134,0.1953796,-0.17125063,0.25694436,-0.12464258,-0.18919797,-0.7619075,-0.24454184,-0.19877854,-0.28932342,-0.09171743,-0.118643075,-0.104902744,1.1567502,-0.10136145,0.07934555,-0.121062614,0.5305662,-0.39026216,0.34772995,-0.13977395,-0.08396724,0.23725465,-0.24520987,0.11315855,-0.42222607,-0.44464055,-0.12263733,-0.39360985,-0.09827855,-0.30422124,-0.20149767,-0.26743734,-0.22683759,0.9110618,-0.6330356,-0.4666821,-0.17691399,-0.10572313,-0.14401945,-0.17649053,-0.46670645,-0.33752903,-0.7506145,-0.10819188,-0.18386565,3.6462963,-0.65708005,-0.15152095,-0.35300317,-0.17967562,-0.06271787,-0.12978333,-0.16886452,-0.31626716,0.18730058,-0.124993615,-0.09320213,-0.23976462,-0.4952018
RMDDL,-0.35832995,1.0539514,1.2254034,0.11497547,-0.40909505,0.79531753,0.0,1.2390088,0.91036224,2.493898,1.1249044,-0.4148255,0.7636103,1.2689365,0.6194942,0.34893143,0.19991142,-0.26408654,0.54412794,-0.27212125,-0.15184641,-0.62294286,-0.14529815,-0.3593252,-0.44378543,0.19806671,-0.06085333,-0.29968727,1.3923177,0.43537942,0.47309813,0.745861,1.1849531,0.66323346,-0.08987068,-0.13661623,0.57013416,-0.20562454,-0.107477665,0.56729555,-0.13063362,-0.20192021,-0.32721803,-0.30521703,-0.541032,-0.098523706,-0.35565382,0.9207247,-0.33596158,-0.13843618,-0.13154258,-0.13377665,-0.13476689,0.71563506,-0.093413346,-0.20017897,-0.10096115,0.1292002,0.04749841,-0.17477408,1.1001585,-0.35846695,-0.2547049,0.11640603,-0.08750743,-0.10285871,0.9443806,-0.59187335,-0.15040447,-0.2511122,-0.2528605,-0.07995937,1.1141346,-0.2822926,-0.15752368,2.0304484,-0.25832227,-0.18197845,0.5384778,-0.16834301,-0.15927851,-0.16612832,0.70738816,-0.42390198,-0.05900848,-0.13816561,-0.12953962,-0.3954077,1.5308493,-0.21907343,-0.2869903,-0.1939915,-0.1803225,-0.30797932,1.1573496,-0.43631446,0.97024983,-0.18992516,-0.32883546,2.0409627,-0.16090772,-0.10835794,-0.09660248,-0.19602518,-0.16108052,2.2786357,1.0218523,0.28761807,0.5785069,-0.6291479,-0.22873205,0.48030764,-0.13736127,-0.15429756,-0.29024357,0.5402604,0.54931116,-0.25106105,0.46296474,-0.25071046,-0.70177513,0.2998989,-0.2806996,0.6887887,-0.14735171,-0.091602236,-0.2771743,-0.21999276,-0.10405583,0.014403763,-0.15330958,-0.31567216,-0.2069614,-0.16113873,-0.7639034,-0.14273086,-0.14461355,-0.16589922,-0.2687946,-0.24515441,-0.38437033,-0.07206163,1.07166,3.1472385,-0.45415226,-0.571192,-0.22517133,4.282219,0.5710947,-0.6610664,-0.18011388,-0.13835765,0.7017969,-0.12378302,-0.13142501,-0.23478852,0.044364702,-0.50944656,-0.17814249,-0.12944376,-0.2477495,-0.1343601,-0.45457473,-0.09473648,-0.27778852,-0.57536215,-0.1394344,-0.054856423,-0.061868448,-0.51064634,-0.6335134,-0.29661438,0.011559152,-0.0995991,-0.50594765,0.5244383,-0.13747902,-0.0019538265,-0.13106005,-0.22405037,-0.72936136,-0.23158579,-0.19877854,-0.27818355,-0.09171743,-0.15099837,-0.104902744,0.33537915,-0.10136145,-0.16865206,-0.121062614,-0.085873194,0.14979361,1.0536784,-0.13977395,-0.15972914,0.44716886,-0.23246399,0.8607266,0.1770191,1.8841935,0.0024013207,-0.15027653,-0.09827855,-0.30422124,0.5064143,-0.24224475,-0.22683759,0.6049211,-0.6621597,3.108952,-0.20889825,-0.10572313,-0.13137761,-0.111170456,-0.45406535,-0.38426602,-0.7766765,-0.10819188,-0.2047146,-0.19969319,-0.24097718,-0.15152095,0.053736996,-0.1632735,-0.3671714,-0.1513935,-0.06816767,-0.32429916,-0.17233919,-0.22192325,-0.09320213,-0.22657716,-0.34140334
RMDDR,-0.35832995,1.0539514,1.2254034,0.11497547,-0.40909505,0.79531753,0.0,1.2390088,0.91036224,2.493898,1.1249044,-0.4148255,0.7636103,1.2689365,0.6194942,0.34893143,0.19991142,-0.26408654,0.54412794,-0.27212125,-0.15184641,-0.62294286,-0.14529815,-0.3593252,-0.44378543,0.19806671,-0.06085333,-0.29968727,1.3923177,0.43537942,0.47309813,0.745861,1.1849531,0.66323346,-0.08987068,-0.13661623,0.57013416,-0.20562454,-0.107477665,0.56729555,-0.13063362,-0.20192021,-0.32721803,-0.30521703,-0.541032,-0.098523706,-0.35565382,0.9207247,-0.33596158,-0.13843618,-0.13154258,-0.13377665,-0.13476689,0.71563506,-0.093413346,-0.20017897,-0.10096115,0.1292002,0.04749841,-0.17477408,1.1001585,-0.35846695,-0.2547049,0.11640603,-0.08750743,-0.10285871,0.9443806,-0.59187335,-0.15040447,-0.2511122,-0.2528605,-0.07995937,1.1141346,-0.2822926,-0.15752368,2.0304484,-0.25832227,-0.18197845,0.5384778,-0.16834301,-0.15927851,-0.16612832,0.70738816,-0.42390198,-0.05900848,-0.13816561,-0.12953962,-0.3954077,1.5308493,-0.21907343,-0.2869903,-0.1939915,-0.1803225,-0.30797932,1.1573496,-0.43631446,0.97024983,-0.18992516,-0.32883546,2.0409627,-0.16090772,-0.10835794,-0.09660248,-0.19602518,-0.16108052,2.2786357,1.0218523,0.28761807,0.5785069,-0.6291479,-0.22873205,0.48030764,-0.13736127,-0.15429756,-0.29024357,0.5402604,0.54931116,-0.25106105,0.46296474,-0.25071046,-0.70177513,0.2998989,-0.2806996,0.6887887,-0.14735171,-0.091602236,-0.2771743,-0.21999276,-0.10405583,0.014403763,-0.15330958,-0.31567216,-0.2069614,-0.16113873,-0.7639034,-0.14273086,-0.14461355,-0.16589922,-0.2687946,-0.24515441,-0.38437033,-0.07206163,1.07166,3.1472385,-0.45415226,-0.571192,-0.22517133,4.282219,0.5710947,-0.6610664,-0.18011388,-0.13835765,0.7017969,-0.12378302,-0.13142501,-0.23478852,0.044364702,-0.50944656,-0.17814249,-0.12944376,-0.2477495,-0.1343601,-0.45457473,-0.09473648,-0.27778852,-0.57536215,-0.1394344,-0.054856423,-0.061868448,-0.51064634,-0.6335134,-0.29661438,0.011559152,-0.0995991,-0.50594765,0.5244383,-0.13747902,-0.0019538265,-0.13106005,-0.22405037,-0.72936136,-0.23158579,-0.19877854,-0.27818355,-0.09171743,-0.15099837,-0.104902744,0.33537915,-0.10136145,-0.16865206,-0.121062614,-0.085873194,0.14979361,1.0536784,-0.13977395,-0.15972914,0.44716886,-0.23246399,0.8607266,0.1770191,1.8841935,0.0024013207,-0.15027653,-0.09827855,-0.30422124,0.5064143,-0.24224475,-0.22683759,0.6049211,-0.6621597,3.108952,-0.20889825,-0.10572313,-0.13137761,-0.111170456,-0.45406535,-0.38426602,-0.7766765,-0.10819188,-0.2047146,-0.19969319,-0.24097718,-0.15152095,0.053736996,-0.1632735,-0.3671714,-0.1513935,-0.06816767,-0.32429916,-0.17233919,-0.22192325,-0.09320213,-0.22657716,-0.34140334
RMDL,-0.35832995,1.0539514,1.2254034,0.11497547,-0.40909505,0.79531753,0.0,1.2390088,0.91036224,2.493898,1.1249044,-0.4148255,0.7636103,1.2689365,0.6194942,0.34893143,0.19991142,-0.26408654,0.54412794,-0.27212125,-0.15184641,-0.62294286,-0.14529815,-0.3593252,-0.44378543,0.19806671,-0.06085333,-0.29968727,1.3923177,0.43537942,0.47309813,0.745861,1.1849531,0.66323346,-0.08987068,-0.13661623,0.57013416,-0.20562454,-0.107477665,0.56729555,-0.13063362,-0.20192021,-0.32721803,-0.30521703,-0.541032,-0.098523706,-0.35565382,0.9207247,-0.33596158,-0.13843618,-0.13154258,-0.13377665,-0.13476689,0.71563506,-0.093413346,-0.20017897,-0.10096115,0.1292002,0.04749841,-0.17477408,1.1001585,-0.35846695,-0.2547049,0.11640603,-0.08750743,-0.10285871,0.9443806,-0.59187335,-0.15040447,-0.2511122,-0.2528605,-0.07995937,1.1141346,-0.2822926,-0.15752368,2.0304484,-0.25832227,-0.18197845,0.5384778,-0.16834301,-0.15927851,-0.16612832,0.70738816,-0.42390198,-0.05900848,-0.13816561,-0.12953962,-0.3954077,1.5308493,-0.21907343,-0.2869903,-0.1939915,-0.1803225,-0.30797932,1.1573496,-0.43631446,0.97024983,-0.18992516,-0.32883546,2.0409627,-0.16090772,-0.10835794,-0.09660248,-0.19602518,-0.16108052,2.2786357,1.0218523,0.28761807,0.5785069,-0.6291479,-0.22873205,0.48030764,-0.13736127,-0.15429756,-0.29024357,0.5402604,0.54931116,-0.25106105,0.46296474,-0.25071046,-0.70177513,0.2998989,-0.2806996,0.6887887,-0.14735171,-0.091602236,-0.2771743,-0.21999276,-0.10405583,0.014403763,-0.15330958,-0.31567216,-0.2069614,-0.16113873,-0.7639034,-0.14273086,-0.14461355,-0.16589922,-0.2687946,-0.24515441,-0.38437033,-0.07206163,1.07166,3.1472385,-0.45415226,-0.571192,-0.22517133,4.282219,0.5710947,-0.6610664,-0.18011388,-0.13835765,0.7017969,-0.12378302,-0.13142501,-0.23478852,0.044364702,-0.50944656,-0.17814249,-0.12944376,-0.2477495,-0.1343601,-0.45457473,-0.09473648,-0.27778852,-0.57536215,-0.1394344,-0.054856423,-0.061868448,-0.51064634,-0.6335134,-0.29661438,0.011559152,-0.0995991,-0.50594765,0.5244383,-0.13747902,-0.0019538265,-0.13106005,-0.22405037,-0.72936136,-0.23158579,-0.19877854,-0.27818355,-0.09171743,-0.15099837,-0.104902744,0.33537915,-0.10136145,-0.16865206,-0.121062614,-0.085873194,0.14979361,1.0536784,-0.13977395,-0.15972914,0.44716886,-0.23246399,0.8607266,0.1770191,1.8841935,0.0024013207,-0.15027653,-0.09827855,-0.30422124,0.5064143,-0.24224475,-0.22683759,0.6049211,-0.6621597,3.108952,-0.20889825,-0.10572313,-0.13137761,-0.111170456,-0.45406535,-0.38426602,-0.7766765,-0.10819188,-0.2047146,-0.19969319,-0.24097718,-0.15152095,0.053736996,-0.1632735,-0.3671714,-0.1513935,-0.06816767,-0.32429916,-0.17233919,-0.22192325,-0.09320213,-0.22657716,-0.34140334
RMDR,-0.35832995,1.0539514,1.2254034,0.11497547,-0.40909505,0.79531753,0.0,1.2390088,0.91036224,2.493898,1.1249044,-0.4148255,0.7636103,1.2689365,0.6194942,0.34893143,0.19991142,-0.26408654,0.54412794,-0.27212125,-0.15184641,-0.62294286,-0.14529815,-0.3593252,-0.44378543,0.19806671,-0.06085333,-0.29968727,1.3923177,0.43537942,0.47309813,0.745861,1.1849531,0.66323346,-0.08987068,-0.13661623,0.57013416,-0.20562454,-0.107477665,0.56729555,-0.13063362,-0.20192021,-0.32721803,-0.30521703,-0.541032,-0.098523706,-0.35565382,0.9207247,-0.33596158,-0.13843618,-0.13154258,-0.13377665,-0.13476689,0.71563506,-0.093413346,-0.20017897,-0.10096115,0.1292002,0.04749841,-0.17477408,1.1001585,-0.35846695,-0.2547049,0.11640603,-0.08750743,-0.10285871,0.9443806,-0.59187335,-0.15040447,-0.2511122,-0.2528605,-0.07995937,1.1141346,-0.2822926,-0.15752368,2.0304484,-0.25832227,-0.18197845,0.5384778,-0.16834301,-0.15927851,-0.16612832,0.70738816,-0.42390198,-0.05900848,-0.13816561,-0.12953962,-0.3954077,1.5308493,-0.21907343,-0.2869903,-0.1939915,-0.1803225,-0.30797932,1.1573496,-0.43631446,0.97024983,-0.18992516,-0.32883546,2.0409627,-0.16090772,-0.10835794,-0.09660248,-0.19602518,-0.16108052,2.2786357,1.0218523,0.28761807,0.5785069,-0.6291479,-0.22873205,0.48030764,-0.13736127,-0.15429756,-0.29024357,0.5402604,0.54931116,-0.25106105,0.46296474,-0.25071046,-0.70177513,0.2998989,-0.2806996,0.6887887,-0.14735171,-0.091602236,-0.2771743,-0.21999276,-0.10405583,0.014403763,-0.15330958,-0.31567216,-0.2069614,-0.16113873,-0.7639034,-0.14273086,-0.14461355,-0.16589922,-0.2687946,-0.24515441,-0.38437033,-0.07206163,1.07166,3.1472385,-0.45415226,-0.571192,-0.22517133,4.282219,0.5710947,-0.6610664,-0.18011388,-0.13835765,0.7017969,-0.12378302,-0.13142501,-0.23478852,0.044364702,-0.50944656,-0.17814249,-0.12944376,-0.2477495,-0.1343601,-0.45457473,-0.09473648,-0.27778852,-0.57536215,-0.1394344,-0.054856423,-0.061868448,-0.51064634,-0.6335134,-0.29661438,0.011559152,-0.0995991,-0.50594765,0.5244383,-0.13747902,-0.0019538265,-0.13106005,-0.22405037,-0.72936136,-0.23158579,-0.19877854,-0.27818355,-0.09171743,-0.15099837,-0.104902744,0.33537915,-0.10136145,-0.16865206,-0.121062614,-0.085873194,0.14979361,1.0536784,-0.13977395,-0.15972914,0.44716886,-0.23246399,0.8607266,0.1770191,1.8841935,0.0024013207,-0.15027653,-0.09827855,-0.30422124,0.5064143,-0.24224475,-0.22683759,0.6049211,-0.6621597,3.108952,-0.20889825,-0.10572313,-0.13137761,-0.111170456,-0.45406535,-0.38426602,-0.7766765,-0.10819188,-0.2047146,-0.19969319,-0.24097718,-0.15152095,0.053736996,-0.1632735,-0.3671714,-0.1513935,-0.06816767,-0.32429916,-0.17233919,-0.22192325,-0.09320213,-0.22657716,-0.34140334
RMDVL,-0.35832995,1.0539514,1.2254034,0.11497547,-0.40909505,0.79531753,0.0,1.2390088,0.91036224,2.493898,1.1249044,-0.4148255,0.7636103,1.2689365,0.6194942,0.34893143,0.19991142,-0.26408654,0.54412794,-0.27212125,-0.15184641,-0.62294286,-0.14529815,-0.3593252,-0.44378543,0.19806671,-0.06085333,-0.29968727,1.3923177,0.43537942,0.47309813,0.745861,1.1849531,0.66323346,-0.08987068,-0.13661623,0.57013416,-0.20562454,-0.107477665,0.56729555,-0.13063362,-0.20192021,-0.32721803,-0.30521703,-0.541032,-0.098523706,-0.35565382,0.9207247,-0.33596158,-0.13843618,-0.13154258,-0.13377665,-0.13476689,0.71563506,-0.093413346,-0.20017897,-0.10096115,0.1292002,0.04749841,-0.17477408,1.1001585,-0.35846695,-0.2547049,0.11640603,-0.08750743,-0.10285871,0.9443806,-0.59187335,-0.15040447,-0.2511122,-0.2528605,-0.07995937,1.1141346,-0.2822926,-0.15752368,2.0304484,-0.25832227,-0.18197845,0.5384778,-0.16834301,-0.15927851,-0.16612832,0.70738816,-0.42390198,-0.05900848,-0.13816561,-0.12953962,-0.3954077,1.5308493,-0.21907343,-0.2869903,-0.1939915,-0.1803225,-0.30797932,1.1573496,-0.43631446,0.97024983,-0.18992516,-0.32883546,2.0409627,-0.16090772,-0.10835794,-0.09660248,-0.19602518,-0.16108052,2.2786357,1.0218523,0.28761807,0.5785069,-0.6291479,-0.22873205,0.48030764,-0.13736127,-0.15429756,-0.29024357,0.5402604,0.54931116,-0.25106105,0.46296474,-0.25071046,-0.70177513,0.2998989,-0.2806996,0.6887887,-0.14735171,-0.091602236,-0.2771743,-0.21999276,-0.10405583,0.014403763,-0.15330958,-0.31567216,-0.2069614,-0.16113873,-0.7639034,-0.14273086,-0.14461355,-0.16589922,-0.2687946,-0.24515441,-0.38437033,-0.07206163,1.07166,3.1472385,-0.45415226,-0.571192,-0.22517133,4.282219,0.5710947,-0.6610664,-0.18011388,-0.13835765,0.7017969,-0.12378302,-0.13142501,-0.23478852,0.044364702,-0.50944656,-0.17814249,-0.12944376,-0.2477495,-0.1343601,-0.45457473,-0.09473648,-0.27778852,-0.57536215,-0.1394344,-0.054856423,-0.061868448,-0.51064634,-0.6335134,-0.29661438,0.011559152,-0.0995991,-0.50594765,0.5244383,-0.13747902,-0.0019538265,-0.13106005,-0.22405037,-0.72936136,-0.23158579,-0.19877854,-0.27818355,-0.09171743,-0.15099837,-0.104902744,0.33537915,-0.10136145,-0.16865206,-0.121062614,-0.085873194,0.14979361,1.0536784,-0.13977395,-0.15972914,0.44716886,-0.23246399,0.8607266,0.1770191,1.8841935,0.0024013207,-0.15027653,-0.09827855,-0.30422124,0.5064143,-0.24224475,-0.22683759,0.6049211,-0.6621597,3.108952,-0.20889825,-0.10572313,-0.13137761,-0.111170456,-0.45406535,-0.38426602,-0.7766765,-0.10819188,-0.2047146,-0.19969319,-0.24097718,-0.15152095,0.053736996,-0.1632735,-0.3671714,-0.1513935,-0.06816767,-0.32429916,-0.17233919,-0.22192325,-0.09320213,-0.22657716,-0.34140334
RMDVR,-0.35832995,1.0539514,1.2254034,0.11497547,-0.40909505,0.79531753,0.0,1.2390088,0.91036224,2.493898,1.1249044,-0.4148255,0.7636103,1.2689365,0.6194942,0.34893143,0.19991142,-0.26408654,0.54412794,-0.27212125,-0.15184641,-0.62294286,-0.14529815,-0.3593252,-0.44378543,0.19806671,-0.06085333,-0.29968727,1.3923177,0.43537942,0.47309813,0.745861,1.1849531,0.66323346,-0.08987068,-0.13661623,0.57013416,-0.20562454,-0.107477665,0.56729555,-0.13063362,-0.20192021,-0.32721803,-0.30521703,-0.541032,-0.098523706,-0.35565382,0.9207247,-0.33596158,-0.13843618,-0.13154258,-0.13377665,-0.13476689,0.71563506,-0.093413346,-0.20017897,-0.10096115,0.1292002,0.04749841,-0.17477408,1.1001585,-0.35846695,-0.2547049,0.11640603,-0.08750743,-0.10285871,0.9443806,-0.59187335,-0.15040447,-0.2511122,-0.2528605,-0.07995937,1.1141346,-0.2822926,-0.15752368,2.0304484,-0.25832227,-0.18197845,0.5384778,-0.16834301,-0.15927851,-0.16612832,0.70738816,-0.42390198,-0.05900848,-0.13816561,-0.12953962,-0.3954077,1.5308493,-0.21907343,-0.2869903,-0.1939915,-0.1803225,-0.30797932,1.1573496,-0.43631446,0.97024983,-0.18992516,-0.32883546,2.0409627,-0.16090772,-0.10835794,-0.09660248,-0.19602518,-0.16108052,2.2786357,1.0218523,0.28761807,0.5785069,-0.6291479,-0.22873205,0.48030764,-0.13736127,-0.15429756,-0.29024357,0.5402604,0.54931116,-0.25106105,0.46296474,-0.25071046,-0.70177513,0.2998989,-0.2806996,0.6887887,-0.14735171,-0.091602236,-0.2771743,-0.21999276,-0.10405583,0.014403763,-0.15330958,-0.31567216,-0.2069614,-0.16113873,-0.7639034,-0.14273086,-0.14461355,-0.16589922,-0.2687946,-0.24515441,-0.38437033,-0.07206163,1.07166,3.1472385,-0.45415226,-0.571192,-0.22517133,4.282219,0.5710947,-0.6610664,-0.18011388,-0.13835765,0.7017969,-0.12378302,-0.13142501,-0.23478852,0.044364702,-0.50944656,-0.17814249,-0.12944376,-0.2477495,-0.1343601,-0.45457473,-0.09473648,-0.27778852,-0.57536215,-0.1394344,-0.054856423,-0.061868448,-0.51064634,-0.6335134,-0.29661438,0.011559152,-0.0995991,-0.50594765,0.5244383,-0.13747902,-0.0019538265,-0.13106005,-0.22405037,-0.72936136,-0.23158579,-0.19877854,-0.27818355,-0.09171743,-0.15099837,-0.104902744,0.33537915,-0.10136145,-0.16865206,-0.121062614,-0.085873194,0.14979361,1.0536784,-0.13977395,-0.15972914,0.44716886,-0.23246399,0.8607266,0.1770191,1.8841935,0.0024013207,-0.15027653,-0.09827855,-0.30422124,0.5064143,-0.24224475,-0.22683759,0.6049211,-0.6621597,3.108952,-0.20889825,-0.10572313,-0.13137761,-0.111170456,-0.45406535,-0.38426602,-0.7766765,-0.10819188,-0.2047146,-0.19969319,-0.24097718,-0.15152095,0.053736996,-0.1632735,-0.3671714,-0.1513935,-0.06816767,-0.32429916,-0.17233919,-0.22192325,-0.09320213,-0.22657716,-0.34140334
RMED,-0.35832995,-0.70146406,-0.5863807,-0.45986825,-0.45785543,-0.92702967,0.0,-0.8491572,6.7915087,1.6331859,-0.8607938,0.63292384,-0.36898717,-0.81302226,7.181446,1.1675434,9.190482,-0.26408654,6.589675,-0.90778196,-0.15184641,0.028803984,-0.6998183,0.31363887,-0.9312882,-0.29439822,-1.0766135,7.650399,4.0510583,-0.6999541,0.6435296,-0.96725035,-0.703889,-0.121783234,-0.091266364,-0.13832934,4.0342917,-0.21366067,-0.1395673,8.170499,-0.13471934,-0.1916971,-0.23361966,0.79805136,-0.5379776,-0.1035158,-0.36177242,-1.6157464,-0.34724262,-0.14254181,-0.14736962,10.41681,-0.13706648,-0.65602374,-0.11816035,-0.20278443,-0.29475707,-0.35365865,10.84981,5.279791,-1.372325,0.3906657,-0.26026434,4.8627934,11.120932,-0.0042105718,-1.358455,-0.48944646,-0.15040447,-0.07575658,-0.2528605,0.7486608,0.19736798,6.7605057,-0.12932773,6.592722,-0.27262098,-0.18197845,-0.29473403,-0.17845973,-0.085772224,-0.17969438,5.238585,-0.3977324,-0.13361521,-0.13816561,-0.13690129,0.11955609,-0.5918881,4.9336524,-0.2869903,-0.1939915,-0.29898974,-0.30797932,-1.2191765,-0.4425397,-0.38124657,-0.19446401,1.1426729,1.287671,-0.16090772,-0.25302258,-0.1288605,10.213371,-0.19361831,-0.5757594,-0.62546223,1.2101445,-0.41411698,0.34414274,-0.22873205,-1.0713184,-0.13736127,2.3705454,-0.29024357,-0.53402466,6.825097,-0.4384663,-0.46498522,-1.0082757,-0.7320259,3.1414816,-0.31298283,-0.38700616,-0.049065616,0.007952304,-0.2771743,-0.21999276,0.81383336,5.373302,-0.16334516,-0.37410316,-0.2069614,-0.16113873,-0.78865725,-0.5286249,-0.1532346,-0.16589922,-0.4051669,-0.2834826,-0.35871285,2.4430947,-0.4022857,-0.45657176,-0.42346308,4.522978,-0.22517133,-0.31185797,7.14206,1.0667387,-1.1506523,-0.05151429,6.392037,0.00394439,-0.051876206,-0.23478852,-0.5564255,-0.519459,-0.19979209,-0.12944376,-0.288588,-0.1343601,-0.47487187,-0.09473648,-0.28899387,-0.6771781,-0.1394344,-0.15791109,10.042922,5.524819,-0.60388434,-0.3282087,-0.66472983,-0.1445895,-0.31266183,8.064184,6.555519,-0.50365263,-0.14196976,-0.22405037,0.49424645,-0.24454184,-0.19877854,-0.28932342,-0.09171743,-0.29692727,0.037597593,5.1606555,-0.10136145,-0.18033062,0.028160844,-0.062297307,10.189966,4.053962,-0.13977395,-0.15972914,1.8576617,0.35567012,1.1899059,3.5297582,-0.5680008,1.4683717,-0.4899442,-0.09827855,-0.30422124,-0.65906,-0.31132117,-0.22683759,1.3006233,-0.60027105,-0.5796133,-0.2974128,-0.10572313,-0.14401945,-0.17649053,-0.46670645,-0.39668053,-0.6808812,0.22230712,-0.2047146,-0.32354373,-0.78307754,-0.15152095,-0.023954934,-0.17967562,0.6898396,-0.1513935,-0.19841684,-0.33795354,-0.24301982,-0.2358877,-0.09320213,-0.29063052,-0.56190974
RMEL,-0.35832995,1.8752977,0.51084924,0.5555098,-0.16255891,0.01173011,0.0,-0.32223687,-0.15664425,-0.60145104,0.7426112,-0.34750518,-0.33601078,-0.74449784,1.3908358,-0.15218163,-0.55857575,1.2700279,0.8065204,0.054620203,0.061121788,-1.237534,0.13973545,-0.3882564,0.17584418,-0.045864522,0.4612664,-0.011952707,-0.44229376,0.01626092,-0.07323769,0.7618716,-0.16152406,-0.85636085,-0.06696587,-0.11012321,0.44592896,-0.13457617,-0.116112806,2.440394,-0.10791388,-0.1550905,-0.23817112,-0.07540793,-0.42789152,-0.09784721,-0.31236637,-0.5672656,-0.31735307,-0.1099079,-0.116560794,3.1571236,-0.110954314,1.2782836,-0.10210288,-0.1672817,7.2633624,-0.11351489,-0.0984649,0.2528363,1.4985921,-0.42546582,-0.16978025,2.4641125,-0.09869885,-0.10285871,-0.3276292,-0.4741303,-0.1407225,-0.26426286,-0.23124306,-0.105260745,-0.35204944,0.24427126,-0.061341215,0.7392334,0.05932309,-0.18197845,-0.2578481,-0.17080127,-0.037193295,-0.020515077,0.365043,-0.40125433,-0.09408062,-0.03746772,-0.120182745,-0.4627861,-0.2749835,0.12052151,-0.2743208,-0.09992989,0.44105628,-0.26905358,-0.8549978,-0.38127634,-0.35308802,-0.077641845,-0.2780346,4.2420034,-0.12688482,-0.13198248,-0.09467303,0.037034377,-0.14928176,-0.5122064,-0.26664636,0.10551975,-0.048037846,-0.4003595,-0.05983986,-0.59763503,-0.05770547,0.57267344,-0.23476173,-0.3509101,0.35762924,-0.035562515,-0.19755179,0.72625345,-0.6633255,3.2730672,-0.23355706,-0.2978207,-0.056414112,-0.08322849,3.3631523,-0.16382723,-0.07210128,-0.3238257,-0.15574813,-0.12696104,-0.2006203,-0.16113873,-0.6887164,-0.31337458,-0.1532346,-0.15755789,-0.22622602,-0.22545299,-0.1328332,-0.004698651,-0.34851265,0.14160132,-0.40711462,-0.3030291,-0.1826772,0.048387963,0.40436247,-0.38889962,0.84683067,-0.13835765,1.3614533,-0.1282824,-0.1263138,-0.2080176,0.7817469,-0.44366375,0.1443757,-0.12944376,-0.25767288,-0.11888561,-0.4134114,-0.09473648,4.563022,-0.47678143,-0.115744665,-0.057608232,-0.0029428655,-0.41577122,-0.5581947,-0.30429155,-0.34852102,-0.110531345,-0.35282844,1.0210996,0.01981723,-0.42021388,-0.133711,-0.1908266,-0.70947343,-0.21511826,-0.18192005,-0.24715845,-0.09171743,0.36588997,-0.104902744,0.54999304,0.020925619,-0.16264907,-0.10851111,-0.21201503,0.70372224,0.23175438,-0.13977395,-0.15070143,2.0771432,-0.06525224,0.3335565,-0.30504254,-0.4504051,7.9111066,-0.39811146,-0.09827855,-0.2927564,-0.58966756,-0.19627987,-0.22132914,-0.03739209,-0.5242694,-0.08844184,0.6406757,-0.07876634,-0.12487945,-0.17649053,-0.42842874,-0.14293714,-0.6617445,-0.0803929,-0.2047146,-0.22126444,0.04768133,-0.1311741,-0.23633714,-0.13000937,0.027632285,-0.13079315,-0.1139027,-0.31728053,-0.3217924,-0.21474528,-0.09320213,-0.1815303,-0.16976756
RMER,-0.35832995,1.8752977,0.51084924,0.5555098,-0.16255891,0.01173011,0.0,-0.32223687,-0.15664425,-0.60145104,0.7426112,-0.34750518,-0.33601078,-0.74449784,1.3908358,-0.15218163,-0.55857575,1.2700279,0.8065204,0.054620203,0.061121788,-1.237534,0.13973545,-0.3882564,0.17584418,-0.045864522,0.4612664,-0.011952707,-0.44229376,0.01626092,-0.07323769,0.7618716,-0.16152406,-0.85636085,-0.06696587,-0.11012321,0.44592896,-0.13457617,-0.116112806,2.440394,-0.10791388,-0.1550905,-0.23817112,-0.07540793,-0.42789152,-0.09784721,-0.31236637,-0.5672656,-0.31735307,-0.1099079,-0.116560794,3.1571236,-0.110954314,1.2782836,-0.10210288,-0.1672817,7.2633624,-0.11351489,-0.0984649,0.2528363,1.4985921,-0.42546582,-0.16978025,2.4641125,-0.09869885,-0.10285871,-0.3276292,-0.4741303,-0.1407225,-0.26426286,-0.23124306,-0.105260745,-0.35204944,0.24427126,-0.061341215,0.7392334,0.05932309,-0.18197845,-0.2578481,-0.17080127,-0.037193295,-0.020515077,0.365043,-0.40125433,-0.09408062,-0.03746772,-0.120182745,-0.4627861,-0.2749835,0.12052151,-0.2743208,-0.09992989,0.44105628,-0.26905358,-0.8549978,-0.38127634,-0.35308802,-0.077641845,-0.2780346,4.2420034,-0.12688482,-0.13198248,-0.09467303,0.037034377,-0.14928176,-0.5122064,-0.26664636,0.10551975,-0.048037846,-0.4003595,-0.05983986,-0.59763503,-0.05770547,0.57267344,-0.23476173,-0.3509101,0.35762924,-0.035562515,-0.19755179,0.72625345,-0.6633255,3.2730672,-0.23355706,-0.2978207,-0.056414112,-0.08322849,3.3631523,-0.16382723,-0.07210128,-0.3238257,-0.15574813,-0.12696104,-0.2006203,-0.16113873,-0.6887164,-0.31337458,-0.1532346,-0.15755789,-0.22622602,-0.22545299,-0.1328332,-0.004698651,-0.34851265,0.14160132,-0.40711462,-0.3030291,-0.1826772,0.048387963,0.40436247,-0.38889962,0.84683067,-0.13835765,1.3614533,-0.1282824,-0.1263138,-0.2080176,0.7817469,-0.44366375,0.1443757,-0.12944376,-0.25767288,-0.11888561,-0.4134114,-0.09473648,4.563022,-0.47678143,-0.115744665,-0.057608232,-0.0029428655,-0.41577122,-0.5581947,-0.30429155,-0.34852102,-0.110531345,-0.35282844,1.0210996,0.01981723,-0.42021388,-0.133711,-0.1908266,-0.70947343,-0.21511826,-0.18192005,-0.24715845,-0.09171743,0.36588997,-0.104902744,0.54999304,0.020925619,-0.16264907,-0.10851111,-0.21201503,0.70372224,0.23175438,-0.13977395,-0.15070143,2.0771432,-0.06525224,0.3335565,-0.30504254,-0.4504051,7.9111066,-0.39811146,-0.09827855,-0.2927564,-0.58966756,-0.19627987,-0.22132914,-0.03739209,-0.5242694,-0.08844184,0.6406757,-0.07876634,-0.12487945,-0.17649053,-0.42842874,-0.14293714,-0.6617445,-0.0803929,-0.2047146,-0.22126444,0.04768133,-0.1311741,-0.23633714,-0.13000937,0.027632285,-0.13079315,-0.1139027,-0.31728053,-0.3217924,-0.21474528,-0.09320213,-0.1815303,-0.16976756
RMEV,0.0,0.0,0.0,0.0,0.0,0.0,0.0,0.0,0.0,0.0,0.0,0.0,0.0,0.0,0.0,0.0,0.0,0.0,0.0,0.0,0.0,0.0,0.0,0.0,0.0,0.0,0.0,0.0,0.0,0.0,0.0,0.0,0.0,0.0,0.0,0.0,0.0,0.0,0.0,0.0,0.0,0.0,0.0,0.0,0.0,0.0,0.0,0.0,0.0,0.0,0.0,0.0,0.0,0.0,0.0,0.0,0.0,0.0,0.0,0.0,0.0,0.0,0.0,0.0,0.0,0.0,0.0,0.0,0.0,0.0,0.0,0.0,0.0,0.0,0.0,0.0,0.0,0.0,0.0,0.0,0.0,0.0,0.0,0.0,0.0,0.0,0.0,0.0,0.0,0.0,0.0,0.0,0.0,0.0,0.0,0.0,0.0,0.0,0.0,0.0,0.0,0.0,0.0,0.0,0.0,0.0,0.0,0.0,0.0,0.0,0.0,0.0,0.0,0.0,0.0,0.0,0.0,0.0,0.0,0.0,0.0,0.0,0.0,0.0,0.0,0.0,0.0,0.0,0.0,0.0,0.0,0.0,0.0,0.0,0.0,0.0,0.0,0.0,0.0,0.0,0.0,0.0,0.0,0.0,0.0,0.0,0.0,0.0,0.0,0.0,0.0,0.0,0.0,0.0,0.0,0.0,0.0,0.0,0.0,0.0,0.0,0.0,0.0,0.0,0.0,0.0,0.0,0.0,0.0,0.0,0.0,0.0,0.0,0.0,0.0,0.0,0.0,0.0,0.0,0.0,0.0,0.0,0.0,0.0,0.0,0.0,0.0,0.0,0.0,0.0,0.0,0.0,0.0,0.0,0.0,0.0,0.0,0.0,0.0,0.0,0.0,0.0,0.0,0.0,0.0,0.0,0.0,0.0,0.0,0.0,0.0,0.0,0.0,0.0,0.0,0.0,0.0,0.0,0.0,0.0,0.0,0.0,0.0,0.0,0.0,0.0,0.0,0.0,0.0,0.0,0.0,0.0,0.0,0.0
RMFL,0.0,0.0,0.0,0.0,0.0,0.0,0.0,0.0,0.0,0.0,0.0,0.0,0.0,0.0,0.0,0.0,0.0,0.0,0.0,0.0,0.0,0.0,0.0,0.0,0.0,0.0,0.0,0.0,0.0,0.0,0.0,0.0,0.0,0.0,0.0,0.0,0.0,0.0,0.0,0.0,0.0,0.0,0.0,0.0,0.0,0.0,0.0,0.0,0.0,0.0,0.0,0.0,0.0,0.0,0.0,0.0,0.0,0.0,0.0,0.0,0.0,0.0,0.0,0.0,0.0,0.0,0.0,0.0,0.0,0.0,0.0,0.0,0.0,0.0,0.0,0.0,0.0,0.0,0.0,0.0,0.0,0.0,0.0,0.0,0.0,0.0,0.0,0.0,0.0,0.0,0.0,0.0,0.0,0.0,0.0,0.0,0.0,0.0,0.0,0.0,0.0,0.0,0.0,0.0,0.0,0.0,0.0,0.0,0.0,0.0,0.0,0.0,0.0,0.0,0.0,0.0,0.0,0.0,0.0,0.0,0.0,0.0,0.0,0.0,0.0,0.0,0.0,0.0,0.0,0.0,0.0,0.0,0.0,0.0,0.0,0.0,0.0,0.0,0.0,0.0,0.0,0.0,0.0,0.0,0.0,0.0,0.0,0.0,0.0,0.0,0.0,0.0,0.0,0.0,0.0,0.0,0.0,0.0,0.0,0.0,0.0,0.0,0.0,0.0,0.0,0.0,0.0,0.0,0.0,0.0,0.0,0.0,0.0,0.0,0.0,0.0,0.0,0.0,0.0,0.0,0.0,0.0,0.0,0.0,0.0,0.0,0.0,0.0,0.0,0.0,0.0,0.0,0.0,0.0,0.0,0.0,0.0,0.0,0.0,0.0,0.0,0.0,0.0,0.0,0.0,0.0,0.0,0.0,0.0,0.0,0.0,0.0,0.0,0.0,0.0,0.0,0.0,0.0,0.0,0.0,0.0,0.0,0.0,0.0,0.0,0.0,0.0,0.0,0.0,0.0,0.0,0.0,0.0,0.0
RMFR,0.0,0.0,0.0,0.0,0.0,0.0,0.0,0.0,0.0,0.0,0.0,0.0,0.0,0.0,0.0,0.0,0.0,0.0,0.0,0.0,0.0,0.0,0.0,0.0,0.0,0.0,0.0,0.0,0.0,0.0,0.0,0.0,0.0,0.0,0.0,0.0,0.0,0.0,0.0,0.0,0.0,0.0,0.0,0.0,0.0,0.0,0.0,0.0,0.0,0.0,0.0,0.0,0.0,0.0,0.0,0.0,0.0,0.0,0.0,0.0,0.0,0.0,0.0,0.0,0.0,0.0,0.0,0.0,0.0,0.0,0.0,0.0,0.0,0.0,0.0,0.0,0.0,0.0,0.0,0.0,0.0,0.0,0.0,0.0,0.0,0.0,0.0,0.0,0.0,0.0,0.0,0.0,0.0,0.0,0.0,0.0,0.0,0.0,0.0,0.0,0.0,0.0,0.0,0.0,0.0,0.0,0.0,0.0,0.0,0.0,0.0,0.0,0.0,0.0,0.0,0.0,0.0,0.0,0.0,0.0,0.0,0.0,0.0,0.0,0.0,0.0,0.0,0.0,0.0,0.0,0.0,0.0,0.0,0.0,0.0,0.0,0.0,0.0,0.0,0.0,0.0,0.0,0.0,0.0,0.0,0.0,0.0,0.0,0.0,0.0,0.0,0.0,0.0,0.0,0.0,0.0,0.0,0.0,0.0,0.0,0.0,0.0,0.0,0.0,0.0,0.0,0.0,0.0,0.0,0.0,0.0,0.0,0.0,0.0,0.0,0.0,0.0,0.0,0.0,0.0,0.0,0.0,0.0,0.0,0.0,0.0,0.0,0.0,0.0,0.0,0.0,0.0,0.0,0.0,0.0,0.0,0.0,0.0,0.0,0.0,0.0,0.0,0.0,0.0,0.0,0.0,0.0,0.0,0.0,0.0,0.0,0.0,0.0,0.0,0.0,0.0,0.0,0.0,0.0,0.0,0.0,0.0,0.0,0.0,0.0,0.0,0.0,0.0,0.0,0.0,0.0,0.0,0.0,0.0
RMGL,0.0,0.0,0.0,0.0,0.0,0.0,0.0,0.0,0.0,0.0,0.0,0.0,0.0,0.0,0.0,0.0,0.0,0.0,0.0,0.0,0.0,0.0,0.0,0.0,0.0,0.0,0.0,0.0,0.0,0.0,0.0,0.0,0.0,0.0,0.0,0.0,0.0,0.0,0.0,0.0,0.0,0.0,0.0,0.0,0.0,0.0,0.0,0.0,0.0,0.0,0.0,0.0,0.0,0.0,0.0,0.0,0.0,0.0,0.0,0.0,0.0,0.0,0.0,0.0,0.0,0.0,0.0,0.0,0.0,0.0,0.0,0.0,0.0,0.0,0.0,0.0,0.0,0.0,0.0,0.0,0.0,0.0,0.0,0.0,0.0,0.0,0.0,0.0,0.0,0.0,0.0,0.0,0.0,0.0,0.0,0.0,0.0,0.0,0.0,0.0,0.0,0.0,0.0,0.0,0.0,0.0,0.0,0.0,0.0,0.0,0.0,0.0,0.0,0.0,0.0,0.0,0.0,0.0,0.0,0.0,0.0,0.0,0.0,0.0,0.0,0.0,0.0,0.0,0.0,0.0,0.0,0.0,0.0,0.0,0.0,0.0,0.0,0.0,0.0,0.0,0.0,0.0,0.0,0.0,0.0,0.0,0.0,0.0,0.0,0.0,0.0,0.0,0.0,0.0,0.0,0.0,0.0,0.0,0.0,0.0,0.0,0.0,0.0,0.0,0.0,0.0,0.0,0.0,0.0,0.0,0.0,0.0,0.0,0.0,0.0,0.0,0.0,0.0,0.0,0.0,0.0,0.0,0.0,0.0,0.0,0.0,0.0,0.0,0.0,0.0,0.0,0.0,0.0,0.0,0.0,0.0,0.0,0.0,0.0,0.0,0.0,0.0,0.0,0.0,0.0,0.0,0.0,0.0,0.0,0.0,0.0,0.0,0.0,0.0,0.0,0.0,0.0,0.0,0.0,0.0,0.0,0.0,0.0,0.0,0.0,0.0,0.0,0.0,0.0,0.0,0.0,0.0,0.0,0.0
RMGR,0.0,0.0,0.0,0.0,0.0,0.0,0.0,0.0,0.0,0.0,0.0,0.0,0.0,0.0,0.0,0.0,0.0,0.0,0.0,0.0,0.0,0.0,0.0,0.0,0.0,0.0,0.0,0.0,0.0,0.0,0.0,0.0,0.0,0.0,0.0,0.0,0.0,0.0,0.0,0.0,0.0,0.0,0.0,0.0,0.0,0.0,0.0,0.0,0.0,0.0,0.0,0.0,0.0,0.0,0.0,0.0,0.0,0.0,0.0,0.0,0.0,0.0,0.0,0.0,0.0,0.0,0.0,0.0,0.0,0.0,0.0,0.0,0.0,0.0,0.0,0.0,0.0,0.0,0.0,0.0,0.0,0.0,0.0,0.0,0.0,0.0,0.0,0.0,0.0,0.0,0.0,0.0,0.0,0.0,0.0,0.0,0.0,0.0,0.0,0.0,0.0,0.0,0.0,0.0,0.0,0.0,0.0,0.0,0.0,0.0,0.0,0.0,0.0,0.0,0.0,0.0,0.0,0.0,0.0,0.0,0.0,0.0,0.0,0.0,0.0,0.0,0.0,0.0,0.0,0.0,0.0,0.0,0.0,0.0,0.0,0.0,0.0,0.0,0.0,0.0,0.0,0.0,0.0,0.0,0.0,0.0,0.0,0.0,0.0,0.0,0.0,0.0,0.0,0.0,0.0,0.0,0.0,0.0,0.0,0.0,0.0,0.0,0.0,0.0,0.0,0.0,0.0,0.0,0.0,0.0,0.0,0.0,0.0,0.0,0.0,0.0,0.0,0.0,0.0,0.0,0.0,0.0,0.0,0.0,0.0,0.0,0.0,0.0,0.0,0.0,0.0,0.0,0.0,0.0,0.0,0.0,0.0,0.0,0.0,0.0,0.0,0.0,0.0,0.0,0.0,0.0,0.0,0.0,0.0,0.0,0.0,0.0,0.0,0.0,0.0,0.0,0.0,0.0,0.0,0.0,0.0,0.0,0.0,0.0,0.0,0.0,0.0,0.0,0.0,0.0,0.0,0.0,0.0,0.0
RMHL,0.0,0.0,0.0,0.0,0.0,0.0,0.0,0.0,0.0,0.0,0.0,0.0,0.0,0.0,0.0,0.0,0.0,0.0,0.0,0.0,0.0,0.0,0.0,0.0,0.0,0.0,0.0,0.0,0.0,0.0,0.0,0.0,0.0,0.0,0.0,0.0,0.0,0.0,0.0,0.0,0.0,0.0,0.0,0.0,0.0,0.0,0.0,0.0,0.0,0.0,0.0,0.0,0.0,0.0,0.0,0.0,0.0,0.0,0.0,0.0,0.0,0.0,0.0,0.0,0.0,0.0,0.0,0.0,0.0,0.0,0.0,0.0,0.0,0.0,0.0,0.0,0.0,0.0,0.0,0.0,0.0,0.0,0.0,0.0,0.0,0.0,0.0,0.0,0.0,0.0,0.0,0.0,0.0,0.0,0.0,0.0,0.0,0.0,0.0,0.0,0.0,0.0,0.0,0.0,0.0,0.0,0.0,0.0,0.0,0.0,0.0,0.0,0.0,0.0,0.0,0.0,0.0,0.0,0.0,0.0,0.0,0.0,0.0,0.0,0.0,0.0,0.0,0.0,0.0,0.0,0.0,0.0,0.0,0.0,0.0,0.0,0.0,0.0,0.0,0.0,0.0,0.0,0.0,0.0,0.0,0.0,0.0,0.0,0.0,0.0,0.0,0.0,0.0,0.0,0.0,0.0,0.0,0.0,0.0,0.0,0.0,0.0,0.0,0.0,0.0,0.0,0.0,0.0,0.0,0.0,0.0,0.0,0.0,0.0,0.0,0.0,0.0,0.0,0.0,0.0,0.0,0.0,0.0,0.0,0.0,0.0,0.0,0.0,0.0,0.0,0.0,0.0,0.0,0.0,0.0,0.0,0.0,0.0,0.0,0.0,0.0,0.0,0.0,0.0,0.0,0.0,0.0,0.0,0.0,0.0,0.0,0.0,0.0,0.0,0.0,0.0,0.0,0.0,0.0,0.0,0.0,0.0,0.0,0.0,0.0,0.0,0.0,0.0,0.0,0.0,0.0,0.0,0.0,0.0
RMHR,0.0,0.0,0.0,0.0,0.0,0.0,0.0,0.0,0.0,0.0,0.0,0.0,0.0,0.0,0.0,0.0,0.0,0.0,0.0,0.0,0.0,0.0,0.0,0.0,0.0,0.0,0.0,0.0,0.0,0.0,0.0,0.0,0.0,0.0,0.0,0.0,0.0,0.0,0.0,0.0,0.0,0.0,0.0,0.0,0.0,0.0,0.0,0.0,0.0,0.0,0.0,0.0,0.0,0.0,0.0,0.0,0.0,0.0,0.0,0.0,0.0,0.0,0.0,0.0,0.0,0.0,0.0,0.0,0.0,0.0,0.0,0.0,0.0,0.0,0.0,0.0,0.0,0.0,0.0,0.0,0.0,0.0,0.0,0.0,0.0,0.0,0.0,0.0,0.0,0.0,0.0,0.0,0.0,0.0,0.0,0.0,0.0,0.0,0.0,0.0,0.0,0.0,0.0,0.0,0.0,0.0,0.0,0.0,0.0,0.0,0.0,0.0,0.0,0.0,0.0,0.0,0.0,0.0,0.0,0.0,0.0,0.0,0.0,0.0,0.0,0.0,0.0,0.0,0.0,0.0,0.0,0.0,0.0,0.0,0.0,0.0,0.0,0.0,0.0,0.0,0.0,0.0,0.0,0.0,0.0,0.0,0.0,0.0,0.0,0.0,0.0,0.0,0.0,0.0,0.0,0.0,0.0,0.0,0.0,0.0,0.0,0.0,0.0,0.0,0.0,0.0,0.0,0.0,0.0,0.0,0.0,0.0,0.0,0.0,0.0,0.0,0.0,0.0,0.0,0.0,0.0,0.0,0.0,0.0,0.0,0.0,0.0,0.0,0.0,0.0,0.0,0.0,0.0,0.0,0.0,0.0,0.0,0.0,0.0,0.0,0.0,0.0,0.0,0.0,0.0,0.0,0.0,0.0,0.0,0.0,0.0,0.0,0.0,0.0,0.0,0.0,0.0,0.0,0.0,0.0,0.0,0.0,0.0,0.0,0.0,0.0,0.0,0.0,0.0,0.0,0.0,0.0,0.0,0.0
SAADL,0.0,0.0,0.0,0.0,0.0,0.0,0.0,0.0,0.0,0.0,0.0,0.0,0.0,0.0,0.0,0.0,0.0,0.0,0.0,0.0,0.0,0.0,0.0,0.0,0.0,0.0,0.0,0.0,0.0,0.0,0.0,0.0,0.0,0.0,0.0,0.0,0.0,0.0,0.0,0.0,0.0,0.0,0.0,0.0,0.0,0.0,0.0,0.0,0.0,0.0,0.0,0.0,0.0,0.0,0.0,0.0,0.0,0.0,0.0,0.0,0.0,0.0,0.0,0.0,0.0,0.0,0.0,0.0,0.0,0.0,0.0,0.0,0.0,0.0,0.0,0.0,0.0,0.0,0.0,0.0,0.0,0.0,0.0,0.0,0.0,0.0,0.0,0.0,0.0,0.0,0.0,0.0,0.0,0.0,0.0,0.0,0.0,0.0,0.0,0.0,0.0,0.0,0.0,0.0,0.0,0.0,0.0,0.0,0.0,0.0,0.0,0.0,0.0,0.0,0.0,0.0,0.0,0.0,0.0,0.0,0.0,0.0,0.0,0.0,0.0,0.0,0.0,0.0,0.0,0.0,0.0,0.0,0.0,0.0,0.0,0.0,0.0,0.0,0.0,0.0,0.0,0.0,0.0,0.0,0.0,0.0,0.0,0.0,0.0,0.0,0.0,0.0,0.0,0.0,0.0,0.0,0.0,0.0,0.0,0.0,0.0,0.0,0.0,0.0,0.0,0.0,0.0,0.0,0.0,0.0,0.0,0.0,0.0,0.0,0.0,0.0,0.0,0.0,0.0,0.0,0.0,0.0,0.0,0.0,0.0,0.0,0.0,0.0,0.0,0.0,0.0,0.0,0.0,0.0,0.0,0.0,0.0,0.0,0.0,0.0,0.0,0.0,0.0,0.0,0.0,0.0,0.0,0.0,0.0,0.0,0.0,0.0,0.0,0.0,0.0,0.0,0.0,0.0,0.0,0.0,0.0,0.0,0.0,0.0,0.0,0.0,0.0,0.0,0.0,0.0,0.0,0.0,0.0,0.0
SAADR,0.0,0.0,0.0,0.0,0.0,0.0,0.0,0.0,0.0,0.0,0.0,0.0,0.0,0.0,0.0,0.0,0.0,0.0,0.0,0.0,0.0,0.0,0.0,0.0,0.0,0.0,0.0,0.0,0.0,0.0,0.0,0.0,0.0,0.0,0.0,0.0,0.0,0.0,0.0,0.0,0.0,0.0,0.0,0.0,0.0,0.0,0.0,0.0,0.0,0.0,0.0,0.0,0.0,0.0,0.0,0.0,0.0,0.0,0.0,0.0,0.0,0.0,0.0,0.0,0.0,0.0,0.0,0.0,0.0,0.0,0.0,0.0,0.0,0.0,0.0,0.0,0.0,0.0,0.0,0.0,0.0,0.0,0.0,0.0,0.0,0.0,0.0,0.0,0.0,0.0,0.0,0.0,0.0,0.0,0.0,0.0,0.0,0.0,0.0,0.0,0.0,0.0,0.0,0.0,0.0,0.0,0.0,0.0,0.0,0.0,0.0,0.0,0.0,0.0,0.0,0.0,0.0,0.0,0.0,0.0,0.0,0.0,0.0,0.0,0.0,0.0,0.0,0.0,0.0,0.0,0.0,0.0,0.0,0.0,0.0,0.0,0.0,0.0,0.0,0.0,0.0,0.0,0.0,0.0,0.0,0.0,0.0,0.0,0.0,0.0,0.0,0.0,0.0,0.0,0.0,0.0,0.0,0.0,0.0,0.0,0.0,0.0,0.0,0.0,0.0,0.0,0.0,0.0,0.0,0.0,0.0,0.0,0.0,0.0,0.0,0.0,0.0,0.0,0.0,0.0,0.0,0.0,0.0,0.0,0.0,0.0,0.0,0.0,0.0,0.0,0.0,0.0,0.0,0.0,0.0,0.0,0.0,0.0,0.0,0.0,0.0,0.0,0.0,0.0,0.0,0.0,0.0,0.0,0.0,0.0,0.0,0.0,0.0,0.0,0.0,0.0,0.0,0.0,0.0,0.0,0.0,0.0,0.0,0.0,0.0,0.0,0.0,0.0,0.0,0.0,0.0,0.0,0.0,0.0
SAAVL,0.0,0.0,0.0,0.0,0.0,0.0,0.0,0.0,0.0,0.0,0.0,0.0,0.0,0.0,0.0,0.0,0.0,0.0,0.0,0.0,0.0,0.0,0.0,0.0,0.0,0.0,0.0,0.0,0.0,0.0,0.0,0.0,0.0,0.0,0.0,0.0,0.0,0.0,0.0,0.0,0.0,0.0,0.0,0.0,0.0,0.0,0.0,0.0,0.0,0.0,0.0,0.0,0.0,0.0,0.0,0.0,0.0,0.0,0.0,0.0,0.0,0.0,0.0,0.0,0.0,0.0,0.0,0.0,0.0,0.0,0.0,0.0,0.0,0.0,0.0,0.0,0.0,0.0,0.0,0.0,0.0,0.0,0.0,0.0,0.0,0.0,0.0,0.0,0.0,0.0,0.0,0.0,0.0,0.0,0.0,0.0,0.0,0.0,0.0,0.0,0.0,0.0,0.0,0.0,0.0,0.0,0.0,0.0,0.0,0.0,0.0,0.0,0.0,0.0,0.0,0.0,0.0,0.0,0.0,0.0,0.0,0.0,0.0,0.0,0.0,0.0,0.0,0.0,0.0,0.0,0.0,0.0,0.0,0.0,0.0,0.0,0.0,0.0,0.0,0.0,0.0,0.0,0.0,0.0,0.0,0.0,0.0,0.0,0.0,0.0,0.0,0.0,0.0,0.0,0.0,0.0,0.0,0.0,0.0,0.0,0.0,0.0,0.0,0.0,0.0,0.0,0.0,0.0,0.0,0.0,0.0,0.0,0.0,0.0,0.0,0.0,0.0,0.0,0.0,0.0,0.0,0.0,0.0,0.0,0.0,0.0,0.0,0.0,0.0,0.0,0.0,0.0,0.0,0.0,0.0,0.0,0.0,0.0,0.0,0.0,0.0,0.0,0.0,0.0,0.0,0.0,0.0,0.0,0.0,0.0,0.0,0.0,0.0,0.0,0.0,0.0,0.0,0.0,0.0,0.0,0.0,0.0,0.0,0.0,0.0,0.0,0.0,0.0,0.0,0.0,0.0,0.0,0.0,0.0
SAAVR,0.0,0.0,0.0,0.0,0.0,0.0,0.0,0.0,0.0,0.0,0.0,0.0,0.0,0.0,0.0,0.0,0.0,0.0,0.0,0.0,0.0,0.0,0.0,0.0,0.0,0.0,0.0,0.0,0.0,0.0,0.0,0.0,0.0,0.0,0.0,0.0,0.0,0.0,0.0,0.0,0.0,0.0,0.0,0.0,0.0,0.0,0.0,0.0,0.0,0.0,0.0,0.0,0.0,0.0,0.0,0.0,0.0,0.0,0.0,0.0,0.0,0.0,0.0,0.0,0.0,0.0,0.0,0.0,0.0,0.0,0.0,0.0,0.0,0.0,0.0,0.0,0.0,0.0,0.0,0.0,0.0,0.0,0.0,0.0,0.0,0.0,0.0,0.0,0.0,0.0,0.0,0.0,0.0,0.0,0.0,0.0,0.0,0.0,0.0,0.0,0.0,0.0,0.0,0.0,0.0,0.0,0.0,0.0,0.0,0.0,0.0,0.0,0.0,0.0,0.0,0.0,0.0,0.0,0.0,0.0,0.0,0.0,0.0,0.0,0.0,0.0,0.0,0.0,0.0,0.0,0.0,0.0,0.0,0.0,0.0,0.0,0.0,0.0,0.0,0.0,0.0,0.0,0.0,0.0,0.0,0.0,0.0,0.0,0.0,0.0,0.0,0.0,0.0,0.0,0.0,0.0,0.0,0.0,0.0,0.0,0.0,0.0,0.0,0.0,0.0,0.0,0.0,0.0,0.0,0.0,0.0,0.0,0.0,0.0,0.0,0.0,0.0,0.0,0.0,0.0,0.0,0.0,0.0,0.0,0.0,0.0,0.0,0.0,0.0,0.0,0.0,0.0,0.0,0.0,0.0,0.0,0.0,0.0,0.0,0.0,0.0,0.0,0.0,0.0,0.0,0.0,0.0,0.0,0.0,0.0,0.0,0.0,0.0,0.0,0.0,0.0,0.0,0.0,0.0,0.0,0.0,0.0,0.0,0.0,0.0,0.0,0.0,0.0,0.0,0.0,0.0,0.0,0.0,0.0
SDQL,0.0,0.0,0.0,0.0,0.0,0.0,0.0,0.0,0.0,0.0,0.0,0.0,0.0,0.0,0.0,0.0,0.0,0.0,0.0,0.0,0.0,0.0,0.0,0.0,0.0,0.0,0.0,0.0,0.0,0.0,0.0,0.0,0.0,0.0,0.0,0.0,0.0,0.0,0.0,0.0,0.0,0.0,0.0,0.0,0.0,0.0,0.0,0.0,0.0,0.0,0.0,0.0,0.0,0.0,0.0,0.0,0.0,0.0,0.0,0.0,0.0,0.0,0.0,0.0,0.0,0.0,0.0,0.0,0.0,0.0,0.0,0.0,0.0,0.0,0.0,0.0,0.0,0.0,0.0,0.0,0.0,0.0,0.0,0.0,0.0,0.0,0.0,0.0,0.0,0.0,0.0,0.0,0.0,0.0,0.0,0.0,0.0,0.0,0.0,0.0,0.0,0.0,0.0,0.0,0.0,0.0,0.0,0.0,0.0,0.0,0.0,0.0,0.0,0.0,0.0,0.0,0.0,0.0,0.0,0.0,0.0,0.0,0.0,0.0,0.0,0.0,0.0,0.0,0.0,0.0,0.0,0.0,0.0,0.0,0.0,0.0,0.0,0.0,0.0,0.0,0.0,0.0,0.0,0.0,0.0,0.0,0.0,0.0,0.0,0.0,0.0,0.0,0.0,0.0,0.0,0.0,0.0,0.0,0.0,0.0,0.0,0.0,0.0,0.0,0.0,0.0,0.0,0.0,0.0,0.0,0.0,0.0,0.0,0.0,0.0,0.0,0.0,0.0,0.0,0.0,0.0,0.0,0.0,0.0,0.0,0.0,0.0,0.0,0.0,0.0,0.0,0.0,0.0,0.0,0.0,0.0,0.0,0.0,0.0,0.0,0.0,0.0,0.0,0.0,0.0,0.0,0.0,0.0,0.0,0.0,0.0,0.0,0.0,0.0,0.0,0.0,0.0,0.0,0.0,0.0,0.0,0.0,0.0,0.0,0.0,0.0,0.0,0.0,0.0,0.0,0.0,0.0,0.0,0.0
SDQR,0.0,0.0,0.0,0.0,0.0,0.0,0.0,0.0,0.0,0.0,0.0,0.0,0.0,0.0,0.0,0.0,0.0,0.0,0.0,0.0,0.0,0.0,0.0,0.0,0.0,0.0,0.0,0.0,0.0,0.0,0.0,0.0,0.0,0.0,0.0,0.0,0.0,0.0,0.0,0.0,0.0,0.0,0.0,0.0,0.0,0.0,0.0,0.0,0.0,0.0,0.0,0.0,0.0,0.0,0.0,0.0,0.0,0.0,0.0,0.0,0.0,0.0,0.0,0.0,0.0,0.0,0.0,0.0,0.0,0.0,0.0,0.0,0.0,0.0,0.0,0.0,0.0,0.0,0.0,0.0,0.0,0.0,0.0,0.0,0.0,0.0,0.0,0.0,0.0,0.0,0.0,0.0,0.0,0.0,0.0,0.0,0.0,0.0,0.0,0.0,0.0,0.0,0.0,0.0,0.0,0.0,0.0,0.0,0.0,0.0,0.0,0.0,0.0,0.0,0.0,0.0,0.0,0.0,0.0,0.0,0.0,0.0,0.0,0.0,0.0,0.0,0.0,0.0,0.0,0.0,0.0,0.0,0.0,0.0,0.0,0.0,0.0,0.0,0.0,0.0,0.0,0.0,0.0,0.0,0.0,0.0,0.0,0.0,0.0,0.0,0.0,0.0,0.0,0.0,0.0,0.0,0.0,0.0,0.0,0.0,0.0,0.0,0.0,0.0,0.0,0.0,0.0,0.0,0.0,0.0,0.0,0.0,0.0,0.0,0.0,0.0,0.0,0.0,0.0,0.0,0.0,0.0,0.0,0.0,0.0,0.0,0.0,0.0,0.0,0.0,0.0,0.0,0.0,0.0,0.0,0.0,0.0,0.0,0.0,0.0,0.0,0.0,0.0,0.0,0.0,0.0,0.0,0.0,0.0,0.0,0.0,0.0,0.0,0.0,0.0,0.0,0.0,0.0,0.0,0.0,0.0,0.0,0.0,0.0,0.0,0.0,0.0,0.0,0.0,0.0,0.0,0.0,0.0,0.0
SIADL,3.2252252,0.14793094,0.50068974,-0.05747767,-0.45785543,0.003038134,0.0,-0.8491572,-0.7352787,1.3749715,-0.26508427,-0.34934115,-0.107618526,-0.5414624,-0.45530814,0.14427856,-0.10382407,-0.26408654,0.2879606,0.5224546,-0.15184641,-0.362244,0.7973863,-0.6958073,-0.56566113,-0.04816575,-0.93810076,1.8017684,-0.749443,1.5707132,0.558314,0.17482395,1.8362783,0.61417,-0.091266364,-0.13319004,0.77869284,-0.21366067,-0.13458787,0.42099565,-0.13267648,-0.20045978,0.64605886,0.5018431,-0.5540131,-0.09602766,-0.33729813,-0.38750005,-0.33878183,-0.13638338,-0.14736962,-0.15368341,-0.1336171,0.2542585,-0.11285742,-0.20278443,-0.3155209,-0.3452367,-0.33209163,-0.17006762,-0.9843828,-0.3714953,-0.26026434,0.8834328,-0.17532283,-0.078196675,-0.84715414,-0.5748022,-0.15040447,-0.2489737,-0.2528605,-0.105260745,0.2747202,0.59737456,-0.15752368,0.45457697,-0.2654716,-0.18197845,-0.29473403,-0.1708722,-0.16452895,-0.17969438,1.0494702,-0.4369867,-0.13361521,-0.13816561,-0.13690129,-0.5670623,-0.28743204,-0.20378342,-0.2869903,-0.1939915,-0.2820373,-0.30797932,-0.8212072,-0.42386398,-0.38124657,-0.19446401,-0.6079146,-0.514847,-0.1512769,-0.16165544,-0.10950569,-0.21340314,-0.19361831,-0.46782014,-0.24082987,0.93179566,-0.41411698,-0.98884165,-0.20781599,-0.85312104,-0.13736127,-0.49584305,-0.29024357,-0.4699944,0.42732927,-0.4159777,0.59244615,0.88123345,-0.72068185,-0.05529912,-0.264558,-0.49148983,-0.14735171,-0.091602236,-0.1991089,-0.19526142,-0.11552945,-0.27781773,-0.16334516,-0.1988101,-0.19439663,-0.16113873,-0.7762803,0.17207733,-0.1532346,-0.14937103,0.22214563,-0.24036339,-0.93600166,2.075949,-0.37564814,-0.45657176,-0.37742925,0.48640215,-0.21464616,-0.29355487,-0.40402284,-0.59139687,-0.95351166,-0.13835765,-0.42634568,-0.1286956,-0.1413686,-0.23478852,-0.46977305,-0.48942164,-0.17814249,-0.12944376,-0.22733028,-0.1343601,-0.3987576,-0.09473648,-0.28899387,-0.6160885,-0.1394344,-0.15791109,-0.0827461,0.99821997,-0.58906984,-0.3282087,-0.6199754,-0.1220943,-1.1142287,-0.42816374,-0.19791241,-0.43523917,-0.14196976,-0.17467615,0.031403404,-0.24454184,-0.19877854,-0.2726136,-0.06796025,-0.29692727,-0.104902744,-0.74593276,-0.10136145,-0.18033062,-0.121062614,-0.27448004,-0.28777322,-0.3527042,-0.13977395,-0.15972914,-0.30039215,1.6557556,-0.71463037,-0.38177067,-0.5014254,-0.18084498,-0.4717477,-0.09827855,-0.30422124,-0.0108467955,-0.06264604,-0.22683759,0.39754826,-0.6931041,0.50029165,0.10090273,-0.052308746,-0.14401945,-0.17649053,-0.46670645,-0.117353946,-0.734766,-0.0806503,-0.2047146,4.675513,-0.7434117,-0.15152095,-0.27645376,-0.17967562,-0.4856294,-0.1513935,-0.19841684,-0.31747198,-0.21651456,-0.21494104,-0.09320213,-0.21857049,-0.86904424
SIADR,3.2252252,0.14793094,0.50068974,-0.05747767,-0.45785543,0.003038134,0.0,-0.8491572,-0.7352787,1.3749715,-0.26508427,-0.34934115,-0.107618526,-0.5414624,-0.45530814,0.14427856,-0.10382407,-0.26408654,0.2879606,0.5224546,-0.15184641,-0.362244,0.7973863,-0.6958073,-0.56566113,-0.04816575,-0.93810076,1.8017684,-0.749443,1.5707132,0.558314,0.17482395,1.8362783,0.61417,-0.091266364,-0.13319004,0.77869284,-0.21366067,-0.13458787,0.42099565,-0.13267648,-0.20045978,0.64605886,0.5018431,-0.5540131,-0.09602766,-0.33729813,-0.38750005,-0.33878183,-0.13638338,-0.14736962,-0.15368341,-0.1336171,0.2542585,-0.11285742,-0.20278443,-0.3155209,-0.3452367,-0.33209163,-0.17006762,-0.9843828,-0.3714953,-0.26026434,0.8834328,-0.17532283,-0.078196675,-0.84715414,-0.5748022,-0.15040447,-0.2489737,-0.2528605,-0.105260745,0.2747202,0.59737456,-0.15752368,0.45457697,-0.2654716,-0.18197845,-0.29473403,-0.1708722,-0.16452895,-0.17969438,1.0494702,-0.4369867,-0.13361521,-0.13816561,-0.13690129,-0.5670623,-0.28743204,-0.20378342,-0.2869903,-0.1939915,-0.2820373,-0.30797932,-0.8212072,-0.42386398,-0.38124657,-0.19446401,-0.6079146,-0.514847,-0.1512769,-0.16165544,-0.10950569,-0.21340314,-0.19361831,-0.46782014,-0.24082987,0.93179566,-0.41411698,-0.98884165,-0.20781599,-0.85312104,-0.13736127,-0.49584305,-0.29024357,-0.4699944,0.42732927,-0.4159777,0.59244615,0.88123345,-0.72068185,-0.05529912,-0.264558,-0.49148983,-0.14735171,-0.091602236,-0.1991089,-0.19526142,-0.11552945,-0.27781773,-0.16334516,-0.1988101,-0.19439663,-0.16113873,-0.7762803,0.17207733,-0.1532346,-0.14937103,0.22214563,-0.24036339,-0.93600166,2.075949,-0.37564814,-0.45657176,-0.37742925,0.48640215,-0.21464616,-0.29355487,-0.40402284,-0.59139687,-0.95351166,-0.13835765,-0.42634568,-0.1286956,-0.1413686,-0.23478852,-0.46977305,-0.48942164,-0.17814249,-0.12944376,-0.22733028,-0.1343601,-0.3987576,-0.09473648,-0.28899387,-0.6160885,-0.1394344,-0.15791109,-0.0827461,0.99821997,-0.58906984,-0.3282087,-0.6199754,-0.1220943,-1.1142287,-0.42816374,-0.19791241,-0.43523917,-0.14196976,-0.17467615,0.031403404,-0.24454184,-0.19877854,-0.2726136,-0.06796025,-0.29692727,-0.104902744,-0.74593276,-0.10136145,-0.18033062,-0.121062614,-0.27448004,-0.28777322,-0.3527042,-0.13977395,-0.15972914,-0.30039215,1.6557556,-0.71463037,-0.38177067,-0.5014254,-0.18084498,-0.4717477,-0.09827855,-0.30422124,-0.0108467955,-0.06264604,-0.22683759,0.39754826,-0.6931041,0.50029165,0.10090273,-0.052308746,-0.14401945,-0.17649053,-0.46670645,-0.117353946,-0.734766,-0.0806503,-0.2047146,4.675513,-0.7434117,-0.15152095,-0.27645376,-0.17967562,-0.4856294,-0.1513935,-0.19841684,-0.31747198,-0.21651456,-0.21494104,-0.09320213,-0.21857049,-0.86904424
SIAVL,3.2252252,0.14793094,0.50068974,-0.05747767,-0.45785543,0.003038134,0.0,-0.8491572,-0.7352787,1.3749715,-0.26508427,-0.34934115,-0.107618526,-0.5414624,-0.45530814,0.14427856,-0.10382407,-0.26408654,0.2879606,0.5224546,-0.15184641,-0.362244,0.7973863,-0.6958073,-0.56566113,-0.04816575,-0.93810076,1.8017684,-0.749443,1.5707132,0.558314,0.17482395,1.8362783,0.61417,-0.091266364,-0.13319004,0.77869284,-0.21366067,-0.13458787,0.42099565,-0.13267648,-0.20045978,0.64605886,0.5018431,-0.5540131,-0.09602766,-0.33729813,-0.38750005,-0.33878183,-0.13638338,-0.14736962,-0.15368341,-0.1336171,0.2542585,-0.11285742,-0.20278443,-0.3155209,-0.3452367,-0.33209163,-0.17006762,-0.9843828,-0.3714953,-0.26026434,0.8834328,-0.17532283,-0.078196675,-0.84715414,-0.5748022,-0.15040447,-0.2489737,-0.2528605,-0.105260745,0.2747202,0.59737456,-0.15752368,0.45457697,-0.2654716,-0.18197845,-0.29473403,-0.1708722,-0.16452895,-0.17969438,1.0494702,-0.4369867,-0.13361521,-0.13816561,-0.13690129,-0.5670623,-0.28743204,-0.20378342,-0.2869903,-0.1939915,-0.2820373,-0.30797932,-0.8212072,-0.42386398,-0.38124657,-0.19446401,-0.6079146,-0.514847,-0.1512769,-0.16165544,-0.10950569,-0.21340314,-0.19361831,-0.46782014,-0.24082987,0.93179566,-0.41411698,-0.98884165,-0.20781599,-0.85312104,-0.13736127,-0.49584305,-0.29024357,-0.4699944,0.42732927,-0.4159777,0.59244615,0.88123345,-0.72068185,-0.05529912,-0.264558,-0.49148983,-0.14735171,-0.091602236,-0.1991089,-0.19526142,-0.11552945,-0.27781773,-0.16334516,-0.1988101,-0.19439663,-0.16113873,-0.7762803,0.17207733,-0.1532346,-0.14937103,0.22214563,-0.24036339,-0.93600166,2.075949,-0.37564814,-0.45657176,-0.37742925,0.48640215,-0.21464616,-0.29355487,-0.40402284,-0.59139687,-0.95351166,-0.13835765,-0.42634568,-0.1286956,-0.1413686,-0.23478852,-0.46977305,-0.48942164,-0.17814249,-0.12944376,-0.22733028,-0.1343601,-0.3987576,-0.09473648,-0.28899387,-0.6160885,-0.1394344,-0.15791109,-0.0827461,0.99821997,-0.58906984,-0.3282087,-0.6199754,-0.1220943,-1.1142287,-0.42816374,-0.19791241,-0.43523917,-0.14196976,-0.17467615,0.031403404,-0.24454184,-0.19877854,-0.2726136,-0.06796025,-0.29692727,-0.104902744,-0.74593276,-0.10136145,-0.18033062,-0.121062614,-0.27448004,-0.28777322,-0.3527042,-0.13977395,-0.15972914,-0.30039215,1.6557556,-0.71463037,-0.38177067,-0.5014254,-0.18084498,-0.4717477,-0.09827855,-0.30422124,-0.0108467955,-0.06264604,-0.22683759,0.39754826,-0.6931041,0.50029165,0.10090273,-0.052308746,-0.14401945,-0.17649053,-0.46670645,-0.117353946,-0.734766,-0.0806503,-0.2047146,4.675513,-0.7434117,-0.15152095,-0.27645376,-0.17967562,-0.4856294,-0.1513935,-0.19841684,-0.31747198,-0.21651456,-0.21494104,-0.09320213,-0.21857049,-0.86904424
SIAVR,3.2252252,0.14793094,0.50068974,-0.05747767,-0.45785543,0.003038134,0.0,-0.8491572,-0.7352787,1.3749715,-0.26508427,-0.34934115,-0.107618526,-0.5414624,-0.45530814,0.14427856,-0.10382407,-0.26408654,0.2879606,0.5224546,-0.15184641,-0.362244,0.7973863,-0.6958073,-0.56566113,-0.04816575,-0.93810076,1.8017684,-0.749443,1.5707132,0.558314,0.17482395,1.8362783,0.61417,-0.091266364,-0.13319004,0.77869284,-0.21366067,-0.13458787,0.42099565,-0.13267648,-0.20045978,0.64605886,0.5018431,-0.5540131,-0.09602766,-0.33729813,-0.38750005,-0.33878183,-0.13638338,-0.14736962,-0.15368341,-0.1336171,0.2542585,-0.11285742,-0.20278443,-0.3155209,-0.3452367,-0.33209163,-0.17006762,-0.9843828,-0.3714953,-0.26026434,0.8834328,-0.17532283,-0.078196675,-0.84715414,-0.5748022,-0.15040447,-0.2489737,-0.2528605,-0.105260745,0.2747202,0.59737456,-0.15752368,0.45457697,-0.2654716,-0.18197845,-0.29473403,-0.1708722,-0.16452895,-0.17969438,1.0494702,-0.4369867,-0.13361521,-0.13816561,-0.13690129,-0.5670623,-0.28743204,-0.20378342,-0.2869903,-0.1939915,-0.2820373,-0.30797932,-0.8212072,-0.42386398,-0.38124657,-0.19446401,-0.6079146,-0.514847,-0.1512769,-0.16165544,-0.10950569,-0.21340314,-0.19361831,-0.46782014,-0.24082987,0.93179566,-0.41411698,-0.98884165,-0.20781599,-0.85312104,-0.13736127,-0.49584305,-0.29024357,-0.4699944,0.42732927,-0.4159777,0.59244615,0.88123345,-0.72068185,-0.05529912,-0.264558,-0.49148983,-0.14735171,-0.091602236,-0.1991089,-0.19526142,-0.11552945,-0.27781773,-0.16334516,-0.1988101,-0.19439663,-0.16113873,-0.7762803,0.17207733,-0.1532346,-0.14937103,0.22214563,-0.24036339,-0.93600166,2.075949,-0.37564814,-0.45657176,-0.37742925,0.48640215,-0.21464616,-0.29355487,-0.40402284,-0.59139687,-0.95351166,-0.13835765,-0.42634568,-0.1286956,-0.1413686,-0.23478852,-0.46977305,-0.48942164,-0.17814249,-0.12944376,-0.22733028,-0.1343601,-0.3987576,-0.09473648,-0.28899387,-0.6160885,-0.1394344,-0.15791109,-0.0827461,0.99821997,-0.58906984,-0.3282087,-0.6199754,-0.1220943,-1.1142287,-0.42816374,-0.19791241,-0.43523917,-0.14196976,-0.17467615,0.031403404,-0.24454184,-0.19877854,-0.2726136,-0.06796025,-0.29692727,-0.104902744,-0.74593276,-0.10136145,-0.18033062,-0.121062614,-0.27448004,-0.28777322,-0.3527042,-0.13977395,-0.15972914,-0.30039215,1.6557556,-0.71463037,-0.38177067,-0.5014254,-0.18084498,-0.4717477,-0.09827855,-0.30422124,-0.0108467955,-0.06264604,-0.22683759,0.39754826,-0.6931041,0.50029165,0.10090273,-0.052308746,-0.14401945,-0.17649053,-0.46670645,-0.117353946,-0.734766,-0.0806503,-0.2047146,4.675513,-0.7434117,-0.15152095,-0.27645376,-0.17967562,-0.4856294,-0.1513935,-0.19841684,-0.31747198,-0.21651456,-0.21494104,-0.09320213,-0.21857049,-0.86904424
SIBDL,-0.35832995,-0.79412526,0.30304056,1.1392424,-0.09880164,0.93310577,0.0,0.0050925286,-0.1393162,0.45948595,1.738666,-0.5457942,-0.26206365,-0.36865163,1.6737263,0.051254366,-0.6505479,0.06753012,0.88878936,-0.90778196,-0.15184641,0.6687009,2.0223715,-0.89769644,-0.33298934,-0.29439822,-0.16998462,0.23430817,-0.8635809,0.22895516,-0.8903523,2.5368414,1.0546885,-0.04149741,-0.09012444,-0.08051217,2.450281,-0.18829991,-0.13685125,0.37633187,-0.13471934,-0.12956195,-0.23481624,-0.26970324,-0.5279814,-0.1035158,-0.36177242,-1.3166049,-0.34724262,-0.12238696,-0.13627014,-0.1298788,-0.10319979,-0.25246143,-0.09212779,-0.20278443,-0.23359808,-0.32609588,-0.038979888,0.3125386,-1.5472515,-0.6086713,-0.26026434,-0.20065545,0.07796294,-0.10285871,-0.515295,-0.58256185,-0.15040447,-0.25072336,-0.2528605,-0.105260745,-0.18236087,1.7134731,-0.16008694,-0.58112925,0.8270806,-0.17013945,-0.28277406,-0.17845973,-0.115842976,-0.16304512,0.93017447,-0.43199074,-0.13361521,-0.13816561,-0.13690129,-0.5171264,3.7466125,-0.22671841,-0.2869903,-0.1939915,0.3945201,-0.30797932,-1.2653625,-0.42725953,-0.38124657,-0.19446401,-0.6580796,-0.42435423,-0.16090772,-0.21564512,-0.1288605,-0.13757204,-0.19361831,-0.53160244,-0.5491715,4.611058,-0.33081985,-0.56182504,-0.21161892,-1.1223255,-0.13736127,-0.091412336,-0.272254,-0.39432228,1.2773818,-0.4384663,-0.31784725,0.750301,-0.6949,2.0841322,-0.31298283,-0.4503296,-0.14735171,-0.091602236,-0.04723625,-0.21999276,-0.11552945,1.3786505,-0.16334516,-0.24434078,-0.2069614,-0.16113873,-0.74815094,-0.42892018,-0.1532346,-0.16589922,-0.315905,-0.2834826,2.9930604,0.19878991,-0.33690256,-0.11216903,-0.2644372,-0.09801829,-0.22517133,-0.2519569,0.4058895,-0.734536,-1.0265778,-0.13835765,-0.07364501,-0.12467621,-0.1413686,-0.23478852,-0.3862716,-0.47030693,-0.022659052,-0.12944376,-0.26352802,-0.1343601,-0.47487187,-0.09473648,-0.28899387,-0.6771781,-0.1394344,-0.15791109,0.3974402,0.4188152,-0.6442876,-0.3282087,-0.66472983,-0.1445895,-1.2615185,1.5083632,0.053435557,-0.9514499,-0.14196976,-0.22405037,-0.84640217,-0.24454184,-0.19877854,-0.28932342,-0.09171743,-0.29692727,-0.104902744,-0.53626174,-0.10136145,-0.15166506,-0.121062614,-0.24554603,-0.42012817,0.4740782,-0.13977395,-0.15972914,0.7728645,3.7325158,0.6801055,-0.43256974,-0.5407654,-0.18084498,-0.43039206,-0.09827855,-0.30422124,-0.46620315,-0.14176995,-0.22683759,-0.18808258,-0.6812889,0.22758824,0.19918838,-0.10572313,-0.14401945,-0.11235809,-0.46670645,1.6754148,-0.75925916,-0.10819188,-0.2047146,0.06336122,-0.32872295,-0.15152095,-0.3417856,-0.13941585,-0.696866,-0.11799596,-0.10707327,-0.33795354,-0.35867903,-0.2358877,-0.09320213,-0.25132504,-0.8067583
SIBDR,-0.35832995,-0.79412526,0.30304056,1.1392424,-0.09880164,0.93310577,0.0,0.0050925286,-0.1393162,0.45948595,1.738666,-0.5457942,-0.26206365,-0.36865163,1.6737263,0.051254366,-0.6505479,0.06753012,0.88878936,-0.90778196,-0.15184641,0.6687009,2.0223715,-0.89769644,-0.33298934,-0.29439822,-0.16998462,0.23430817,-0.8635809,0.22895516,-0.8903523,2.5368414,1.0546885,-0.04149741,-0.09012444,-0.08051217,2.450281,-0.18829991,-0.13685125,0.37633187,-0.13471934,-0.12956195,-0.23481624,-0.26970324,-0.5279814,-0.1035158,-0.36177242,-1.3166049,-0.34724262,-0.12238696,-0.13627014,-0.1298788,-0.10319979,-0.25246143,-0.09212779,-0.20278443,-0.23359808,-0.32609588,-0.038979888,0.3125386,-1.5472515,-0.6086713,-0.26026434,-0.20065545,0.07796294,-0.10285871,-0.515295,-0.58256185,-0.15040447,-0.25072336,-0.2528605,-0.105260745,-0.18236087,1.7134731,-0.16008694,-0.58112925,0.8270806,-0.17013945,-0.28277406,-0.17845973,-0.115842976,-0.16304512,0.93017447,-0.43199074,-0.13361521,-0.13816561,-0.13690129,-0.5171264,3.7466125,-0.22671841,-0.2869903,-0.1939915,0.3945201,-0.30797932,-1.2653625,-0.42725953,-0.38124657,-0.19446401,-0.6580796,-0.42435423,-0.16090772,-0.21564512,-0.1288605,-0.13757204,-0.19361831,-0.53160244,-0.5491715,4.611058,-0.33081985,-0.56182504,-0.21161892,-1.1223255,-0.13736127,-0.091412336,-0.272254,-0.39432228,1.2773818,-0.4384663,-0.31784725,0.750301,-0.6949,2.0841322,-0.31298283,-0.4503296,-0.14735171,-0.091602236,-0.04723625,-0.21999276,-0.11552945,1.3786505,-0.16334516,-0.24434078,-0.2069614,-0.16113873,-0.74815094,-0.42892018,-0.1532346,-0.16589922,-0.315905,-0.2834826,2.9930604,0.19878991,-0.33690256,-0.11216903,-0.2644372,-0.09801829,-0.22517133,-0.2519569,0.4058895,-0.734536,-1.0265778,-0.13835765,-0.07364501,-0.12467621,-0.1413686,-0.23478852,-0.3862716,-0.47030693,-0.022659052,-0.12944376,-0.26352802,-0.1343601,-0.47487187,-0.09473648,-0.28899387,-0.6771781,-0.1394344,-0.15791109,0.3974402,0.4188152,-0.6442876,-0.3282087,-0.66472983,-0.1445895,-1.2615185,1.5083632,0.053435557,-0.9514499,-0.14196976,-0.22405037,-0.84640217,-0.24454184,-0.19877854,-0.28932342,-0.09171743,-0.29692727,-0.104902744,-0.53626174,-0.10136145,-0.15166506,-0.121062614,-0.24554603,-0.42012817,0.4740782,-0.13977395,-0.15972914,0.7728645,3.7325158,0.6801055,-0.43256974,-0.5407654,-0.18084498,-0.43039206,-0.09827855,-0.30422124,-0.46620315,-0.14176995,-0.22683759,-0.18808258,-0.6812889,0.22758824,0.19918838,-0.10572313,-0.14401945,-0.11235809,-0.46670645,1.6754148,-0.75925916,-0.10819188,-0.2047146,0.06336122,-0.32872295,-0.15152095,-0.3417856,-0.13941585,-0.696866,-0.11799596,-0.10707327,-0.33795354,-0.35867903,-0.2358877,-0.09320213,-0.25132504,-0.8067583
SIBVL,-0.35832995,-0.79412526,0.30304056,1.1392424,-0.09880164,0.93310577,0.0,0.0050925286,-0.1393162,0.45948595,1.738666,-0.5457942,-0.26206365,-0.36865163,1.6737263,0.051254366,-0.6505479,0.06753012,0.88878936,-0.90778196,-0.15184641,0.6687009,2.0223715,-0.89769644,-0.33298934,-0.29439822,-0.16998462,0.23430817,-0.8635809,0.22895516,-0.8903523,2.5368414,1.0546885,-0.04149741,-0.09012444,-0.08051217,2.450281,-0.18829991,-0.13685125,0.37633187,-0.13471934,-0.12956195,-0.23481624,-0.26970324,-0.5279814,-0.1035158,-0.36177242,-1.3166049,-0.34724262,-0.12238696,-0.13627014,-0.1298788,-0.10319979,-0.25246143,-0.09212779,-0.20278443,-0.23359808,-0.32609588,-0.038979888,0.3125386,-1.5472515,-0.6086713,-0.26026434,-0.20065545,0.07796294,-0.10285871,-0.515295,-0.58256185,-0.15040447,-0.25072336,-0.2528605,-0.105260745,-0.18236087,1.7134731,-0.16008694,-0.58112925,0.8270806,-0.17013945,-0.28277406,-0.17845973,-0.115842976,-0.16304512,0.93017447,-0.43199074,-0.13361521,-0.13816561,-0.13690129,-0.5171264,3.7466125,-0.22671841,-0.2869903,-0.1939915,0.3945201,-0.30797932,-1.2653625,-0.42725953,-0.38124657,-0.19446401,-0.6580796,-0.42435423,-0.16090772,-0.21564512,-0.1288605,-0.13757204,-0.19361831,-0.53160244,-0.5491715,4.611058,-0.33081985,-0.56182504,-0.21161892,-1.1223255,-0.13736127,-0.091412336,-0.272254,-0.39432228,1.2773818,-0.4384663,-0.31784725,0.750301,-0.6949,2.0841322,-0.31298283,-0.4503296,-0.14735171,-0.091602236,-0.04723625,-0.21999276,-0.11552945,1.3786505,-0.16334516,-0.24434078,-0.2069614,-0.16113873,-0.74815094,-0.42892018,-0.1532346,-0.16589922,-0.315905,-0.2834826,2.9930604,0.19878991,-0.33690256,-0.11216903,-0.2644372,-0.09801829,-0.22517133,-0.2519569,0.4058895,-0.734536,-1.0265778,-0.13835765,-0.07364501,-0.12467621,-0.1413686,-0.23478852,-0.3862716,-0.47030693,-0.022659052,-0.12944376,-0.26352802,-0.1343601,-0.47487187,-0.09473648,-0.28899387,-0.6771781,-0.1394344,-0.15791109,0.3974402,0.4188152,-0.6442876,-0.3282087,-0.66472983,-0.1445895,-1.2615185,1.5083632,0.053435557,-0.9514499,-0.14196976,-0.22405037,-0.84640217,-0.24454184,-0.19877854,-0.28932342,-0.09171743,-0.29692727,-0.104902744,-0.53626174,-0.10136145,-0.15166506,-0.121062614,-0.24554603,-0.42012817,0.4740782,-0.13977395,-0.15972914,0.7728645,3.7325158,0.6801055,-0.43256974,-0.5407654,-0.18084498,-0.43039206,-0.09827855,-0.30422124,-0.46620315,-0.14176995,-0.22683759,-0.18808258,-0.6812889,0.22758824,0.19918838,-0.10572313,-0.14401945,-0.11235809,-0.46670645,1.6754148,-0.75925916,-0.10819188,-0.2047146,0.06336122,-0.32872295,-0.15152095,-0.3417856,-0.13941585,-0.696866,-0.11799596,-0.10707327,-0.33795354,-0.35867903,-0.2358877,-0.09320213,-0.25132504,-0.8067583
SIBVR,-0.35832995,-0.79412526,0.30304056,1.1392424,-0.09880164,0.93310577,0.0,0.0050925286,-0.1393162,0.45948595,1.738666,-0.5457942,-0.26206365,-0.36865163,1.6737263,0.051254366,-0.6505479,0.06753012,0.88878936,-0.90778196,-0.15184641,0.6687009,2.0223715,-0.89769644,-0.33298934,-0.29439822,-0.16998462,0.23430817,-0.8635809,0.22895516,-0.8903523,2.5368414,1.0546885,-0.04149741,-0.09012444,-0.08051217,2.450281,-0.18829991,-0.13685125,0.37633187,-0.13471934,-0.12956195,-0.23481624,-0.26970324,-0.5279814,-0.1035158,-0.36177242,-1.3166049,-0.34724262,-0.12238696,-0.13627014,-0.1298788,-0.10319979,-0.25246143,-0.09212779,-0.20278443,-0.23359808,-0.32609588,-0.038979888,0.3125386,-1.5472515,-0.6086713,-0.26026434,-0.20065545,0.07796294,-0.10285871,-0.515295,-0.58256185,-0.15040447,-0.25072336,-0.2528605,-0.105260745,-0.18236087,1.7134731,-0.16008694,-0.58112925,0.8270806,-0.17013945,-0.28277406,-0.17845973,-0.115842976,-0.16304512,0.93017447,-0.43199074,-0.13361521,-0.13816561,-0.13690129,-0.5171264,3.7466125,-0.22671841,-0.2869903,-0.1939915,0.3945201,-0.30797932,-1.2653625,-0.42725953,-0.38124657,-0.19446401,-0.6580796,-0.42435423,-0.16090772,-0.21564512,-0.1288605,-0.13757204,-0.19361831,-0.53160244,-0.5491715,4.611058,-0.33081985,-0.56182504,-0.21161892,-1.1223255,-0.13736127,-0.091412336,-0.272254,-0.39432228,1.2773818,-0.4384663,-0.31784725,0.750301,-0.6949,2.0841322,-0.31298283,-0.4503296,-0.14735171,-0.091602236,-0.04723625,-0.21999276,-0.11552945,1.3786505,-0.16334516,-0.24434078,-0.2069614,-0.16113873,-0.74815094,-0.42892018,-0.1532346,-0.16589922,-0.315905,-0.2834826,2.9930604,0.19878991,-0.33690256,-0.11216903,-0.2644372,-0.09801829,-0.22517133,-0.2519569,0.4058895,-0.734536,-1.0265778,-0.13835765,-0.07364501,-0.12467621,-0.1413686,-0.23478852,-0.3862716,-0.47030693,-0.022659052,-0.12944376,-0.26352802,-0.1343601,-0.47487187,-0.09473648,-0.28899387,-0.6771781,-0.1394344,-0.15791109,0.3974402,0.4188152,-0.6442876,-0.3282087,-0.66472983,-0.1445895,-1.2615185,1.5083632,0.053435557,-0.9514499,-0.14196976,-0.22405037,-0.84640217,-0.24454184,-0.19877854,-0.28932342,-0.09171743,-0.29692727,-0.104902744,-0.53626174,-0.10136145,-0.15166506,-0.121062614,-0.24554603,-0.42012817,0.4740782,-0.13977395,-0.15972914,0.7728645,3.7325158,0.6801055,-0.43256974,-0.5407654,-0.18084498,-0.43039206,-0.09827855,-0.30422124,-0.46620315,-0.14176995,-0.22683759,-0.18808258,-0.6812889,0.22758824,0.19918838,-0.10572313,-0.14401945,-0.11235809,-0.46670645,1.6754148,-0.75925916,-0.10819188,-0.2047146,0.06336122,-0.32872295,-0.15152095,-0.3417856,-0.13941585,-0.696866,-0.11799596,-0.10707327,-0.33795354,-0.35867903,-0.2358877,-0.09320213,-0.25132504,-0.8067583
SMBDL,3.363054,1.9643295,3.3647025,-0.10169639,-0.078087,1.9704893,0.0,-0.8491572,0.6374726,2.6263173,-0.035965193,-0.13777639,-0.30113187,-0.5310178,1.7671838,-0.22567122,-0.6505479,0.15681152,-0.21156535,1.5676275,0.28637663,-0.71569145,4.3100586,2.2471166,0.5874704,-0.29439822,0.79330856,-0.14095819,2.3552608,-0.6999541,1.3219779,2.442501,0.107762136,-0.3935198,-0.08836764,-0.13566086,1.2479724,-0.21366067,-0.1395673,-0.10280951,-0.13471934,-0.19801635,-0.16806142,0.038708165,-0.5274047,-0.1035158,-0.35541853,-0.5162572,-0.34724262,-0.13934416,-0.13680378,-0.1579239,-0.13706648,2.5002303,-0.10163969,-0.20278443,0.24286701,-0.3405398,-0.29673588,0.13348666,-1.4660277,-0.46676543,-0.2559344,-0.11380272,-0.14185472,-0.10285871,-0.62923384,-0.5800549,-0.15040447,-0.25859687,-0.2528605,-0.105260745,-0.69813216,0.15701571,-0.17162165,1.1833923,0.061474208,-0.18197845,-0.27955407,-0.17845973,-0.15574455,-0.17969438,1.1242068,-0.4366848,-0.13361521,-0.13816561,-0.07956525,-0.48552635,1.6146878,-0.22671841,-0.2869903,-0.18774796,-0.034922473,-0.30797932,-0.34475115,-0.4425397,-0.38124657,-0.19446401,-0.6532893,-0.104054935,-0.010889187,-0.25302258,-0.118810885,-0.22493273,-0.19361831,-0.4356459,-0.41969734,0.735728,-0.3348245,-0.3907073,-0.18529104,-0.64331573,-0.13736127,1.1403829,-0.2788271,-0.4342852,1.2936631,-0.2049305,-0.38405934,0.3394859,-0.69668484,0.18668339,-0.31298283,-0.5022061,-0.14735171,-0.091602236,-0.11503849,-0.19431023,-0.097657084,1.7877923,-0.16334516,0.33092153,-0.19391336,-0.08266741,-0.76295125,-0.29134688,-0.1532346,-0.11440758,-0.13609381,-0.25363085,0.19785267,1.533023,-0.4022857,-0.33003512,-0.32431334,0.22189698,-0.22517133,-0.19781557,0.10932025,-0.7275202,-0.94592935,-0.13835765,-0.18378435,-0.14229971,-0.1413686,-0.23478852,1.135297,-0.519459,5.623117,-0.12944376,-0.22497422,-0.1343601,-0.4590635,-0.09473648,-0.25408491,-0.62959874,-0.1394344,-0.13497859,-0.25297916,0.030224336,-0.6312342,-0.26258975,-0.63374597,-0.074508294,-1.0446982,-0.20989202,-0.19616915,-0.56877697,-0.14196976,-0.17277712,-0.74695843,-0.2142695,-0.19877854,-0.28932342,-0.09171743,-0.13955718,-0.104902744,0.3228783,-0.10136145,-0.14394742,-0.121062614,-0.27448004,0.00047029488,1.5852193,-0.13977395,-0.15972914,-0.007443207,-0.4283102,-0.5396406,-0.40078276,-0.39516085,-0.16181557,-0.47104782,-0.09827855,-0.2924257,-0.6386616,-0.11764149,-0.21550289,0.045580156,-0.59598637,2.9785347,-0.21862513,-0.10572313,-0.14401945,-0.17649053,-0.4470155,1.247049,-0.6953886,-0.079591006,-0.2047146,-0.2709289,-0.65950304,-0.13058716,-0.29288858,-0.17967562,0.32079726,-0.1513935,-0.19841684,-0.33795354,-0.40205124,-0.1923831,-0.09320213,-0.29063052,-1.0580498
SMBDR,3.363054,1.9643295,3.3647025,-0.10169639,-0.078087,1.9704893,0.0,-0.8491572,0.6374726,2.6263173,-0.035965193,-0.13777639,-0.30113187,-0.5310178,1.7671838,-0.22567122,-0.6505479,0.15681152,-0.21156535,1.5676275,0.28637663,-0.71569145,4.3100586,2.2471166,0.5874704,-0.29439822,0.79330856,-0.14095819,2.3552608,-0.6999541,1.3219779,2.442501,0.107762136,-0.3935198,-0.08836764,-0.13566086,1.2479724,-0.21366067,-0.1395673,-0.10280951,-0.13471934,-0.19801635,-0.16806142,0.038708165,-0.5274047,-0.1035158,-0.35541853,-0.5162572,-0.34724262,-0.13934416,-0.13680378,-0.1579239,-0.13706648,2.5002303,-0.10163969,-0.20278443,0.24286701,-0.3405398,-0.29673588,0.13348666,-1.4660277,-0.46676543,-0.2559344,-0.11380272,-0.14185472,-0.10285871,-0.62923384,-0.5800549,-0.15040447,-0.25859687,-0.2528605,-0.105260745,-0.69813216,0.15701571,-0.17162165,1.1833923,0.061474208,-0.18197845,-0.27955407,-0.17845973,-0.15574455,-0.17969438,1.1242068,-0.4366848,-0.13361521,-0.13816561,-0.07956525,-0.48552635,1.6146878,-0.22671841,-0.2869903,-0.18774796,-0.034922473,-0.30797932,-0.34475115,-0.4425397,-0.38124657,-0.19446401,-0.6532893,-0.104054935,-0.010889187,-0.25302258,-0.118810885,-0.22493273,-0.19361831,-0.4356459,-0.41969734,0.735728,-0.3348245,-0.3907073,-0.18529104,-0.64331573,-0.13736127,1.1403829,-0.2788271,-0.4342852,1.2936631,-0.2049305,-0.38405934,0.3394859,-0.69668484,0.18668339,-0.31298283,-0.5022061,-0.14735171,-0.091602236,-0.11503849,-0.19431023,-0.097657084,1.7877923,-0.16334516,0.33092153,-0.19391336,-0.08266741,-0.76295125,-0.29134688,-0.1532346,-0.11440758,-0.13609381,-0.25363085,0.19785267,1.533023,-0.4022857,-0.33003512,-0.32431334,0.22189698,-0.22517133,-0.19781557,0.10932025,-0.7275202,-0.94592935,-0.13835765,-0.18378435,-0.14229971,-0.1413686,-0.23478852,1.135297,-0.519459,5.623117,-0.12944376,-0.22497422,-0.1343601,-0.4590635,-0.09473648,-0.25408491,-0.62959874,-0.1394344,-0.13497859,-0.25297916,0.030224336,-0.6312342,-0.26258975,-0.63374597,-0.074508294,-1.0446982,-0.20989202,-0.19616915,-0.56877697,-0.14196976,-0.17277712,-0.74695843,-0.2142695,-0.19877854,-0.28932342,-0.09171743,-0.13955718,-0.104902744,0.3228783,-0.10136145,-0.14394742,-0.121062614,-0.27448004,0.00047029488,1.5852193,-0.13977395,-0.15972914,-0.007443207,-0.4283102,-0.5396406,-0.40078276,-0.39516085,-0.16181557,-0.47104782,-0.09827855,-0.2924257,-0.6386616,-0.11764149,-0.21550289,0.045580156,-0.59598637,2.9785347,-0.21862513,-0.10572313,-0.14401945,-0.17649053,-0.4470155,1.247049,-0.6953886,-0.079591006,-0.2047146,-0.2709289,-0.65950304,-0.13058716,-0.29288858,-0.17967562,0.32079726,-0.1513935,-0.19841684,-0.33795354,-0.40205124,-0.1923831,-0.09320213,-0.29063052,-1.0580498
SMBVL,3.363054,1.9643295,3.3647025,-0.10169639,-0.078087,1.9704893,0.0,-0.8491572,0.6374726,2.6263173,-0.035965193,-0.13777639,-0.30113187,-0.5310178,1.7671838,-0.22567122,-0.6505479,0.15681152,-0.21156535,1.5676275,0.28637663,-0.71569145,4.3100586,2.2471166,0.5874704,-0.29439822,0.79330856,-0.14095819,2.3552608,-0.6999541,1.3219779,2.442501,0.107762136,-0.3935198,-0.08836764,-0.13566086,1.2479724,-0.21366067,-0.1395673,-0.10280951,-0.13471934,-0.19801635,-0.16806142,0.038708165,-0.5274047,-0.1035158,-0.35541853,-0.5162572,-0.34724262,-0.13934416,-0.13680378,-0.1579239,-0.13706648,2.5002303,-0.10163969,-0.20278443,0.24286701,-0.3405398,-0.29673588,0.13348666,-1.4660277,-0.46676543,-0.2559344,-0.11380272,-0.14185472,-0.10285871,-0.62923384,-0.5800549,-0.15040447,-0.25859687,-0.2528605,-0.105260745,-0.69813216,0.15701571,-0.17162165,1.1833923,0.061474208,-0.18197845,-0.27955407,-0.17845973,-0.15574455,-0.17969438,1.1242068,-0.4366848,-0.13361521,-0.13816561,-0.07956525,-0.48552635,1.6146878,-0.22671841,-0.2869903,-0.18774796,-0.034922473,-0.30797932,-0.34475115,-0.4425397,-0.38124657,-0.19446401,-0.6532893,-0.104054935,-0.010889187,-0.25302258,-0.118810885,-0.22493273,-0.19361831,-0.4356459,-0.41969734,0.735728,-0.3348245,-0.3907073,-0.18529104,-0.64331573,-0.13736127,1.1403829,-0.2788271,-0.4342852,1.2936631,-0.2049305,-0.38405934,0.3394859,-0.69668484,0.18668339,-0.31298283,-0.5022061,-0.14735171,-0.091602236,-0.11503849,-0.19431023,-0.097657084,1.7877923,-0.16334516,0.33092153,-0.19391336,-0.08266741,-0.76295125,-0.29134688,-0.1532346,-0.11440758,-0.13609381,-0.25363085,0.19785267,1.533023,-0.4022857,-0.33003512,-0.32431334,0.22189698,-0.22517133,-0.19781557,0.10932025,-0.7275202,-0.94592935,-0.13835765,-0.18378435,-0.14229971,-0.1413686,-0.23478852,1.135297,-0.519459,5.623117,-0.12944376,-0.22497422,-0.1343601,-0.4590635,-0.09473648,-0.25408491,-0.62959874,-0.1394344,-0.13497859,-0.25297916,0.030224336,-0.6312342,-0.26258975,-0.63374597,-0.074508294,-1.0446982,-0.20989202,-0.19616915,-0.56877697,-0.14196976,-0.17277712,-0.74695843,-0.2142695,-0.19877854,-0.28932342,-0.09171743,-0.13955718,-0.104902744,0.3228783,-0.10136145,-0.14394742,-0.121062614,-0.27448004,0.00047029488,1.5852193,-0.13977395,-0.15972914,-0.007443207,-0.4283102,-0.5396406,-0.40078276,-0.39516085,-0.16181557,-0.47104782,-0.09827855,-0.2924257,-0.6386616,-0.11764149,-0.21550289,0.045580156,-0.59598637,2.9785347,-0.21862513,-0.10572313,-0.14401945,-0.17649053,-0.4470155,1.247049,-0.6953886,-0.079591006,-0.2047146,-0.2709289,-0.65950304,-0.13058716,-0.29288858,-0.17967562,0.32079726,-0.1513935,-0.19841684,-0.33795354,-0.40205124,-0.1923831,-0.09320213,-0.29063052,-1.0580498
SMBVR,3.363054,1.9643295,3.3647025,-0.10169639,-0.078087,1.9704893,0.0,-0.8491572,0.6374726,2.6263173,-0.035965193,-0.13777639,-0.30113187,-0.5310178,1.7671838,-0.22567122,-0.6505479,0.15681152,-0.21156535,1.5676275,0.28637663,-0.71569145,4.3100586,2.2471166,0.5874704,-0.29439822,0.79330856,-0.14095819,2.3552608,-0.6999541,1.3219779,2.442501,0.107762136,-0.3935198,-0.08836764,-0.13566086,1.2479724,-0.21366067,-0.1395673,-0.10280951,-0.13471934,-0.19801635,-0.16806142,0.038708165,-0.5274047,-0.1035158,-0.35541853,-0.5162572,-0.34724262,-0.13934416,-0.13680378,-0.1579239,-0.13706648,2.5002303,-0.10163969,-0.20278443,0.24286701,-0.3405398,-0.29673588,0.13348666,-1.4660277,-0.46676543,-0.2559344,-0.11380272,-0.14185472,-0.10285871,-0.62923384,-0.5800549,-0.15040447,-0.25859687,-0.2528605,-0.105260745,-0.69813216,0.15701571,-0.17162165,1.1833923,0.061474208,-0.18197845,-0.27955407,-0.17845973,-0.15574455,-0.17969438,1.1242068,-0.4366848,-0.13361521,-0.13816561,-0.07956525,-0.48552635,1.6146878,-0.22671841,-0.2869903,-0.18774796,-0.034922473,-0.30797932,-0.34475115,-0.4425397,-0.38124657,-0.19446401,-0.6532893,-0.104054935,-0.010889187,-0.25302258,-0.118810885,-0.22493273,-0.19361831,-0.4356459,-0.41969734,0.735728,-0.3348245,-0.3907073,-0.18529104,-0.64331573,-0.13736127,1.1403829,-0.2788271,-0.4342852,1.2936631,-0.2049305,-0.38405934,0.3394859,-0.69668484,0.18668339,-0.31298283,-0.5022061,-0.14735171,-0.091602236,-0.11503849,-0.19431023,-0.097657084,1.7877923,-0.16334516,0.33092153,-0.19391336,-0.08266741,-0.76295125,-0.29134688,-0.1532346,-0.11440758,-0.13609381,-0.25363085,0.19785267,1.533023,-0.4022857,-0.33003512,-0.32431334,0.22189698,-0.22517133,-0.19781557,0.10932025,-0.7275202,-0.94592935,-0.13835765,-0.18378435,-0.14229971,-0.1413686,-0.23478852,1.135297,-0.519459,5.623117,-0.12944376,-0.22497422,-0.1343601,-0.4590635,-0.09473648,-0.25408491,-0.62959874,-0.1394344,-0.13497859,-0.25297916,0.030224336,-0.6312342,-0.26258975,-0.63374597,-0.074508294,-1.0446982,-0.20989202,-0.19616915,-0.56877697,-0.14196976,-0.17277712,-0.74695843,-0.2142695,-0.19877854,-0.28932342,-0.09171743,-0.13955718,-0.104902744,0.3228783,-0.10136145,-0.14394742,-0.121062614,-0.27448004,0.00047029488,1.5852193,-0.13977395,-0.15972914,-0.007443207,-0.4283102,-0.5396406,-0.40078276,-0.39516085,-0.16181557,-0.47104782,-0.09827855,-0.2924257,-0.6386616,-0.11764149,-0.21550289,0.045580156,-0.59598637,2.9785347,-0.21862513,-0.10572313,-0.14401945,-0.17649053,-0.4470155,1.247049,-0.6953886,-0.079591006,-0.2047146,-0.2709289,-0.65950304,-0.13058716,-0.29288858,-0.17967562,0.32079726,-0.1513935,-0.19841684,-0.33795354,-0.40205124,-0.1923831,-0.09320213,-0.29063052,-1.0580498
SMDDL,-0.35832995,1.2460779,1.1606967,-0.34900555,-0.36381754,-0.329129,0.0,-0.177961,-0.110936895,0.26834056,0.67103076,-0.5457942,0.34510934,-0.6384481,-0.8007804,0.6851471,-0.06477237,-0.0035305985,0.08485697,-0.90778196,0.39071542,0.21734571,-0.058159243,-0.37855273,-0.4611962,0.022186385,-0.45330617,-0.276177,-0.09530843,-0.33502546,-0.01384837,-0.23305972,-0.32705098,-0.6264369,-0.09081775,-0.1370904,0.5986881,-0.2092326,-0.13743326,-0.11803487,-0.13471934,-0.18934998,-0.32622564,-0.31410939,-0.55368584,-0.101108894,-0.3460389,-0.06411664,-0.34180352,-0.14056231,-0.14518936,-0.16451181,-0.13484903,0.22219379,-0.11475132,-0.19524716,1.3043563,2.2288742,0.115772374,-0.24318309,0.45543617,-0.32857135,-0.26026434,-0.3631026,-0.116589144,-0.09228927,0.04549844,-0.56626666,-0.15040447,-0.2915906,-0.24597636,-0.09306187,-0.14519164,-0.32405126,0.032295544,0.44295153,-0.26342893,-0.18197845,-0.2853369,-0.17358202,-0.14483978,-0.16661283,0.404158,-0.4347436,-0.13361521,-0.12790401,-0.13690129,-0.28689736,1.9647274,-0.18985862,-0.28161082,-0.1939915,-0.2717447,-0.30246997,1.1069481,-0.43653676,0.31221467,-0.19446401,-0.62694263,-0.19585122,-0.16090772,-0.23099656,-0.1288605,-0.23202237,-0.19361831,-0.118944824,-0.40067708,1.0141641,-0.405936,-0.7893474,-0.21528602,0.17775029,-0.13736127,-0.1808551,-0.26904157,0.7145649,0.51115364,0.9277179,-0.14821815,1.0530068,-0.7101481,-0.5387028,-0.25850487,0.31701502,-0.14735171,-0.091602236,-0.2571003,-0.21999276,-0.08233791,-0.60921645,-0.16334516,-0.18360607,-0.2069614,-0.15304248,-0.7409176,-0.28381425,-0.1532346,-0.16589922,-0.25613144,-0.26500294,-0.8177949,0.2076684,-0.3594753,0.932044,-0.4958019,-0.8591233,-0.22517133,-0.3059748,-0.7043946,-0.66206133,-0.7704524,-0.12905301,-0.68342006,-0.16343465,-0.1413686,-0.23478852,1.727486,-0.5098041,-0.18587449,-0.12944376,-0.032618232,-0.1343601,-0.45529962,-0.09473648,-0.26738355,-0.62808824,-0.05896454,-0.15791109,-0.35415557,-0.5705695,-0.59753525,-0.1555683,0.27511314,-0.1301283,0.20263088,-0.2920782,-0.2286687,-0.22877693,-0.14196976,-0.21347018,-0.68224114,-0.21955515,-0.19877854,-0.27858138,-0.07644495,-0.25362968,-0.104902744,-0.8704936,-0.10136145,-0.1578077,-0.10507439,-0.22901231,-0.06444342,-0.57906544,-0.13977395,-0.14822957,1.4269571,-0.15507783,-0.6503898,-0.10851627,1.3472302,-0.18084498,-0.44315323,-0.09827855,-0.30422124,0.5658104,-0.24471177,-0.21982087,-0.15289801,-0.6877993,1.7601808,0.007420531,-0.019878581,-0.14401945,-0.17649053,-0.4545168,-0.37273827,-0.7309171,-0.10819188,-0.19205631,0.13245143,-0.69382936,-0.13856193,-0.06141356,-0.11641027,-0.18883309,-0.12515259,1.6317174,-0.32478678,-0.3338949,-0.2358877,-0.09320213,-0.29063052,-0.19233543
SMDDR,-0.35832995,1.2460779,1.1606967,-0.34900555,-0.36381754,-0.329129,0.0,-0.177961,-0.110936895,0.26834056,0.67103076,-0.5457942,0.34510934,-0.6384481,-0.8007804,0.6851471,-0.06477237,-0.0035305985,0.08485697,-0.90778196,0.39071542,0.21734571,-0.058159243,-0.37855273,-0.4611962,0.022186385,-0.45330617,-0.276177,-0.09530843,-0.33502546,-0.01384837,-0.23305972,-0.32705098,-0.6264369,-0.09081775,-0.1370904,0.5986881,-0.2092326,-0.13743326,-0.11803487,-0.13471934,-0.18934998,-0.32622564,-0.31410939,-0.55368584,-0.101108894,-0.3460389,-0.06411664,-0.34180352,-0.14056231,-0.14518936,-0.16451181,-0.13484903,0.22219379,-0.11475132,-0.19524716,1.3043563,2.2288742,0.115772374,-0.24318309,0.45543617,-0.32857135,-0.26026434,-0.3631026,-0.116589144,-0.09228927,0.04549844,-0.56626666,-0.15040447,-0.2915906,-0.24597636,-0.09306187,-0.14519164,-0.32405126,0.032295544,0.44295153,-0.26342893,-0.18197845,-0.2853369,-0.17358202,-0.14483978,-0.16661283,0.404158,-0.4347436,-0.13361521,-0.12790401,-0.13690129,-0.28689736,1.9647274,-0.18985862,-0.28161082,-0.1939915,-0.2717447,-0.30246997,1.1069481,-0.43653676,0.31221467,-0.19446401,-0.62694263,-0.19585122,-0.16090772,-0.23099656,-0.1288605,-0.23202237,-0.19361831,-0.118944824,-0.40067708,1.0141641,-0.405936,-0.7893474,-0.21528602,0.17775029,-0.13736127,-0.1808551,-0.26904157,0.7145649,0.51115364,0.9277179,-0.14821815,1.0530068,-0.7101481,-0.5387028,-0.25850487,0.31701502,-0.14735171,-0.091602236,-0.2571003,-0.21999276,-0.08233791,-0.60921645,-0.16334516,-0.18360607,-0.2069614,-0.15304248,-0.7409176,-0.28381425,-0.1532346,-0.16589922,-0.25613144,-0.26500294,-0.8177949,0.2076684,-0.3594753,0.932044,-0.4958019,-0.8591233,-0.22517133,-0.3059748,-0.7043946,-0.66206133,-0.7704524,-0.12905301,-0.68342006,-0.16343465,-0.1413686,-0.23478852,1.727486,-0.5098041,-0.18587449,-0.12944376,-0.032618232,-0.1343601,-0.45529962,-0.09473648,-0.26738355,-0.62808824,-0.05896454,-0.15791109,-0.35415557,-0.5705695,-0.59753525,-0.1555683,0.27511314,-0.1301283,0.20263088,-0.2920782,-0.2286687,-0.22877693,-0.14196976,-0.21347018,-0.68224114,-0.21955515,-0.19877854,-0.27858138,-0.07644495,-0.25362968,-0.104902744,-0.8704936,-0.10136145,-0.1578077,-0.10507439,-0.22901231,-0.06444342,-0.57906544,-0.13977395,-0.14822957,1.4269571,-0.15507783,-0.6503898,-0.10851627,1.3472302,-0.18084498,-0.44315323,-0.09827855,-0.30422124,0.5658104,-0.24471177,-0.21982087,-0.15289801,-0.6877993,1.7601808,0.007420531,-0.019878581,-0.14401945,-0.17649053,-0.4545168,-0.37273827,-0.7309171,-0.10819188,-0.19205631,0.13245143,-0.69382936,-0.13856193,-0.06141356,-0.11641027,-0.18883309,-0.12515259,1.6317174,-0.32478678,-0.3338949,-0.2358877,-0.09320213,-0.29063052,-0.19233543
SMDVL,-0.35832995,1.2460779,1.1606967,-0.34900555,-0.36381754,-0.329129,0.0,-0.177961,-0.110936895,0.26834056,0.67103076,-0.5457942,0.34510934,-0.6384481,-0.8007804,0.6851471,-0.06477237,-0.0035305985,0.08485697,-0.90778196,0.39071542,0.21734571,-0.058159243,-0.37855273,-0.4611962,0.022186385,-0.45330617,-0.276177,-0.09530843,-0.33502546,-0.01384837,-0.23305972,-0.32705098,-0.6264369,-0.09081775,-0.1370904,0.5986881,-0.2092326,-0.13743326,-0.11803487,-0.13471934,-0.18934998,-0.32622564,-0.31410939,-0.55368584,-0.101108894,-0.3460389,-0.06411664,-0.34180352,-0.14056231,-0.14518936,-0.16451181,-0.13484903,0.22219379,-0.11475132,-0.19524716,1.3043563,2.2288742,0.115772374,-0.24318309,0.45543617,-0.32857135,-0.26026434,-0.3631026,-0.116589144,-0.09228927,0.04549844,-0.56626666,-0.15040447,-0.2915906,-0.24597636,-0.09306187,-0.14519164,-0.32405126,0.032295544,0.44295153,-0.26342893,-0.18197845,-0.2853369,-0.17358202,-0.14483978,-0.16661283,0.404158,-0.4347436,-0.13361521,-0.12790401,-0.13690129,-0.28689736,1.9647274,-0.18985862,-0.28161082,-0.1939915,-0.2717447,-0.30246997,1.1069481,-0.43653676,0.31221467,-0.19446401,-0.62694263,-0.19585122,-0.16090772,-0.23099656,-0.1288605,-0.23202237,-0.19361831,-0.118944824,-0.40067708,1.0141641,-0.405936,-0.7893474,-0.21528602,0.17775029,-0.13736127,-0.1808551,-0.26904157,0.7145649,0.51115364,0.9277179,-0.14821815,1.0530068,-0.7101481,-0.5387028,-0.25850487,0.31701502,-0.14735171,-0.091602236,-0.2571003,-0.21999276,-0.08233791,-0.60921645,-0.16334516,-0.18360607,-0.2069614,-0.15304248,-0.7409176,-0.28381425,-0.1532346,-0.16589922,-0.25613144,-0.26500294,-0.8177949,0.2076684,-0.3594753,0.932044,-0.4958019,-0.8591233,-0.22517133,-0.3059748,-0.7043946,-0.66206133,-0.7704524,-0.12905301,-0.68342006,-0.16343465,-0.1413686,-0.23478852,1.727486,-0.5098041,-0.18587449,-0.12944376,-0.032618232,-0.1343601,-0.45529962,-0.09473648,-0.26738355,-0.62808824,-0.05896454,-0.15791109,-0.35415557,-0.5705695,-0.59753525,-0.1555683,0.27511314,-0.1301283,0.20263088,-0.2920782,-0.2286687,-0.22877693,-0.14196976,-0.21347018,-0.68224114,-0.21955515,-0.19877854,-0.27858138,-0.07644495,-0.25362968,-0.104902744,-0.8704936,-0.10136145,-0.1578077,-0.10507439,-0.22901231,-0.06444342,-0.57906544,-0.13977395,-0.14822957,1.4269571,-0.15507783,-0.6503898,-0.10851627,1.3472302,-0.18084498,-0.44315323,-0.09827855,-0.30422124,0.5658104,-0.24471177,-0.21982087,-0.15289801,-0.6877993,1.7601808,0.007420531,-0.019878581,-0.14401945,-0.17649053,-0.4545168,-0.37273827,-0.7309171,-0.10819188,-0.19205631,0.13245143,-0.69382936,-0.13856193,-0.06141356,-0.11641027,-0.18883309,-0.12515259,1.6317174,-0.32478678,-0.3338949,-0.2358877,-0.09320213,-0.29063052,-0.19233543
SMDVR,-0.35832995,1.2460779,1.1606967,-0.34900555,-0.36381754,-0.329129,0.0,-0.177961,-0.110936895,0.26834056,0.67103076,-0.5457942,0.34510934,-0.6384481,-0.8007804,0.6851471,-0.06477237,-0.0035305985,0.08485697,-0.90778196,0.39071542,0.21734571,-0.058159243,-0.37855273,-0.4611962,0.022186385,-0.45330617,-0.276177,-0.09530843,-0.33502546,-0.01384837,-0.23305972,-0.32705098,-0.6264369,-0.09081775,-0.1370904,0.5986881,-0.2092326,-0.13743326,-0.11803487,-0.13471934,-0.18934998,-0.32622564,-0.31410939,-0.55368584,-0.101108894,-0.3460389,-0.06411664,-0.34180352,-0.14056231,-0.14518936,-0.16451181,-0.13484903,0.22219379,-0.11475132,-0.19524716,1.3043563,2.2288742,0.115772374,-0.24318309,0.45543617,-0.32857135,-0.26026434,-0.3631026,-0.116589144,-0.09228927,0.04549844,-0.56626666,-0.15040447,-0.2915906,-0.24597636,-0.09306187,-0.14519164,-0.32405126,0.032295544,0.44295153,-0.26342893,-0.18197845,-0.2853369,-0.17358202,-0.14483978,-0.16661283,0.404158,-0.4347436,-0.13361521,-0.12790401,-0.13690129,-0.28689736,1.9647274,-0.18985862,-0.28161082,-0.1939915,-0.2717447,-0.30246997,1.1069481,-0.43653676,0.31221467,-0.19446401,-0.62694263,-0.19585122,-0.16090772,-0.23099656,-0.1288605,-0.23202237,-0.19361831,-0.118944824,-0.40067708,1.0141641,-0.405936,-0.7893474,-0.21528602,0.17775029,-0.13736127,-0.1808551,-0.26904157,0.7145649,0.51115364,0.9277179,-0.14821815,1.0530068,-0.7101481,-0.5387028,-0.25850487,0.31701502,-0.14735171,-0.091602236,-0.2571003,-0.21999276,-0.08233791,-0.60921645,-0.16334516,-0.18360607,-0.2069614,-0.15304248,-0.7409176,-0.28381425,-0.1532346,-0.16589922,-0.25613144,-0.26500294,-0.8177949,0.2076684,-0.3594753,0.932044,-0.4958019,-0.8591233,-0.22517133,-0.3059748,-0.7043946,-0.66206133,-0.7704524,-0.12905301,-0.68342006,-0.16343465,-0.1413686,-0.23478852,1.727486,-0.5098041,-0.18587449,-0.12944376,-0.032618232,-0.1343601,-0.45529962,-0.09473648,-0.26738355,-0.62808824,-0.05896454,-0.15791109,-0.35415557,-0.5705695,-0.59753525,-0.1555683,0.27511314,-0.1301283,0.20263088,-0.2920782,-0.2286687,-0.22877693,-0.14196976,-0.21347018,-0.68224114,-0.21955515,-0.19877854,-0.27858138,-0.07644495,-0.25362968,-0.104902744,-0.8704936,-0.10136145,-0.1578077,-0.10507439,-0.22901231,-0.06444342,-0.57906544,-0.13977395,-0.14822957,1.4269571,-0.15507783,-0.6503898,-0.10851627,1.3472302,-0.18084498,-0.44315323,-0.09827855,-0.30422124,0.5658104,-0.24471177,-0.21982087,-0.15289801,-0.6877993,1.7601808,0.007420531,-0.019878581,-0.14401945,-0.17649053,-0.4545168,-0.37273827,-0.7309171,-0.10819188,-0.19205631,0.13245143,-0.69382936,-0.13856193,-0.06141356,-0.11641027,-0.18883309,-0.12515259,1.6317174,-0.32478678,-0.3338949,-0.2358877,-0.09320213,-0.29063052,-0.19233543
URADL,0.0,0.0,0.0,0.0,0.0,0.0,0.0,0.0,0.0,0.0,0.0,0.0,0.0,0.0,0.0,0.0,0.0,0.0,0.0,0.0,0.0,0.0,0.0,0.0,0.0,0.0,0.0,0.0,0.0,0.0,0.0,0.0,0.0,0.0,0.0,0.0,0.0,0.0,0.0,0.0,0.0,0.0,0.0,0.0,0.0,0.0,0.0,0.0,0.0,0.0,0.0,0.0,0.0,0.0,0.0,0.0,0.0,0.0,0.0,0.0,0.0,0.0,0.0,0.0,0.0,0.0,0.0,0.0,0.0,0.0,0.0,0.0,0.0,0.0,0.0,0.0,0.0,0.0,0.0,0.0,0.0,0.0,0.0,0.0,0.0,0.0,0.0,0.0,0.0,0.0,0.0,0.0,0.0,0.0,0.0,0.0,0.0,0.0,0.0,0.0,0.0,0.0,0.0,0.0,0.0,0.0,0.0,0.0,0.0,0.0,0.0,0.0,0.0,0.0,0.0,0.0,0.0,0.0,0.0,0.0,0.0,0.0,0.0,0.0,0.0,0.0,0.0,0.0,0.0,0.0,0.0,0.0,0.0,0.0,0.0,0.0,0.0,0.0,0.0,0.0,0.0,0.0,0.0,0.0,0.0,0.0,0.0,0.0,0.0,0.0,0.0,0.0,0.0,0.0,0.0,0.0,0.0,0.0,0.0,0.0,0.0,0.0,0.0,0.0,0.0,0.0,0.0,0.0,0.0,0.0,0.0,0.0,0.0,0.0,0.0,0.0,0.0,0.0,0.0,0.0,0.0,0.0,0.0,0.0,0.0,0.0,0.0,0.0,0.0,0.0,0.0,0.0,0.0,0.0,0.0,0.0,0.0,0.0,0.0,0.0,0.0,0.0,0.0,0.0,0.0,0.0,0.0,0.0,0.0,0.0,0.0,0.0,0.0,0.0,0.0,0.0,0.0,0.0,0.0,0.0,0.0,0.0,0.0,0.0,0.0,0.0,0.0,0.0,0.0,0.0,0.0,0.0,0.0,0.0
URADR,0.0,0.0,0.0,0.0,0.0,0.0,0.0,0.0,0.0,0.0,0.0,0.0,0.0,0.0,0.0,0.0,0.0,0.0,0.0,0.0,0.0,0.0,0.0,0.0,0.0,0.0,0.0,0.0,0.0,0.0,0.0,0.0,0.0,0.0,0.0,0.0,0.0,0.0,0.0,0.0,0.0,0.0,0.0,0.0,0.0,0.0,0.0,0.0,0.0,0.0,0.0,0.0,0.0,0.0,0.0,0.0,0.0,0.0,0.0,0.0,0.0,0.0,0.0,0.0,0.0,0.0,0.0,0.0,0.0,0.0,0.0,0.0,0.0,0.0,0.0,0.0,0.0,0.0,0.0,0.0,0.0,0.0,0.0,0.0,0.0,0.0,0.0,0.0,0.0,0.0,0.0,0.0,0.0,0.0,0.0,0.0,0.0,0.0,0.0,0.0,0.0,0.0,0.0,0.0,0.0,0.0,0.0,0.0,0.0,0.0,0.0,0.0,0.0,0.0,0.0,0.0,0.0,0.0,0.0,0.0,0.0,0.0,0.0,0.0,0.0,0.0,0.0,0.0,0.0,0.0,0.0,0.0,0.0,0.0,0.0,0.0,0.0,0.0,0.0,0.0,0.0,0.0,0.0,0.0,0.0,0.0,0.0,0.0,0.0,0.0,0.0,0.0,0.0,0.0,0.0,0.0,0.0,0.0,0.0,0.0,0.0,0.0,0.0,0.0,0.0,0.0,0.0,0.0,0.0,0.0,0.0,0.0,0.0,0.0,0.0,0.0,0.0,0.0,0.0,0.0,0.0,0.0,0.0,0.0,0.0,0.0,0.0,0.0,0.0,0.0,0.0,0.0,0.0,0.0,0.0,0.0,0.0,0.0,0.0,0.0,0.0,0.0,0.0,0.0,0.0,0.0,0.0,0.0,0.0,0.0,0.0,0.0,0.0,0.0,0.0,0.0,0.0,0.0,0.0,0.0,0.0,0.0,0.0,0.0,0.0,0.0,0.0,0.0,0.0,0.0,0.0,0.0,0.0,0.0
URAVL,0.0,0.0,0.0,0.0,0.0,0.0,0.0,0.0,0.0,0.0,0.0,0.0,0.0,0.0,0.0,0.0,0.0,0.0,0.0,0.0,0.0,0.0,0.0,0.0,0.0,0.0,0.0,0.0,0.0,0.0,0.0,0.0,0.0,0.0,0.0,0.0,0.0,0.0,0.0,0.0,0.0,0.0,0.0,0.0,0.0,0.0,0.0,0.0,0.0,0.0,0.0,0.0,0.0,0.0,0.0,0.0,0.0,0.0,0.0,0.0,0.0,0.0,0.0,0.0,0.0,0.0,0.0,0.0,0.0,0.0,0.0,0.0,0.0,0.0,0.0,0.0,0.0,0.0,0.0,0.0,0.0,0.0,0.0,0.0,0.0,0.0,0.0,0.0,0.0,0.0,0.0,0.0,0.0,0.0,0.0,0.0,0.0,0.0,0.0,0.0,0.0,0.0,0.0,0.0,0.0,0.0,0.0,0.0,0.0,0.0,0.0,0.0,0.0,0.0,0.0,0.0,0.0,0.0,0.0,0.0,0.0,0.0,0.0,0.0,0.0,0.0,0.0,0.0,0.0,0.0,0.0,0.0,0.0,0.0,0.0,0.0,0.0,0.0,0.0,0.0,0.0,0.0,0.0,0.0,0.0,0.0,0.0,0.0,0.0,0.0,0.0,0.0,0.0,0.0,0.0,0.0,0.0,0.0,0.0,0.0,0.0,0.0,0.0,0.0,0.0,0.0,0.0,0.0,0.0,0.0,0.0,0.0,0.0,0.0,0.0,0.0,0.0,0.0,0.0,0.0,0.0,0.0,0.0,0.0,0.0,0.0,0.0,0.0,0.0,0.0,0.0,0.0,0.0,0.0,0.0,0.0,0.0,0.0,0.0,0.0,0.0,0.0,0.0,0.0,0.0,0.0,0.0,0.0,0.0,0.0,0.0,0.0,0.0,0.0,0.0,0.0,0.0,0.0,0.0,0.0,0.0,0.0,0.0,0.0,0.0,0.0,0.0,0.0,0.0,0.0,0.0,0.0,0.0,0.0
URAVR,0.0,0.0,0.0,0.0,0.0,0.0,0.0,0.0,0.0,0.0,0.0,0.0,0.0,0.0,0.0,0.0,0.0,0.0,0.0,0.0,0.0,0.0,0.0,0.0,0.0,0.0,0.0,0.0,0.0,0.0,0.0,0.0,0.0,0.0,0.0,0.0,0.0,0.0,0.0,0.0,0.0,0.0,0.0,0.0,0.0,0.0,0.0,0.0,0.0,0.0,0.0,0.0,0.0,0.0,0.0,0.0,0.0,0.0,0.0,0.0,0.0,0.0,0.0,0.0,0.0,0.0,0.0,0.0,0.0,0.0,0.0,0.0,0.0,0.0,0.0,0.0,0.0,0.0,0.0,0.0,0.0,0.0,0.0,0.0,0.0,0.0,0.0,0.0,0.0,0.0,0.0,0.0,0.0,0.0,0.0,0.0,0.0,0.0,0.0,0.0,0.0,0.0,0.0,0.0,0.0,0.0,0.0,0.0,0.0,0.0,0.0,0.0,0.0,0.0,0.0,0.0,0.0,0.0,0.0,0.0,0.0,0.0,0.0,0.0,0.0,0.0,0.0,0.0,0.0,0.0,0.0,0.0,0.0,0.0,0.0,0.0,0.0,0.0,0.0,0.0,0.0,0.0,0.0,0.0,0.0,0.0,0.0,0.0,0.0,0.0,0.0,0.0,0.0,0.0,0.0,0.0,0.0,0.0,0.0,0.0,0.0,0.0,0.0,0.0,0.0,0.0,0.0,0.0,0.0,0.0,0.0,0.0,0.0,0.0,0.0,0.0,0.0,0.0,0.0,0.0,0.0,0.0,0.0,0.0,0.0,0.0,0.0,0.0,0.0,0.0,0.0,0.0,0.0,0.0,0.0,0.0,0.0,0.0,0.0,0.0,0.0,0.0,0.0,0.0,0.0,0.0,0.0,0.0,0.0,0.0,0.0,0.0,0.0,0.0,0.0,0.0,0.0,0.0,0.0,0.0,0.0,0.0,0.0,0.0,0.0,0.0,0.0,0.0,0.0,0.0,0.0,0.0,0.0,0.0
URBL,0.0,0.0,0.0,0.0,0.0,0.0,0.0,0.0,0.0,0.0,0.0,0.0,0.0,0.0,0.0,0.0,0.0,0.0,0.0,0.0,0.0,0.0,0.0,0.0,0.0,0.0,0.0,0.0,0.0,0.0,0.0,0.0,0.0,0.0,0.0,0.0,0.0,0.0,0.0,0.0,0.0,0.0,0.0,0.0,0.0,0.0,0.0,0.0,0.0,0.0,0.0,0.0,0.0,0.0,0.0,0.0,0.0,0.0,0.0,0.0,0.0,0.0,0.0,0.0,0.0,0.0,0.0,0.0,0.0,0.0,0.0,0.0,0.0,0.0,0.0,0.0,0.0,0.0,0.0,0.0,0.0,0.0,0.0,0.0,0.0,0.0,0.0,0.0,0.0,0.0,0.0,0.0,0.0,0.0,0.0,0.0,0.0,0.0,0.0,0.0,0.0,0.0,0.0,0.0,0.0,0.0,0.0,0.0,0.0,0.0,0.0,0.0,0.0,0.0,0.0,0.0,0.0,0.0,0.0,0.0,0.0,0.0,0.0,0.0,0.0,0.0,0.0,0.0,0.0,0.0,0.0,0.0,0.0,0.0,0.0,0.0,0.0,0.0,0.0,0.0,0.0,0.0,0.0,0.0,0.0,0.0,0.0,0.0,0.0,0.0,0.0,0.0,0.0,0.0,0.0,0.0,0.0,0.0,0.0,0.0,0.0,0.0,0.0,0.0,0.0,0.0,0.0,0.0,0.0,0.0,0.0,0.0,0.0,0.0,0.0,0.0,0.0,0.0,0.0,0.0,0.0,0.0,0.0,0.0,0.0,0.0,0.0,0.0,0.0,0.0,0.0,0.0,0.0,0.0,0.0,0.0,0.0,0.0,0.0,0.0,0.0,0.0,0.0,0.0,0.0,0.0,0.0,0.0,0.0,0.0,0.0,0.0,0.0,0.0,0.0,0.0,0.0,0.0,0.0,0.0,0.0,0.0,0.0,0.0,0.0,0.0,0.0,0.0,0.0,0.0,0.0,0.0,0.0,0.0
URBR,0.0,0.0,0.0,0.0,0.0,0.0,0.0,0.0,0.0,0.0,0.0,0.0,0.0,0.0,0.0,0.0,0.0,0.0,0.0,0.0,0.0,0.0,0.0,0.0,0.0,0.0,0.0,0.0,0.0,0.0,0.0,0.0,0.0,0.0,0.0,0.0,0.0,0.0,0.0,0.0,0.0,0.0,0.0,0.0,0.0,0.0,0.0,0.0,0.0,0.0,0.0,0.0,0.0,0.0,0.0,0.0,0.0,0.0,0.0,0.0,0.0,0.0,0.0,0.0,0.0,0.0,0.0,0.0,0.0,0.0,0.0,0.0,0.0,0.0,0.0,0.0,0.0,0.0,0.0,0.0,0.0,0.0,0.0,0.0,0.0,0.0,0.0,0.0,0.0,0.0,0.0,0.0,0.0,0.0,0.0,0.0,0.0,0.0,0.0,0.0,0.0,0.0,0.0,0.0,0.0,0.0,0.0,0.0,0.0,0.0,0.0,0.0,0.0,0.0,0.0,0.0,0.0,0.0,0.0,0.0,0.0,0.0,0.0,0.0,0.0,0.0,0.0,0.0,0.0,0.0,0.0,0.0,0.0,0.0,0.0,0.0,0.0,0.0,0.0,0.0,0.0,0.0,0.0,0.0,0.0,0.0,0.0,0.0,0.0,0.0,0.0,0.0,0.0,0.0,0.0,0.0,0.0,0.0,0.0,0.0,0.0,0.0,0.0,0.0,0.0,0.0,0.0,0.0,0.0,0.0,0.0,0.0,0.0,0.0,0.0,0.0,0.0,0.0,0.0,0.0,0.0,0.0,0.0,0.0,0.0,0.0,0.0,0.0,0.0,0.0,0.0,0.0,0.0,0.0,0.0,0.0,0.0,0.0,0.0,0.0,0.0,0.0,0.0,0.0,0.0,0.0,0.0,0.0,0.0,0.0,0.0,0.0,0.0,0.0,0.0,0.0,0.0,0.0,0.0,0.0,0.0,0.0,0.0,0.0,0.0,0.0,0.0,0.0,0.0,0.0,0.0,0.0,0.0,0.0
URXL,2.2566967,0.5244192,-0.5863807,-0.41792017,-0.45785543,-0.92702967,0.0,-0.8491572,-0.99120265,-0.4464835,-0.42608684,0.027636215,-0.36898717,-0.119443774,-0.09755015,-0.09356152,0.41334718,-0.04226188,-0.6882441,-0.21199116,-0.15184641,-1.0175139,-0.4570284,0.13357553,-0.13086134,0.06496809,-0.065844774,-0.39890933,-0.9550361,-0.6999541,-0.3928771,0.5953853,-0.56130165,-0.8975177,-0.08872019,-0.13364145,-1.2597802,-0.21114743,-0.076584294,-0.4028013,8.027085,-0.19844674,-0.3357162,-0.31768954,-0.52701896,-0.095319316,-0.35953996,-0.90010554,-0.3307784,-0.13130684,-0.14736962,-0.12053306,-0.12951513,-0.51110655,-0.11429065,-0.15430135,-0.36041573,-0.3352214,-0.22511175,-0.5001425,0.81482965,-0.4649829,-0.12030121,-0.32779253,-0.16582927,-0.096859835,-0.45652753,3.5730267,-0.12240526,0.8626328,-0.12001559,-0.105260745,-0.69740856,-0.865439,-0.1664778,0.027270218,0.7134111,-0.18197845,-0.262733,-0.16738601,-0.16878608,0.45882687,-1.3847446,-0.41046354,-0.10911597,-0.13816561,-0.13690129,-0.33834416,-0.52245975,-0.22671841,-0.2869903,-0.1939915,-0.25569224,-0.29547167,-0.035566635,-0.4425397,-0.36767465,-0.14975028,1.2383279,-0.46976584,-0.16090772,-0.22802009,-0.1288605,-0.265537,-0.18649517,-0.43135414,-0.29375222,-0.7024011,-0.07980287,-0.112194255,-0.22110052,-0.7275943,-0.12968273,-0.115504175,-0.2741988,-0.3938503,-1.1943666,-0.3564132,-0.41949174,-0.7790063,1.1471037,-0.8457625,-0.31298283,-0.2806399,-0.14735171,-0.091602236,-0.25438762,-0.19292198,-0.10297049,-0.91572404,-0.031526536,-0.30303842,-0.09693479,-0.15194839,0.77384806,0.060508464,-0.1532346,-0.16589922,-0.39521542,-0.2834826,-0.88087314,-1.0100552,-0.31481367,-0.45657176,2.8212996,-0.3702089,-0.21749079,-0.31185797,-1.2216127,3.679913,0.80804956,-0.11723359,-1.6368859,-0.08687218,-0.1413686,-0.22833697,-0.50583917,0.91624665,-0.1918929,-0.12944376,-0.2550618,-0.1343601,-0.14161487,-0.09473648,-0.27672857,0.54874146,-0.093762316,-0.15791109,-0.45572263,-0.86722803,0.474773,4.997571,0.59807086,-0.07892783,0.15196161,-0.71958655,-0.09439982,5.9572606,-0.14196976,-0.15199068,-0.8114625,-0.2303602,6.090349,-0.27712977,-0.09171743,-0.28464013,-0.104902744,-1.2370083,-0.10136145,-0.15476404,-0.012169816,-0.248674,-0.34518367,-1.6004571,-0.13977395,-0.15972914,-0.70695704,-0.5616684,-0.94054365,-0.42068848,-0.5558553,-0.18084498,5.405718,-0.09827855,-0.30422124,-0.54438835,-0.28107688,-0.22683759,-0.7170571,0.57544726,-0.48232457,-0.26973063,-0.10572313,-0.13018174,-0.17649053,0.5987333,-0.39668053,0.22059746,-0.10819188,-0.2047146,-0.29889533,-0.7107141,-0.15152095,-0.13261868,-0.14376827,-0.12803856,0.11668948,-0.19841684,4.9379888,-0.30534294,-0.1288899,-0.09320213,-0.29063052,-0.09258746
URXR,2.2566967,0.5244192,-0.5863807,-0.41792017,-0.45785543,-0.92702967,0.0,-0.8491572,-0.99120265,-0.4464835,-0.42608684,0.027636215,-0.36898717,-0.119443774,-0.09755015,-0.09356152,0.41334718,-0.04226188,-0.6882441,-0.21199116,-0.15184641,-1.0175139,-0.4570284,0.13357553,-0.13086134,0.06496809,-0.065844774,-0.39890933,-0.9550361,-0.6999541,-0.3928771,0.5953853,-0.56130165,-0.8975177,-0.08872019,-0.13364145,-1.2597802,-0.21114743,-0.076584294,-0.4028013,8.027085,-0.19844674,-0.3357162,-0.31768954,-0.52701896,-0.095319316,-0.35953996,-0.90010554,-0.3307784,-0.13130684,-0.14736962,-0.12053306,-0.12951513,-0.51110655,-0.11429065,-0.15430135,-0.36041573,-0.3352214,-0.22511175,-0.5001425,0.81482965,-0.4649829,-0.12030121,-0.32779253,-0.16582927,-0.096859835,-0.45652753,3.5730267,-0.12240526,0.8626328,-0.12001559,-0.105260745,-0.69740856,-0.865439,-0.1664778,0.027270218,0.7134111,-0.18197845,-0.262733,-0.16738601,-0.16878608,0.45882687,-1.3847446,-0.41046354,-0.10911597,-0.13816561,-0.13690129,-0.33834416,-0.52245975,-0.22671841,-0.2869903,-0.1939915,-0.25569224,-0.29547167,-0.035566635,-0.4425397,-0.36767465,-0.14975028,1.2383279,-0.46976584,-0.16090772,-0.22802009,-0.1288605,-0.265537,-0.18649517,-0.43135414,-0.29375222,-0.7024011,-0.07980287,-0.112194255,-0.22110052,-0.7275943,-0.12968273,-0.115504175,-0.2741988,-0.3938503,-1.1943666,-0.3564132,-0.41949174,-0.7790063,1.1471037,-0.8457625,-0.31298283,-0.2806399,-0.14735171,-0.091602236,-0.25438762,-0.19292198,-0.10297049,-0.91572404,-0.031526536,-0.30303842,-0.09693479,-0.15194839,0.77384806,0.060508464,-0.1532346,-0.16589922,-0.39521542,-0.2834826,-0.88087314,-1.0100552,-0.31481367,-0.45657176,2.8212996,-0.3702089,-0.21749079,-0.31185797,-1.2216127,3.679913,0.80804956,-0.11723359,-1.6368859,-0.08687218,-0.1413686,-0.22833697,-0.50583917,0.91624665,-0.1918929,-0.12944376,-0.2550618,-0.1343601,-0.14161487,-0.09473648,-0.27672857,0.54874146,-0.093762316,-0.15791109,-0.45572263,-0.86722803,0.474773,4.997571,0.59807086,-0.07892783,0.15196161,-0.71958655,-0.09439982,5.9572606,-0.14196976,-0.15199068,-0.8114625,-0.2303602,6.090349,-0.27712977,-0.09171743,-0.28464013,-0.104902744,-1.2370083,-0.10136145,-0.15476404,-0.012169816,-0.248674,-0.34518367,-1.6004571,-0.13977395,-0.15972914,-0.70695704,-0.5616684,-0.94054365,-0.42068848,-0.5558553,-0.18084498,5.405718,-0.09827855,-0.30422124,-0.54438835,-0.28107688,-0.22683759,-0.7170571,0.57544726,-0.48232457,-0.26973063,-0.10572313,-0.13018174,-0.17649053,0.5987333,-0.39668053,0.22059746,-0.10819188,-0.2047146,-0.29889533,-0.7107141,-0.15152095,-0.13261868,-0.14376827,-0.12803856,0.11668948,-0.19841684,4.9379888,-0.30534294,-0.1288899,-0.09320213,-0.29063052,-0.09258746
URYDL,0.0,0.0,0.0,0.0,0.0,0.0,0.0,0.0,0.0,0.0,0.0,0.0,0.0,0.0,0.0,0.0,0.0,0.0,0.0,0.0,0.0,0.0,0.0,0.0,0.0,0.0,0.0,0.0,0.0,0.0,0.0,0.0,0.0,0.0,0.0,0.0,0.0,0.0,0.0,0.0,0.0,0.0,0.0,0.0,0.0,0.0,0.0,0.0,0.0,0.0,0.0,0.0,0.0,0.0,0.0,0.0,0.0,0.0,0.0,0.0,0.0,0.0,0.0,0.0,0.0,0.0,0.0,0.0,0.0,0.0,0.0,0.0,0.0,0.0,0.0,0.0,0.0,0.0,0.0,0.0,0.0,0.0,0.0,0.0,0.0,0.0,0.0,0.0,0.0,0.0,0.0,0.0,0.0,0.0,0.0,0.0,0.0,0.0,0.0,0.0,0.0,0.0,0.0,0.0,0.0,0.0,0.0,0.0,0.0,0.0,0.0,0.0,0.0,0.0,0.0,0.0,0.0,0.0,0.0,0.0,0.0,0.0,0.0,0.0,0.0,0.0,0.0,0.0,0.0,0.0,0.0,0.0,0.0,0.0,0.0,0.0,0.0,0.0,0.0,0.0,0.0,0.0,0.0,0.0,0.0,0.0,0.0,0.0,0.0,0.0,0.0,0.0,0.0,0.0,0.0,0.0,0.0,0.0,0.0,0.0,0.0,0.0,0.0,0.0,0.0,0.0,0.0,0.0,0.0,0.0,0.0,0.0,0.0,0.0,0.0,0.0,0.0,0.0,0.0,0.0,0.0,0.0,0.0,0.0,0.0,0.0,0.0,0.0,0.0,0.0,0.0,0.0,0.0,0.0,0.0,0.0,0.0,0.0,0.0,0.0,0.0,0.0,0.0,0.0,0.0,0.0,0.0,0.0,0.0,0.0,0.0,0.0,0.0,0.0,0.0,0.0,0.0,0.0,0.0,0.0,0.0,0.0,0.0,0.0,0.0,0.0,0.0,0.0,0.0,0.0,0.0,0.0,0.0,0.0
URYDR,0.0,0.0,0.0,0.0,0.0,0.0,0.0,0.0,0.0,0.0,0.0,0.0,0.0,0.0,0.0,0.0,0.0,0.0,0.0,0.0,0.0,0.0,0.0,0.0,0.0,0.0,0.0,0.0,0.0,0.0,0.0,0.0,0.0,0.0,0.0,0.0,0.0,0.0,0.0,0.0,0.0,0.0,0.0,0.0,0.0,0.0,0.0,0.0,0.0,0.0,0.0,0.0,0.0,0.0,0.0,0.0,0.0,0.0,0.0,0.0,0.0,0.0,0.0,0.0,0.0,0.0,0.0,0.0,0.0,0.0,0.0,0.0,0.0,0.0,0.0,0.0,0.0,0.0,0.0,0.0,0.0,0.0,0.0,0.0,0.0,0.0,0.0,0.0,0.0,0.0,0.0,0.0,0.0,0.0,0.0,0.0,0.0,0.0,0.0,0.0,0.0,0.0,0.0,0.0,0.0,0.0,0.0,0.0,0.0,0.0,0.0,0.0,0.0,0.0,0.0,0.0,0.0,0.0,0.0,0.0,0.0,0.0,0.0,0.0,0.0,0.0,0.0,0.0,0.0,0.0,0.0,0.0,0.0,0.0,0.0,0.0,0.0,0.0,0.0,0.0,0.0,0.0,0.0,0.0,0.0,0.0,0.0,0.0,0.0,0.0,0.0,0.0,0.0,0.0,0.0,0.0,0.0,0.0,0.0,0.0,0.0,0.0,0.0,0.0,0.0,0.0,0.0,0.0,0.0,0.0,0.0,0.0,0.0,0.0,0.0,0.0,0.0,0.0,0.0,0.0,0.0,0.0,0.0,0.0,0.0,0.0,0.0,0.0,0.0,0.0,0.0,0.0,0.0,0.0,0.0,0.0,0.0,0.0,0.0,0.0,0.0,0.0,0.0,0.0,0.0,0.0,0.0,0.0,0.0,0.0,0.0,0.0,0.0,0.0,0.0,0.0,0.0,0.0,0.0,0.0,0.0,0.0,0.0,0.0,0.0,0.0,0.0,0.0,0.0,0.0,0.0,0.0,0.0,0.0
URYVL,0.0,0.0,0.0,0.0,0.0,0.0,0.0,0.0,0.0,0.0,0.0,0.0,0.0,0.0,0.0,0.0,0.0,0.0,0.0,0.0,0.0,0.0,0.0,0.0,0.0,0.0,0.0,0.0,0.0,0.0,0.0,0.0,0.0,0.0,0.0,0.0,0.0,0.0,0.0,0.0,0.0,0.0,0.0,0.0,0.0,0.0,0.0,0.0,0.0,0.0,0.0,0.0,0.0,0.0,0.0,0.0,0.0,0.0,0.0,0.0,0.0,0.0,0.0,0.0,0.0,0.0,0.0,0.0,0.0,0.0,0.0,0.0,0.0,0.0,0.0,0.0,0.0,0.0,0.0,0.0,0.0,0.0,0.0,0.0,0.0,0.0,0.0,0.0,0.0,0.0,0.0,0.0,0.0,0.0,0.0,0.0,0.0,0.0,0.0,0.0,0.0,0.0,0.0,0.0,0.0,0.0,0.0,0.0,0.0,0.0,0.0,0.0,0.0,0.0,0.0,0.0,0.0,0.0,0.0,0.0,0.0,0.0,0.0,0.0,0.0,0.0,0.0,0.0,0.0,0.0,0.0,0.0,0.0,0.0,0.0,0.0,0.0,0.0,0.0,0.0,0.0,0.0,0.0,0.0,0.0,0.0,0.0,0.0,0.0,0.0,0.0,0.0,0.0,0.0,0.0,0.0,0.0,0.0,0.0,0.0,0.0,0.0,0.0,0.0,0.0,0.0,0.0,0.0,0.0,0.0,0.0,0.0,0.0,0.0,0.0,0.0,0.0,0.0,0.0,0.0,0.0,0.0,0.0,0.0,0.0,0.0,0.0,0.0,0.0,0.0,0.0,0.0,0.0,0.0,0.0,0.0,0.0,0.0,0.0,0.0,0.0,0.0,0.0,0.0,0.0,0.0,0.0,0.0,0.0,0.0,0.0,0.0,0.0,0.0,0.0,0.0,0.0,0.0,0.0,0.0,0.0,0.0,0.0,0.0,0.0,0.0,0.0,0.0,0.0,0.0,0.0,0.0,0.0,0.0
URYVR,0.0,0.0,0.0,0.0,0.0,0.0,0.0,0.0,0.0,0.0,0.0,0.0,0.0,0.0,0.0,0.0,0.0,0.0,0.0,0.0,0.0,0.0,0.0,0.0,0.0,0.0,0.0,0.0,0.0,0.0,0.0,0.0,0.0,0.0,0.0,0.0,0.0,0.0,0.0,0.0,0.0,0.0,0.0,0.0,0.0,0.0,0.0,0.0,0.0,0.0,0.0,0.0,0.0,0.0,0.0,0.0,0.0,0.0,0.0,0.0,0.0,0.0,0.0,0.0,0.0,0.0,0.0,0.0,0.0,0.0,0.0,0.0,0.0,0.0,0.0,0.0,0.0,0.0,0.0,0.0,0.0,0.0,0.0,0.0,0.0,0.0,0.0,0.0,0.0,0.0,0.0,0.0,0.0,0.0,0.0,0.0,0.0,0.0,0.0,0.0,0.0,0.0,0.0,0.0,0.0,0.0,0.0,0.0,0.0,0.0,0.0,0.0,0.0,0.0,0.0,0.0,0.0,0.0,0.0,0.0,0.0,0.0,0.0,0.0,0.0,0.0,0.0,0.0,0.0,0.0,0.0,0.0,0.0,0.0,0.0,0.0,0.0,0.0,0.0,0.0,0.0,0.0,0.0,0.0,0.0,0.0,0.0,0.0,0.0,0.0,0.0,0.0,0.0,0.0,0.0,0.0,0.0,0.0,0.0,0.0,0.0,0.0,0.0,0.0,0.0,0.0,0.0,0.0,0.0,0.0,0.0,0.0,0.0,0.0,0.0,0.0,0.0,0.0,0.0,0.0,0.0,0.0,0.0,0.0,0.0,0.0,0.0,0.0,0.0,0.0,0.0,0.0,0.0,0.0,0.0,0.0,0.0,0.0,0.0,0.0,0.0,0.0,0.0,0.0,0.0,0.0,0.0,0.0,0.0,0.0,0.0,0.0,0.0,0.0,0.0,0.0,0.0,0.0,0.0,0.0,0.0,0.0,0.0,0.0,0.0,0.0,0.0,0.0,0.0,0.0,0.0,0.0,0.0,0.0
